,player_id,First Name,Last Name,Hand,Country,Height,Elo Rating,Clay Elo Rating,Hard Elo Rating,Grass Elo Rating,Carpet Elo Rating,n_games,last_game,rank
1,206173,Jannik,Sinner,R,ITA,191,2161.0,1490.0,1513.0,1491.0,1500.0,353,2024-11-24,1
2,104925,Novak,Djokovic,R,SRB,188,2083.0,1457.0,1622.0,1537.0,1499.0,1363,2024-10-02,2
3,103819,Roger,Federer,R,SUI,185,2023.0,1528.0,1520.0,1535.0,1525.0,1545,2021-06-28,3
4,104417,Robin,Soderling,R,SWE,193,2022.0,1530.0,1499.0,1552.0,1545.0,482,2011-07-11,4
5,207989,Carlos,Alcaraz,R,ESP,183,2016.0,1491.0,1554.0,1513.0,1500.0,265,2024-11-19,5
6,100644,Alexander,Zverev,R,GER,198,1959.0,1596.0,1564.0,1568.0,1500.0,663,2024-11-11,6
7,100437,Bjorn,Borg,R,SWE,180,1942.0,1507.0,1538.0,1522.0,1472.0,800,1993-11-08,7
8,105223,Juan Martin,del Potro,R,ARG,198,1938.0,1509.0,1511.0,1503.0,1524.0,621,2022-02-07,8
9,102158,Patrick,Rafter,R,AUS,185,1936.0,1507.0,1535.0,1504.0,1482.0,551,2001-11-30,9
10,126203,Taylor,Fritz,R,USA,196,1915.0,1483.0,1572.0,1470.0,1500.0,476,2024-11-21,10
11,106421,Daniil,Medvedev,R,RUS,198,1904.0,1497.0,1485.0,1514.0,1500.0,537,2024-11-11,11
12,106401,Nick,Kyrgios,R,AUS,193,1902.0,1474.0,1535.0,1518.0,1500.0,328,2023-06-12,12
13,100074,Arthur,Ashe,R,USA,185,1902.0,1499.0,1505.0,1530.0,1467.0,881,1979-07-23,13
14,104745,Rafael,Nadal,L,ESP,185,1895.0,1481.0,1499.0,1461.0,1448.0,1326,2024-11-19,14
15,101736,Andre,Agassi,R,USA,180,1874.0,1452.0,1498.0,1528.0,1485.0,1147,2006-08-28,15
16,100029,Rod,Laver,L,AUS,173,1871.0,1497.0,1486.0,1513.0,1540.0,524,1979-04-23,16
17,101948,Pete,Sampras,R,USA,185,1868.0,1499.0,1468.0,1485.0,1477.0,996,2002-08-26,17
18,105777,Grigor,Dimitrov,R,BUL,191,1867.0,1490.0,1567.0,1445.0,1512.0,756,2024-10-28,18
19,200282,Alex,De Minaur,R,AUS,183,1863.0,1474.0,1487.0,1524.0,1500.0,410,2024-11-23,19
20,101426,Kent,Carlsson,R,SWE,180,1862.0,1576.0,1537.0,1500.0,1500.0,218,1989-07-31,20
21,101222,Stefan,Edberg,R,SWE,188,1853.0,1552.0,1472.0,1514.0,1525.0,1077,1996-11-29,21
22,207733,Jack,Draper,L,GBR,193,1848.0,1536.0,1531.0,1534.0,1500.0,130,2024-10-28,22
23,104053,Andy,Roddick,R,USA,188,1846.0,1478.0,1526.0,1497.0,1522.0,827,2012-08-27,23
24,101414,Boris,Becker,R,GER,190,1841.0,1486.0,1537.0,1536.0,1521.0,941,1999-06-21,24
25,100428,Gene,Mayer,R,USA,183,1840.0,1469.0,1493.0,1472.0,1526.0,481,1986-09-08,25
26,208029,Holger,Rune,R,DEN,188,1838.0,1478.0,1552.0,1553.0,1500.0,228,2024-10-28,26
27,100309,Raul,Ramirez,R,MEX,183,1832.0,1523.0,1560.0,1464.0,1492.0,822,1983-06-20,27
28,100581,John,McEnroe,L,USA,180,1832.0,1481.0,1419.0,1550.0,1549.0,1087,1994-02-21,28
29,200624,Sebastian,Korda,R,USA,196,1826.0,1491.0,1506.0,1541.0,1500.0,206,2024-08-26,29
30,126205,Tommy,Paul,R,USA,185,1822.0,1587.0,1548.0,1524.0,1500.0,300,2024-10-28,30
31,126774,Stefanos,Tsitsipas,R,GRE,193,1821.0,1540.0,1504.0,1495.0,1500.0,512,2024-10-28,31
32,128034,Hubert,Hurkacz,R,POL,196,1820.0,1515.0,1516.0,1568.0,1500.0,350,2024-10-28,32
33,126610,Matteo,Berrettini,R,ITA,196,1818.0,1610.0,1553.0,1494.0,1500.0,289,2024-11-24,33
34,101529,Michael,Stich,R,GER,193,1812.0,1492.0,1484.0,1549.0,1538.0,564,1997-06-23,34
35,111575,Karen,Khachanov,R,RUS,198,1803.0,1509.0,1418.0,1475.0,1500.0,481,2024-10-28,35
36,200005,Ugo,Humbert,L,FRA,188,1792.0,1526.0,1586.0,1514.0,1500.0,271,2024-10-28,36
37,104339,Mario,Ancic,R,CRO,196,1791.0,1485.0,1472.0,1572.0,1509.0,344,2010-05-02,37
38,102765,Nicolas,Escude,R,FRA,185,1788.0,1532.0,1528.0,1535.0,1490.0,304,2004-07-26,38
39,100100,Tony,Roche,L,AUS,178,1786.0,1495.0,1510.0,1484.0,1500.0,355,1980-10-13,39
40,101309,Jay,Berger,R,USA,180,1783.0,1465.0,1536.0,1511.0,1470.0,223,1991-02-11,40
41,103900,David,Nalbandian,R,ARG,180,1780.0,1501.0,1540.0,1500.0,1511.0,579,2013-03-20,41
42,100092,Alex,Metreveli,R,RUS,0,1780.0,1563.0,1524.0,1546.0,1522.0,353,1979-09-14,42
43,103888,Mardy,Fish,R,USA,188,1776.0,1463.0,1487.0,1532.0,1526.0,526,2015-08-31,43
44,100383,Peter,Mcnamara,R,AUS,185,1774.0,1504.0,1500.0,1456.0,1523.0,345,1987-01-12,44
45,101036,Miloslav,Mecir,R,SVK,190,1774.0,1518.0,1527.0,1499.0,1528.0,384,1990-06-25,45
46,100272,Sandy,Mayer,R,USA,178,1773.0,1448.0,1471.0,1507.0,1555.0,578,1985-09-09,46
47,105683,Milos,Raonic,R,CAN,196,1767.0,1458.0,1518.0,1604.0,1500.0,584,2024-07-29,47
48,207518,Lorenzo,Musetti,R,ITA,185,1764.0,1500.0,1463.0,1484.0,1500.0,245,2024-11-21,48
49,210097,Ben,Shelton,L,USA,193,1762.0,1474.0,1509.0,1512.0,1500.0,123,2024-11-21,49
50,104607,Tomas,Berdych,R,CZE,196,1760.0,1549.0,1484.0,1499.0,1500.0,988,2019-08-26,50
51,101190,Darren,Cahill,R,AUS,185,1759.0,1565.0,1548.0,1480.0,1541.0,257,1994-06-20,51
52,101990,Richard,Krajicek,R,NED,196,1759.0,1558.0,1505.0,1480.0,1522.0,635,2003-06-16,52
53,100656,Ivan,Lendl,R,USA,188,1759.0,1437.0,1568.0,1499.0,1536.0,1317,1994-08-29,53
54,134770,Casper,Ruud,R,NOR,183,1758.0,1481.0,1522.0,1547.0,1500.0,397,2024-11-11,54
55,100087,John,Newcombe,R,AUS,183,1756.0,1550.0,1551.0,1539.0,1512.0,600,1981-04-20,55
56,104792,Gael,Monfils,R,FRA,193,1754.0,1495.0,1512.0,1507.0,1497.0,909,2024-10-21,56
57,105453,Kei,Nishikori,R,JPN,178,1753.0,1528.0,1592.0,1478.0,1512.0,671,2024-10-21,57
58,208103,Jiri,Lehecka,R,CZE,185,1753.0,1536.0,1536.0,1525.0,1500.0,144,2024-11-04,58
59,207830,Tomas,Machac,R,CZE,183,1749.0,1553.0,1485.0,1464.0,1500.0,90,2024-10-28,59
60,126094,Andrey,Rublev,R,RUS,188,1747.0,1525.0,1465.0,1508.0,1500.0,521,2024-11-11,60
61,105526,Jan Lennard,Struff,R,GER,193,1746.0,1512.0,1445.0,1530.0,1500.0,467,2024-11-22,61
62,200615,Alexei,Popyrin,R,AUS,196,1746.0,1515.0,1522.0,1513.0,1500.0,206,2024-10-28,62
63,126207,Frances,Tiafoe,R,USA,188,1744.0,1511.0,1444.0,1493.0,1500.0,400,2024-10-28,63
64,111442,Jordan,Thompson,R,AUS,183,1743.0,1550.0,1578.0,1483.0,1500.0,301,2024-10-28,64
65,200000,Felix,Auger Aliassime,R,CAN,193,1743.0,1532.0,1498.0,1467.0,1500.0,364,2024-10-21,65
66,100232,Eddie,Dibbs,R,USA,170,1743.0,1525.0,1569.0,1507.0,1539.0,873,1984-07-23,66
67,209950,Arthur,Fils,R,FRA,185,1742.0,1510.0,1479.0,1507.0,1500.0,109,2024-12-18,67
68,101793,Jim,Courier,R,USA,185,1737.0,1523.0,1533.0,1546.0,1555.0,745,2000-03-20,68
69,100016,Ken,Rosewall,R,AUS,175,1733.0,1513.0,1551.0,1521.0,1489.0,611,1980-10-20,69
70,105238,Alexandr,Dolgopolov,R,UKR,180,1732.0,1519.0,1512.0,1605.0,1500.0,423,2018-05-14,70
71,100005,Richard,Gonzalez,R,USA,188,1732.0,1496.0,1537.0,1481.0,1513.0,123,1973-09-17,71
72,100300,Jose,Higueras,R,ESP,178,1731.0,1506.0,1524.0,1500.0,1443.0,701,1986-02-24,72
73,100144,Bob,Lutz,R,USA,180,1730.0,1500.0,1510.0,1514.0,1582.0,666,1985-02-18,73
74,100376,Buster C,Mottram,R,GBR,193,1727.0,1500.0,1488.0,1459.0,1488.0,484,1983-09-30,74
75,100026,Andres,Gimeno,R,ESP,185,1725.0,1511.0,1530.0,1525.0,1501.0,244,1974-07-09,75
76,111202,Hyeon,Chung,R,KOR,188,1724.0,1477.0,1466.0,1479.0,1500.0,153,2019-10-21,76
77,134868,Tallon,Griekspoor,R,NED,188,1723.0,1523.0,1496.0,1508.0,1500.0,190,2024-11-24,77
78,100555,Jose Luis,Clerc,R,ARG,185,1722.0,1464.0,1512.0,1506.0,1463.0,538,1989-08-14,78
79,103507,Juan Carlos,Ferrero,R,ESP,183,1721.0,1479.0,1538.0,1547.0,1513.0,741,2012-10-21,79
80,133430,Denis,Shapovalov,L,CAN,185,1721.0,1545.0,1508.0,1538.0,1500.0,381,2024-11-20,80
81,102701,Marcelo,Rios,L,CHI,175,1720.0,1474.0,1467.0,1513.0,1454.0,588,2003-07-11,81
82,101084,Jakob,Hlasek,R,SUI,188,1720.0,1546.0,1542.0,1524.0,1506.0,773,1996-12-03,82
83,207925,Flavio,Cobolli,R,ITA,183,1720.0,1501.0,1535.0,1546.0,1500.0,79,2024-10-21,83
84,103602,Fernando,Gonzalez,R,CHI,183,1717.0,1533.0,1489.0,1514.0,1467.0,577,2012-03-21,84
85,103285,Radek,Stepanek,R,CZE,185,1716.0,1559.0,1522.0,1487.0,1490.0,690,2017-01-16,85
86,100196,Haroon,Rahim,R,PAK,0,1714.0,1446.0,1492.0,1530.0,1547.0,315,1977-03-14,86
87,202103,Francisco,Cerundolo,R,ARG,185,1711.0,1494.0,1543.0,1484.0,1500.0,190,2024-11-21,87
88,100022,Roy,Emerson,R,AUS,183,1711.0,1451.0,1483.0,1476.0,1447.0,286,1983-07-04,88
89,103344,Ivan,Ljubicic,R,CRO,193,1710.0,1440.0,1495.0,1499.0,1489.0,728,2012-04-15,89
90,202385,Jenson,Brooksby,R,USA,188,1706.0,1456.0,1526.0,1521.0,1500.0,79,2023-01-16,90
91,105138,Roberto,Bautista Agut,R,ESP,183,1702.0,1429.0,1533.0,1472.0,1500.0,693,2024-11-04,91
92,100261,Brian,Gottfried,R,USA,183,1702.0,1549.0,1511.0,1507.0,1564.0,1034,1984-08-28,92
93,103498,Marat,Safin,R,RUS,193,1701.0,1557.0,1512.0,1515.0,1482.0,693,2009-11-08,93
94,103970,David,Ferrer,R,ESP,175,1701.0,1484.0,1485.0,1515.0,1506.0,1119,2019-05-06,94
95,105807,Pablo,Carreno Busta,R,ESP,188,1700.0,1477.0,1499.0,1500.0,1500.0,499,2024-10-02,95
96,100055,Cliff,Drysdale,R,RSA,188,1699.0,1475.0,1476.0,1479.0,1502.0,515,1980-06-23,96
97,101320,Magnus,Gustafsson,R,SWE,185,1695.0,1554.0,1479.0,1548.0,1516.0,676,2001-10-22,97
98,102338,Yevgeny,Kafelnikov,R,RUS,190,1695.0,1519.0,1561.0,1485.0,1511.0,920,2003-10-20,98
99,103017,Nicolas,Kiefer,R,GER,183,1695.0,1475.0,1559.0,1511.0,1506.0,645,2010-06-21,99
100,101434,Petr,Korda,L,CZE,190,1693.0,1510.0,1527.0,1492.0,1493.0,664,1999-06-07,100
101,100332,Balazs,Taroczy,R,HUN,183,1692.0,1545.0,1504.0,1455.0,1429.0,670,1986-08-04,101
102,100105,Allan,Stone,R,AUS,0,1690.0,1485.0,1496.0,1438.0,1516.0,375,1979-10-15,102
103,206909,Brandon,Nakashima,R,USA,188,1688.0,1535.0,1515.0,1536.0,1500.0,176,2024-11-04,103
104,100689,Tim,Mayotte,R,USA,190,1688.0,1513.0,1488.0,1542.0,1480.0,545,1992-02-17,104
105,100586,Eliot,Teltscher,R,USA,178,1687.0,1511.0,1446.0,1482.0,1492.0,620,1990-08-13,105
106,104026,Joachim,Johansson,R,SWE,198,1687.0,1563.0,1525.0,1524.0,1513.0,133,2013-10-14,106
107,102882,Mark,Philippoussis,R,AUS,196,1686.0,1525.0,1522.0,1537.0,1490.0,522,2006-09-22,107
108,100060,Marty,Riessen,R,USA,185,1685.0,1529.0,1501.0,1479.0,1489.0,639,1981-02-23,108
109,106423,Thanasi,Kokkinakis,R,AUS,193,1685.0,1556.0,1454.0,1498.0,1500.0,173,2024-11-23,109
110,101195,Amos,Mansdorf,R,ISR,175,1684.0,1496.0,1490.0,1476.0,1559.0,542,1994-11-07,110
111,104338,Juan,Monaco,R,ARG,185,1684.0,1483.0,1540.0,1524.0,1508.0,617,2017-04-10,111
112,102450,Tim,Henman,R,GBR,185,1683.0,1465.0,1462.0,1529.0,1475.0,775,2007-09-21,112
113,105676,David,Goffin,R,BEL,180,1683.0,1512.0,1535.0,1470.0,1500.0,603,2024-10-21,113
114,102419,Christophe,Van Garsse,R,BEL,185,1682.0,1485.0,1503.0,1512.0,1542.0,37,1999-09-24,114
115,105668,Jerzy,Janowicz,R,POL,203,1681.0,1497.0,1501.0,1517.0,1512.0,198,2020-03-06,115
116,111107,Teimuraz,Kakulia,R,URS,170,1680.0,1512.0,1502.0,1573.0,1575.0,98,1978-09-15,116
117,105227,Marin,Cilic,R,CRO,198,1679.0,1484.0,1501.0,1524.0,1504.0,933,2024-11-04,117
118,101727,Jason,Stoltenberg,R,AUS,185,1678.0,1482.0,1570.0,1539.0,1566.0,572,2001-06-25,118
119,208286,Matteo,Arnaldi,R,ITA,185,1677.0,1616.0,1516.0,1500.0,1500.0,92,2024-10-28,119
120,100343,John,Lloyd,R,GBR,178,1677.0,1602.0,1444.0,1487.0,1487.0,489,1986-06-23,120
121,104597,Nicolas,Almagro,R,ESP,183,1676.0,1487.0,1546.0,1549.0,1486.0,679,2018-07-23,121
122,100342,Vitas,Gerulaitis,R,USA,183,1676.0,1511.0,1499.0,1557.0,1495.0,776,1986-03-17,122
123,106218,Marcos,Giron,R,USA,180,1675.0,1504.0,1544.0,1522.0,1500.0,223,2024-10-28,123
124,111815,Cameron,Norrie,L,GBR,188,1674.0,1492.0,1572.0,1513.0,1500.0,365,2024-11-04,124
125,210506,Alex,Michelsen,R,USA,193,1674.0,1511.0,1534.0,1526.0,1500.0,79,2024-12-18,125
126,100128,Cliff,Richey,R,USA,175,1673.0,1521.0,1473.0,1516.0,1500.0,571,1979-01-15,126
127,109812,Jan,Leschly,L,DEN,0,1673.0,1514.0,1507.0,1525.0,1500.0,63,1972-04-08,127
128,103898,Julien,Benneteau,R,FRA,185,1673.0,1510.0,1524.0,1522.0,1535.0,570,2018-08-27,128
129,100284,Jimmy,Connors,L,USA,178,1671.0,1481.0,1436.0,1484.0,1465.0,1580,1996-04-29,129
130,100676,Yannick,Noah,R,FRA,193,1670.0,1514.0,1511.0,1497.0,1510.0,696,1996-02-12,130
131,102562,Jiri,Novak,R,CZE,190,1669.0,1497.0,1466.0,1527.0,1513.0,604,2006-10-23,131
132,200325,Emil,Ruusuvuori,R,FIN,188,1668.0,1476.0,1513.0,1537.0,1499.0,214,2024-07-29,132
133,104871,Jeremy,Chardy,R,FRA,188,1668.0,1516.0,1576.0,1502.0,1500.0,607,2023-07-03,133
134,101318,Javier,Frana,L,ARG,185,1666.0,1544.0,1458.0,1498.0,1479.0,324,1997-06-23,134
135,144684,Alex,Molcan,L,SVK,178,1666.0,1531.0,1523.0,1488.0,1500.0,95,2024-02-26,135
136,210150,Jakub,Mensik,R,CZE,193,1666.0,1481.0,1469.0,1472.0,1500.0,49,2024-12-18,136
137,100030,Fred,Stolle,R,AUS,190,1666.0,1514.0,1524.0,1450.0,1552.0,204,1982-11-01,137
138,101062,Mats,Wilander,R,SWE,183,1666.0,1496.0,1497.0,1508.0,1467.0,793,1996-10-07,138
139,101723,Magnus,Larsson,R,SWE,193,1665.0,1504.0,1570.0,1492.0,1535.0,542,2003-02-24,139
140,100297,Corrado,Barazzutti,R,ITA,178,1665.0,1477.0,1513.0,1504.0,1531.0,567,1984-07-16,140
141,102025,Mikael,Tillstrom,R,SWE,185,1663.0,1532.0,1504.0,1485.0,1466.0,226,2000-10-16,141
142,101774,Todd,Martin,R,USA,198,1663.0,1393.0,1567.0,1513.0,1502.0,649,2004-08-30,142
143,100255,Roscoe,Tanner,L,USA,183,1663.0,1520.0,1491.0,1480.0,1509.0,904,1985-01-28,143
144,100653,Andres,Gomez,L,ECU,193,1662.0,1525.0,1489.0,1502.0,1524.0,805,1995-03-31,144
145,104731,Kevin,Anderson,R,RSA,203,1660.0,1496.0,1490.0,1488.0,1500.0,614,2023-07-31,145
146,101613,Malivai,Washington,R,USA,180,1659.0,1490.0,1514.0,1456.0,1486.0,440,1999-08-09,146
147,100315,Hank,Pfister,R,USA,193,1658.0,1502.0,1488.0,1498.0,1481.0,473,1988-01-11,147
148,101404,Thomas,Muster,L,AUT,180,1658.0,1497.0,1488.0,1543.0,1448.0,905,2011-10-24,148
149,102344,Karol,Kucera,R,SVK,188,1657.0,1528.0,1500.0,1496.0,1521.0,538,2005-12-02,149
150,100174,Manuel,Orantes,L,ESP,178,1657.0,1506.0,1479.0,1517.0,1472.0,963,1984-07-23,150
151,103566,Michael,Llodra,L,FRA,190,1655.0,1549.0,1500.0,1492.0,1476.0,410,2014-08-25,151
152,102863,Takao,Suzuki,R,JPN,175,1654.0,1488.0,1529.0,1509.0,1514.0,96,2009-10-05,152
153,144869,Tomas Martin,Etcheverry,R,ARG,196,1654.0,1525.0,1564.0,1531.0,1500.0,137,2024-11-04,153
154,106415,Yoshihito,Nishioka,L,JPN,170,1653.0,1500.0,1460.0,1471.0,1500.0,285,2024-10-02,154
155,103781,Jurgen,Melzer,L,AUT,183,1652.0,1486.0,1470.0,1503.0,1522.0,689,2018-10-22,155
156,103917,Nicolas,Mahut,R,FRA,191,1651.0,1531.0,1511.0,1516.0,1517.0,407,2021-02-02,156
157,101962,Younes,El Aynaoui,R,MAR,193,1651.0,1601.0,1507.0,1465.0,1501.0,502,2010-01-04,157
158,102257,Greg,Rusedski,L,GBR,193,1651.0,1530.0,1525.0,1530.0,1492.0,728,2006-09-22,158
159,100325,Ulrich,Pinner,R,GER,178,1650.0,1519.0,1538.0,1507.0,1467.0,281,1983-07-18,159
160,101991,Mauricio,Hadad,R,COL,170,1650.0,1509.0,1466.0,1503.0,1479.0,120,2001-04-06,160
161,100579,Heinz,Gunthardt,R,SUI,180,1650.0,1465.0,1508.0,1480.0,1543.0,455,1987-10-05,161
162,124187,Reilly,Opelka,R,USA,211,1650.0,1492.0,1487.0,1524.0,1500.0,188,2024-10-02,162
163,208659,Giovanni,Mpetshi Perricard,R,FRA,203,1649.0,1497.0,1504.0,1498.0,1500.0,34,2024-10-28,163
164,103264,Mariano,Puerta,L,ARG,180,1649.0,1525.0,1501.0,1469.0,1496.0,247,2005-11-14,164
165,102563,Thomas,Johansson,R,SWE,180,1649.0,1552.0,1535.0,1524.0,1492.0,658,2009-03-06,165
166,100380,Butch,Walts,R,USA,193,1649.0,1506.0,1543.0,1487.0,1487.0,275,1984-07-16,166
167,126128,Roman,Safiullin,R,RUS,185,1649.0,1505.0,1534.0,1461.0,1500.0,107,2024-11-04,167
168,100253,Tom,Gullikson,L,USA,180,1648.0,1485.0,1505.0,1536.0,1480.0,440,1987-02-23,168
169,126214,Alejandro,Tabilo,L,CHI,188,1648.0,1484.0,1505.0,1540.0,1500.0,113,2024-10-28,169
170,200221,Alejandro,Davidovich Fokina,R,ESP,183,1648.0,1621.0,1474.0,1520.0,1500.0,233,2024-10-21,170
171,105870,Yannick,Hanfmann,R,GER,193,1647.0,1505.0,1546.0,1528.0,1500.0,153,2024-09-18,171
172,102446,Andrei,Medvedev,R,UKR,193,1645.0,1498.0,1503.0,1480.0,1499.0,537,2001-10-22,172
173,102854,Sjeng,Schalken,R,NED,193,1645.0,1515.0,1519.0,1493.0,1555.0,563,2005-07-18,173
174,103720,Lleyton,Hewitt,R,AUS,180,1645.0,1529.0,1467.0,1546.0,1520.0,883,2016-01-18,174
175,101965,Wayne,Ferreira,R,RSA,185,1644.0,1504.0,1478.0,1539.0,1468.0,843,2005-03-04,175
176,144707,Mikael,Ymer,R,SWE,183,1643.0,1464.0,1493.0,1521.0,1500.0,152,2023-07-03,176
177,102233,Leander,Paes,R,IND,178,1643.0,1523.0,1512.0,1488.0,1524.0,198,2008-04-11,177
178,101649,Guillermo,Perez Roldan,R,ARG,178,1642.0,1477.0,1482.0,1500.0,1523.0,378,1996-09-30,178
179,101611,Cedric,Pioline,R,FRA,188,1642.0,1509.0,1539.0,1487.0,1441.0,708,2002-10-21,179
180,105656,Marcelo,Arevalo,R,ESA,193,1642.0,1488.0,1514.0,1500.0,1500.0,51,2024-09-14,180
181,101191,Richey,Reneberg,R,USA,180,1641.0,1571.0,1581.0,1492.0,1487.0,572,2000-02-14,181
182,102148,Fabrice,Santoro,R,FRA,178,1641.0,1499.0,1515.0,1604.0,1538.0,914,2010-01-18,182
183,102271,Hicham,Arazi,L,MAR,175,1640.0,1464.0,1512.0,1512.0,1489.0,447,2005-04-04,183
184,101932,Jared,Palmer,R,USA,190,1640.0,1510.0,1456.0,1483.0,1540.0,150,2000-11-06,184
185,105916,Marton,Fucsovics,R,HUN,188,1640.0,1460.0,1469.0,1486.0,1529.0,326,2024-11-04,185
186,100502,Vincent,Van Patten,R,USA,180,1639.0,1465.0,1477.0,1523.0,1480.0,226,1987-07-27,186
187,102644,Franco,Squillari,L,ARG,183,1639.0,1558.0,1485.0,1492.0,1523.0,321,2004-09-13,187
188,101901,Chuck,Adams,R,USA,185,1639.0,1471.0,1527.0,1505.0,1578.0,176,1996-08-26,188
189,100360,Brian,Teacher,R,USA,190,1638.0,1552.0,1530.0,1551.0,1562.0,576,1986-10-13,189
190,104076,Jose,Acasuso,R,ARG,190,1638.0,1566.0,1498.0,1489.0,1533.0,376,2011-02-14,190
191,200175,Miomir,Kecmanovic,R,SRB,183,1637.0,1544.0,1565.0,1513.0,1500.0,293,2024-11-04,191
192,102029,Filip,Dewulf,R,BEL,190,1637.0,1471.0,1488.0,1492.0,1564.0,222,2001-02-09,192
193,102286,Wayne,Black,R,ZIM,170,1637.0,1465.0,1512.0,1559.0,1566.0,185,2005-09-23,193
194,100893,Joakim,Nystrom,R,SWE,188,1637.0,1472.0,1507.0,1474.0,1519.0,409,1989-09-25,194
195,106426,Cristian,Garin,R,CHI,185,1636.0,1602.0,1508.0,1538.0,1500.0,251,2024-09-15,195
196,105577,Vasek,Pospisil,R,CAN,193,1636.0,1527.0,1469.0,1483.0,1488.0,313,2024-08-05,196
197,101897,Fernando,Meligeni,L,BRA,180,1635.0,1499.0,1502.0,1480.0,1524.0,420,2003-04-21,197
198,100797,Ben,Testerman,L,USA,185,1635.0,1504.0,1481.0,1502.0,1478.0,189,1987-11-10,198
199,100115,Jaime,Fillol,R,CHI,180,1635.0,1495.0,1511.0,1452.0,1524.0,825,1983-11-21,199
200,122298,Botic,Van De Zandschulp,R,NED,191,1634.0,1476.0,1471.0,1543.0,1500.0,186,2024-11-24,200
201,108532,Worapol,Thongkamcho,R,THA,0,1634.0,1490.0,1512.0,1500.0,1500.0,45,1997-02-14,201
202,100203,Phil,Dent,R,AUS,183,1633.0,1507.0,1488.0,1528.0,1535.0,694,1983-11-29,202
203,100752,Ramesh,Krishnan,R,IND,170,1633.0,1430.0,1548.0,1522.0,1493.0,614,1993-09-24,203
204,102521,Hendrik,Dreekmann,R,GER,188,1633.0,1494.0,1552.0,1502.0,1530.0,217,2003-06-09,204
205,103758,Taylor,Dent,R,USA,188,1632.0,1512.0,1535.0,1478.0,1509.0,293,2010-10-25,205
206,126846,Aleksandar,Vukic,R,AUS,188,1632.0,1480.0,1607.0,1496.0,1500.0,94,2024-10-14,206
207,101324,Ulf,Stenlund,R,SWE,180,1632.0,1540.0,1555.0,1497.0,1471.0,96,1993-04-19,207
208,102259,Jerome,Golmard,L,FRA,188,1632.0,1498.0,1567.0,1478.0,1615.0,289,2004-09-13,208
209,100214,Adriano,Panatta,R,ITA,183,1631.0,1517.0,1467.0,1573.0,1510.0,656,1983-07-18,209
210,106148,Roberto,Carballes Baena,R,ESP,183,1630.0,1483.0,1515.0,1499.0,1500.0,265,2024-11-04,210
211,136440,Dominik,Koepfer,L,GER,180,1630.0,1534.0,1521.0,1490.0,1500.0,133,2024-10-14,211
212,100273,Kim,Warwick,R,AUS,183,1630.0,1515.0,1507.0,1467.0,1520.0,566,1988-04-11,212
213,100655,Fritz,Buehning,R,USA,196,1630.0,1458.0,1570.0,1512.0,1497.0,234,1984-09-10,213
214,101061,Jimmy,Arias,R,USA,175,1630.0,1523.0,1513.0,1488.0,1455.0,511,1998-07-20,214
215,100084,Tom,Okker,R,NED,178,1630.0,1428.0,1491.0,1481.0,1520.0,737,1981-11-02,215
216,102110,Daniel,Nestor,L,CAN,190,1630.0,1508.0,1534.0,1528.0,1537.0,205,2006-08-07,216
217,209098,Hamad,Medjedovic,R,SRB,188,1630.0,1545.0,1528.0,1502.0,1500.0,39,2024-11-04,217
218,102887,Ramon,Delgado,R,PAR,185,1630.0,1513.0,1452.0,1557.0,1528.0,219,2010-06-21,218
219,100529,Kevin,Curren,R,USA,185,1630.0,1558.0,1455.0,1492.0,1486.0,580,1993-03-29,219
220,104571,Marcos,Baghdatis,R,CYP,183,1629.0,1540.0,1542.0,1498.0,1524.0,624,2019-07-01,220
221,101601,Brett,Steven,R,NZL,185,1628.0,1539.0,1553.0,1491.0,1467.0,343,1999-09-24,221
222,103786,Nikolay,Davydenko,R,RUS,178,1628.0,1436.0,1516.0,1522.0,1490.0,822,2014-05-26,222
223,100137,Hans Jurgen,Pohmann,R,GER,178,1628.0,1521.0,1498.0,1501.0,1552.0,235,1979-06-18,223
224,101725,Gabriel,Markus,R,ARG,180,1628.0,1482.0,1433.0,1490.0,1534.0,131,1996-11-04,224
225,101138,Pat,Cash,R,AUS,183,1628.0,1546.0,1536.0,1551.0,1491.0,387,1997-10-20,225
226,101178,Pieter,Aldrich,R,RSA,180,1628.0,1456.0,1501.0,1565.0,1462.0,76,1990-10-08,226
227,126239,Arthur,Rinderknech,R,FRA,196,1627.0,1512.0,1579.0,1522.0,1500.0,157,2024-10-28,227
228,104545,John,Isner,R,USA,208,1627.0,1515.0,1557.0,1506.0,1500.0,809,2023-08-28,228
229,105723,Andrey,Kuznetsov,R,RUS,183,1627.0,1457.0,1501.0,1523.0,1500.0,180,2023-08-21,229
230,105575,Ricardas,Berankis,R,LTU,175,1627.0,1511.0,1489.0,1457.0,1489.0,288,2024-02-03,230
231,101334,Alexander,Volkov,L,RUS,188,1626.0,1499.0,1533.0,1508.0,1548.0,560,1997-11-03,231
233,111797,Nicolas,Jarry,R,CHI,201,1626.0,1470.0,1479.0,1502.0,1500.0,228,2024-10-28,233
234,101117,Eric,Jelen,R,GER,180,1626.0,1525.0,1451.0,1443.0,1468.0,272,1991-11-04,234
235,103387,Paradorn,Srichaphan,R,THA,185,1625.0,1433.0,1568.0,1453.0,1478.0,445,2007-03-19,235
236,100126,Stan,Smith,R,USA,193,1625.0,1496.0,1553.0,1488.0,1500.0,968,1985-02-18,236
237,101298,Jonas,Svensson,R,SWE,188,1624.0,1594.0,1550.0,1465.0,1520.0,465,1995-05-01,237
238,100356,Paul,Mcnamee,R,AUS,178,1624.0,1526.0,1540.0,1501.0,1482.0,478,1988-01-11,238
239,100249,Paolo,Bertolucci,R,ITA,175,1623.0,1472.0,1524.0,1513.0,1513.0,354,1983-06-06,239
240,102845,Carlos,Moya,R,ESP,190,1623.0,1457.0,1580.0,1515.0,1526.0,900,2010-05-09,240
241,111190,Zhizhen,Zhang,R,CHN,193,1623.0,1484.0,1494.0,1512.0,1500.0,114,2024-10-28,241
242,132686,Nuno,Borges,R,POR,185,1623.0,1521.0,1535.0,1471.0,1500.0,89,2024-11-04,242
243,101196,Derrick,Rostagno,R,USA,185,1623.0,1475.0,1476.0,1455.0,1564.0,376,1996-07-08,243
244,102610,Albert,Costa,R,ESP,180,1623.0,1501.0,1513.0,1452.0,1436.0,662,2006-04-24,244
246,104180,Gilles,Muller,L,LUX,193,1623.0,1521.0,1503.0,1513.0,1502.0,445,2018-08-27,246
247,102456,Felix,Mantilla,R,ESP,180,1622.0,1500.0,1591.0,1474.0,1492.0,533,2007-07-23,247
248,104542,Jo-Wilfried,Tsonga,R,FRA,188,1622.0,1535.0,1481.0,1504.0,1548.0,714,2022-05-23,248
249,104620,Simone,Bolelli,R,ITA,183,1622.0,1490.0,1487.0,1541.0,1520.0,291,2019-05-27,249
250,100525,Gilles,Moretton,R,FRA,190,1622.0,1482.0,1486.0,1487.0,1570.0,152,1983-10-10,250
251,132283,Lorenzo,Sonego,R,ITA,191,1621.0,1538.0,1553.0,1461.0,1500.0,298,2024-11-04,251
252,100228,Kjell,Johansson,R,SWE,0,1621.0,1488.0,1486.0,1447.0,1509.0,272,1982-02-22,252
253,202104,Sebastian,Baez,R,ARG,170,1620.0,1553.0,1518.0,1512.0,1500.0,179,2024-11-21,253
254,103401,Jan,Hernych,R,CZE,190,1620.0,1484.0,1546.0,1447.0,1493.0,197,2016-06-20,254
255,105583,Dusan,Lajovic,R,SRB,183,1619.0,1555.0,1538.0,1464.0,1500.0,463,2024-11-04,255
256,100532,Johan,Kriek,R,USA,175,1619.0,1488.0,1500.0,1518.0,1545.0,603,1992-02-10,256
257,103813,Jarkko,Nieminen,L,FIN,185,1619.0,1550.0,1511.0,1527.0,1514.0,761,2016-07-15,257
258,103484,James,Blake,R,USA,185,1619.0,1486.0,1463.0,1493.0,1530.0,626,2013-08-26,258
259,101776,Sandon,Stolle,R,AUS,193,1619.0,1492.0,1575.0,1484.0,1488.0,221,1999-06-21,259
260,101885,Wayne,Arthurs,L,AUS,190,1619.0,1484.0,1554.0,1525.0,1480.0,294,2007-06-25,260
261,122330,Alexander,Bublik,R,KAZ,196,1618.0,1490.0,1541.0,1549.0,1500.0,302,2024-10-28,261
262,101098,Guy,Forget,L,FRA,190,1618.0,1544.0,1552.0,1477.0,1542.0,672,1997-03-17,262
264,101030,Goran,Prpic,R,CRO,180,1618.0,1506.0,1427.0,1514.0,1513.0,247,1996-08-12,264
265,111581,Michael,Mmoh,R,USA,188,1618.0,1487.0,1420.0,1479.0,1500.0,70,2024-04-01,265
266,100920,Robert,Seguso,R,USA,190,1617.0,1550.0,1547.0,1512.0,1522.0,179,1991-07-15,266
267,101264,Michael,Tauson,R,DEN,193,1617.0,1500.0,1479.0,1461.0,1559.0,54,1991-09-20,267
268,206681,Fabian,Marozsan,R,HUN,193,1617.0,1474.0,1569.0,1501.0,1500.0,72,2024-11-04,268
269,104547,Horacio,Zeballos,L,ARG,188,1617.0,1512.0,1526.0,1470.0,1500.0,224,2018-09-14,269
270,127339,Borna,Gojo,R,CRO,196,1616.0,1525.0,1515.0,1501.0,1500.0,42,2024-09-13,270
271,101377,Christian,Bergstrom,R,SWE,180,1616.0,1549.0,1578.0,1516.0,1507.0,326,1996-07-08,271
272,104918,Andy,Murray,R,GBR,191,1615.0,1491.0,1548.0,1543.0,1522.0,1017,2024-06-17,272
273,100252,Tim,Gullikson,R,USA,180,1615.0,1504.0,1502.0,1518.0,1501.0,500,1986-08-26,273
274,100474,Chris,Lewis,R,NZL,180,1615.0,1472.0,1507.0,1567.0,1466.0,421,1985-11-25,274
275,105985,Darian,King,R,BAR,188,1615.0,1480.0,1512.0,1500.0,1500.0,52,2024-09-14,275
276,100635,Mark,Dickson,R,USA,190,1615.0,1553.0,1550.0,1498.0,1510.0,246,1988-08-08,276
277,104468,Gilles,Simon,R,FRA,183,1614.0,1463.0,1520.0,1511.0,1488.0,904,2022-10-31,277
278,100955,Yahiya,Doumbia,R,SEN,185,1614.0,1501.0,1524.0,1484.0,1522.0,81,1998-07-17,278
279,101235,Paul,Haarhuis,R,NED,188,1614.0,1570.0,1524.0,1524.0,1505.0,526,2000-07-14,279
280,101964,Goran,Ivanisevic,L,CRO,193,1614.0,1512.0,1536.0,1513.0,1531.0,937,2004-06-21,280
281,100759,Danie,Visser,L,RSA,180,1614.0,1494.0,1515.0,1533.0,1499.0,221,1991-10-07,281
282,100354,Bernie,Mitton,R,RSA,188,1612.0,1478.0,1511.0,1487.0,1514.0,435,1984-06-25,282
283,100607,Eduardo,Bengoechea,R,ARG,185,1612.0,1522.0,1524.0,1549.0,1560.0,220,1991-04-29,283
284,103163,Tommy,Haas,R,GER,188,1611.0,1467.0,1483.0,1472.0,1535.0,919,2017-07-31,284
285,104523,Frederico,Gil,R,POR,173,1611.0,1512.0,1454.0,1504.0,1509.0,143,2013-04-05,285
286,100957,Greg,Holmes,R,USA,178,1611.0,1488.0,1503.0,1497.0,1406.0,174,1989-06-26,286
287,100199,Patrice,Dominguez,L,FRA,173,1611.0,1511.0,1513.0,1462.0,1486.0,346,1981-05-25,287
288,100954,Luiz,Mattar,R,BRA,183,1610.0,1487.0,1525.0,1536.0,1448.0,370,1995-03-31,288
289,104527,Stan,Wawrinka,R,SUI,183,1610.0,1552.0,1536.0,1569.0,1534.0,948,2024-11-04,289
290,100073,Mark,Cox,L,GBR,185,1610.0,1498.0,1527.0,1535.0,1498.0,560,1981-10-26,290
291,102369,Julien,Boutter,R,FRA,190,1610.0,1498.0,1502.0,1489.0,1485.0,146,2004-06-21,291
292,101510,Henrik,Holm,R,SWE,183,1610.0,1477.0,1592.0,1488.0,1481.0,207,1997-11-03,292
293,102959,Marko,Tkalec,R,SLO,178,1610.0,1540.0,1497.0,1512.0,1476.0,35,2008-07-18,293
294,125802,Ilya,Ivashka,R,BLR,193,1610.0,1514.0,1504.0,1501.0,1500.0,178,2023-08-28,294
295,100017,Mal,Anderson,R,AUS,0,1609.0,1447.0,1431.0,1551.0,1500.0,102,1981-10-05,295
296,103325,Wesley,Moodie,R,RSA,196,1608.0,1466.0,1533.0,1562.0,1522.0,128,2007-10-01,296
297,209992,Juncheng,Shang,L,CHN,180,1608.0,1551.0,1551.0,1598.0,1500.0,62,2024-12-18,297
298,103600,Mohammad,Ghareeb,R,KUW,0,1608.0,1435.0,1508.0,1500.0,1500.0,43,2017-02-03,298
299,101073,Martin,Jaite,R,ARG,178,1607.0,1459.0,1587.0,1543.0,1542.0,480,1993-08-09,299
300,101717,Diego,Nargiso,L,ITA,188,1607.0,1475.0,1569.0,1519.0,1530.0,255,2000-11-20,300
301,103598,Xavier,Malisse,R,BEL,185,1607.0,1467.0,1471.0,1491.0,1513.0,568,2013-08-26,301
302,104332,Philipp,Petzschner,R,GER,185,1607.0,1528.0,1543.0,1506.0,1500.0,196,2014-09-22,302
303,103581,Flavio,Saretta,R,BRA,183,1607.0,1472.0,1589.0,1540.0,1519.0,157,2009-02-09,303
304,111513,Laslo,Djere,R,SRB,188,1606.0,1530.0,1490.0,1584.0,1500.0,293,2024-11-04,304
305,100393,Marcos,Hocevar,R,BRA,185,1605.0,1516.0,1472.0,1476.0,1494.0,189,1985-08-02,305
306,100422,Bruce,Manson,L,USA,173,1605.0,1499.0,1482.0,1490.0,1494.0,300,1985-02-04,306
307,101409,Jaime,Yzaga,R,PER,170,1604.0,1433.0,1510.0,1482.0,1501.0,491,1997-02-07,307
308,106378,Kyle,Edmund,R,GBR,188,1604.0,1489.0,1460.0,1474.0,1500.0,247,2023-05-08,308
309,100795,Alvaro,Jordan,R,COL,185,1604.0,1487.0,1490.0,1500.0,1500.0,33,1992-03-27,309
310,100161,Jurgen,Fassbender,R,GER,0,1603.0,1498.0,1487.0,1478.0,1526.0,344,1980-05-05,310
311,100824,Peter,Bastiansen,R,DEN,193,1603.0,1525.0,1500.0,1474.0,1512.0,37,1987-09-14,311
312,100050,Martin,Mulligan,R,AUS,0,1602.0,1485.0,1514.0,1446.0,1499.0,111,1975-05-25,312
313,100229,Dick,Stockton,R,USA,188,1602.0,1531.0,1503.0,1506.0,1495.0,641,1984-08-28,313
314,100446,John,Sadri,R,USA,188,1602.0,1541.0,1547.0,1458.0,1491.0,403,1987-07-06,314
316,100485,Tsuyoshi,Fukui,R,JPN,170,1602.0,1631.0,1527.0,1500.0,1555.0,75,1989-04-17,316
317,102401,Scott,Draper,L,AUS,178,1602.0,1509.0,1476.0,1586.0,1463.0,237,2005-06-20,317
318,100037,Nikola,Pilic,L,CRO,191,1602.0,1536.0,1511.0,1513.0,1529.0,426,1978-07-17,318
319,111577,Jared,Donaldson,R,USA,188,1602.0,1581.0,1586.0,1500.0,1500.0,113,2019-03-04,319
320,100436,Nick,Saviano,L,USA,180,1602.0,1481.0,1533.0,1507.0,1535.0,357,1984-02-13,320
321,105732,Pierre Hugues,Herbert,R,FRA,188,1602.0,1553.0,1500.0,1497.0,1500.0,228,2024-11-04,321
322,106432,Borna,Coric,R,CRO,188,1602.0,1493.0,1490.0,1513.0,1500.0,419,2024-10-14,322
323,102162,Chris,Woodruff,R,USA,188,1601.0,1533.0,1465.0,1558.0,1549.0,216,2002-03-04,323
324,100127,Tom,Gorman,R,USA,180,1601.0,1591.0,1489.0,1431.0,1512.0,656,1980-10-13,324
325,102703,Hyung Taik,Lee,R,KOR,180,1601.0,1513.0,1518.0,1501.0,1501.0,327,2009-07-10,325
326,100769,Mario,Martinez,R,BOL,170,1601.0,1508.0,1488.0,1500.0,1466.0,169,1988-02-05,326
327,100339,Victor,Amaya,L,USA,201,1601.0,1490.0,1563.0,1502.0,1510.0,360,1983-10-31,327
328,111460,Quentin,Halys,R,FRA,191,1601.0,1526.0,1525.0,1545.0,1500.0,97,2024-11-04,328
329,100282,Guillermo,Vilas,L,ARG,180,1601.0,1462.0,1427.0,1450.0,1532.0,1235,1992-09-14,329
330,100477,Gianni,Ocleppo,R,ITA,183,1601.0,1543.0,1536.0,1533.0,1506.0,231,1987-04-20,330
331,100944,Mikael,Pernfors,R,SWE,173,1600.0,1460.0,1504.0,1524.0,1509.0,255,1996-04-15,331
332,100452,Bill,Scanlon,R,USA,185,1600.0,1501.0,1532.0,1539.0,1502.0,566,1989-08-14,332
333,208502,Dominic,Stricker,L,SUI,183,1600.0,1478.0,1563.0,1571.0,1500.0,49,2024-10-21,333
334,111456,Mackenzie,Mcdonald,R,USA,178,1600.0,1491.0,1548.0,1513.0,1500.0,230,2024-09-13,334
335,100186,Jeff,Borowiak,R,USA,193,1599.0,1515.0,1525.0,1513.0,1501.0,576,1984-07-23,335
336,106331,Christopher,Oconnell,R,AUS,183,1599.0,1475.0,1545.0,1498.0,1500.0,117,2024-11-04,336
337,100747,Glenn,Layendecker,L,USA,185,1599.0,1504.0,1513.0,1508.0,1463.0,181,1992-07-06,337
338,104259,Philipp,Kohlschreiber,R,GER,178,1598.0,1493.0,1462.0,1491.0,1484.0,882,2022-04-25,338
339,101647,Byron,Black,R,ZIM,175,1597.0,1484.0,1444.0,1485.0,1476.0,529,2002-09-20,339
340,104976,Ryan,Sweeting,R,USA,196,1597.0,1569.0,1472.0,1575.0,1500.0,92,2013-02-11,340
341,100574,Peter,Rennert,L,USA,185,1597.0,1529.0,1485.0,1489.0,1508.0,109,1984-09-17,341
342,103193,Peter,Wessels,R,NED,196,1596.0,1479.0,1488.0,1512.0,1511.0,105,2007-10-07,342
343,101358,Olivier,Delaitre,R,FRA,170,1596.0,1523.0,1493.0,1531.0,1532.0,309,1998-10-19,343
344,105992,Ryan,Harrison,R,USA,185,1596.0,1469.0,1493.0,1481.0,1500.0,279,2021-01-04,344
345,100809,Juan,Aguilera,R,ESP,183,1596.0,1446.0,1503.0,1465.0,1572.0,288,1991-08-05,345
347,207686,Alexander,Shevchenko,R,KAZ,185,1596.0,1478.0,1512.0,1489.0,1500.0,86,2024-11-04,347
348,100162,Brian,Fairlie,R,NZL,173,1596.0,1543.0,1483.0,1494.0,1559.0,436,1979-04-16,348
349,126127,Benjamin,Bonzi,R,FRA,183,1596.0,1551.0,1549.0,1513.0,1500.0,106,2024-11-04,349
350,100866,Shahar,Perkiss,R,ISR,193,1596.0,1577.0,1479.0,1467.0,1521.0,113,1992-10-12,350
351,100990,Milan,Srejber,R,CZE,203,1595.0,1508.0,1476.0,1524.0,1549.0,257,1991-04-29,351
352,105357,John,Millman,R,AUS,183,1595.0,1451.0,1538.0,1507.0,1500.0,270,2023-01-16,352
353,104898,Robin,Haase,R,NED,191,1595.0,1468.0,1531.0,1466.0,1501.0,505,2024-07-29,353
354,101120,Karel,Novacek,R,CZE,190,1595.0,1486.0,1502.0,1536.0,1502.0,546,1996-04-15,354
355,101373,Karsten,Braasch,L,GER,180,1595.0,1596.0,1424.0,1498.0,1512.0,164,2000-06-19,355
356,100091,Colin,Dibley,R,AUS,188,1595.0,1491.0,1568.0,1532.0,1473.0,660,1981-08-10,356
357,100780,Mike,De Palmer,L,USA,185,1595.0,1468.0,1440.0,1468.0,1483.0,161,1987-10-20,357
358,100163,Tom,Leonard,R,USA,175,1594.0,1512.0,1598.0,1533.0,1480.0,158,1982-04-12,358
359,104273,Edouard,Roger-Vasselin,R,FRA,185,1594.0,1539.0,1481.0,1514.0,1469.0,209,2016-06-27,359
360,101589,Arnaud,Boetsch,R,FRA,183,1594.0,1502.0,1548.0,1498.0,1480.0,437,1999-05-24,360
361,100125,John,Cooper,R,AUS,0,1593.0,1464.0,1540.0,1506.0,1489.0,151,1975-11-10,361
362,103656,Albert,Montanes,R,ESP,175,1593.0,1452.0,1479.0,1497.0,1554.0,544,2017-04-24,362
363,109771,Jairo,Velasco,R,ESP,173,1593.0,1531.0,1475.0,1483.0,1495.0,309,1983-10-03,363
364,100279,Mike,Cahill,R,USA,183,1593.0,1394.0,1513.0,1476.0,1482.0,256,1983-08-01,364
365,100395,Victor,Pecci,R,PAR,193,1592.0,1511.0,1519.0,1542.0,1550.0,624,1990-03-30,365
366,101733,Jan,Siemerink,L,NED,183,1592.0,1521.0,1523.0,1490.0,1513.0,547,2002-07-15,366
367,101124,Paolo,Cane,R,ITA,180,1592.0,1515.0,1488.0,1499.0,1514.0,268,1995-05-22,367
368,102035,Jonas,Bjorkman,R,SWE,183,1592.0,1482.0,1544.0,1500.0,1456.0,778,2008-10-06,368
369,106058,Jack,Sock,R,USA,191,1591.0,1501.0,1487.0,1469.0,1500.0,336,2023-04-03,369
370,101374,Leonardo,Lavalle,L,MEX,188,1591.0,1546.0,1457.0,1500.0,1484.0,200,1998-10-26,370
371,103990,Tommy,Robredo,R,ESP,180,1591.0,1463.0,1465.0,1489.0,1439.0,896,2022-04-18,371
372,103789,Irakli,Labadze,L,GEO,188,1591.0,1535.0,1490.0,1553.0,1458.0,135,2009-03-06,372
373,100829,Jan,Gunnarsson,R,SWE,185,1591.0,1487.0,1490.0,1514.0,1504.0,393,1993-07-05,373
374,101659,Jan,Apell,L,SWE,183,1591.0,1498.0,1483.0,1501.0,1441.0,112,1999-02-08,374
375,100855,Scott,Davis,R,USA,188,1591.0,1510.0,1456.0,1448.0,1550.0,404,1994-10-10,375
376,100263,John,Andrews,R,USA,0,1591.0,1498.0,1537.0,1524.0,1547.0,79,1977-09-14,376
377,100887,Eric,Korita,R,USA,196,1591.0,1520.0,1536.0,1530.0,1510.0,61,1987-03-30,377
378,100936,Henri,Leconte,L,FRA,185,1591.0,1499.0,1473.0,1487.0,1494.0,648,1996-06-10,378
379,100923,Wally,Masur,R,AUS,180,1591.0,1506.0,1555.0,1457.0,1504.0,615,1995-07-17,379
380,101234,Patrik,Kuhnen,R,GER,190,1590.0,1428.0,1529.0,1534.0,1492.0,281,1996-10-07,380
381,205734,Thiago,Seyboth Wild,R,BRA,185,1590.0,1461.0,1552.0,1585.0,1500.0,79,2024-10-21,381
383,105936,Filip,Krajinovic,R,SRB,185,1590.0,1562.0,1523.0,1522.0,1500.0,257,2023-05-29,383
384,101004,Jim,Pugh,R,USA,193,1590.0,1503.0,1481.0,1543.0,1472.0,180,1995-08-14,384
385,100515,Shlomo,Glickstein,R,ISR,188,1590.0,1579.0,1477.0,1544.0,1450.0,349,1987-10-12,385
386,100034,Christian,Kuhnke,L,GER,0,1589.0,1507.0,1429.0,1500.0,1479.0,80,1974-10-28,386
387,101889,Todd,Woodbridge,R,AUS,178,1589.0,1488.0,1415.0,1512.0,1512.0,482,2005-03-04,387
388,101013,Henrik,Sundstrom,R,SWE,188,1589.0,1495.0,1499.0,1488.0,1506.0,262,1989-04-24,388
389,100468,Dominique,Bedel,R,FRA,185,1589.0,1519.0,1542.0,1479.0,1497.0,148,1984-05-28,389
390,200059,Yibing,Wu,R,CHN,183,1589.0,1467.0,1528.0,1552.0,1500.0,48,2024-10-02,390
391,101609,David,Wheaton,R,USA,193,1588.0,1516.0,1515.0,1513.0,1497.0,423,2000-08-14,391
392,102358,Thomas,Enqvist,R,SWE,190,1588.0,1473.0,1500.0,1441.0,1478.0,750,2005-10-24,392
393,100453,Jose Luis,Damiani,R,URU,185,1588.0,1509.0,1497.0,1513.0,1481.0,136,1983-05-23,393
394,200267,Zizou,Bergs,R,BEL,185,1588.0,1540.0,1538.0,1466.0,1500.0,60,2024-11-04,394
395,106298,Lucas,Pouille,R,FRA,185,1587.0,1464.0,1525.0,1510.0,1500.0,277,2024-07-01,395
396,103084,Guillermo,Canas,R,ARG,185,1587.0,1571.0,1500.0,1501.0,1531.0,450,2009-07-13,396
397,100663,Marcel,Freeman,R,USA,173,1587.0,1519.0,1615.0,1489.0,1463.0,139,1988-09-19,397
398,102796,Magnus,Norman,R,SWE,188,1587.0,1482.0,1504.0,1523.0,1480.0,423,2003-09-22,398
399,126952,Soon Woo,Kwon,R,KOR,180,1587.0,1506.0,1524.0,1493.0,1500.0,136,2024-09-13,399
400,100205,Paul,Gerken,R,USA,185,1587.0,1459.0,1494.0,1474.0,1516.0,234,1977-09-14,400
401,208014,Rinky,Hijikata,R,AUS,178,1587.0,1446.0,1409.0,1475.0,1500.0,64,2024-10-02,401
402,104926,Fabio,Fognini,R,ITA,178,1586.0,1509.0,1467.0,1521.0,1492.0,819,2024-11-04,402
403,100570,Marty,Davis,R,USA,183,1586.0,1499.0,1547.0,1465.0,1512.0,324,1990-09-24,403
404,101703,Guillaume,Raoux,R,FRA,180,1586.0,1468.0,1571.0,1512.0,1467.0,404,2000-05-29,404
405,103812,Victor,Hanescu,R,ROU,198,1586.0,1492.0,1522.0,1531.0,1513.0,445,2015-03-12,405
406,106234,Aslan,Karatsev,R,RUS,185,1586.0,1529.0,1462.0,1455.0,1500.0,167,2024-10-14,406
407,102179,Antony,Dupuis,R,FRA,185,1586.0,1501.0,1497.0,1504.0,1501.0,214,2007-07-09,407
408,103428,Juan Ignacio,Chela,R,ARG,190,1586.0,1445.0,1538.0,1459.0,1489.0,605,2012-06-25,408
409,103151,Mariano,Zabaleta,R,ARG,183,1585.0,1475.0,1547.0,1492.0,1492.0,417,2008-01-28,409
410,100173,Andrew,Pattison,R,USA,188,1585.0,1504.0,1435.0,1509.0,1518.0,556,1983-02-28,410
411,100763,Brad,Gilbert,R,USA,185,1585.0,1511.0,1516.0,1530.0,1466.0,808,1995-03-13,411
412,144895,Corentin,Moutet,L,FRA,180,1585.0,1558.0,1537.0,1510.0,1500.0,156,2024-11-04,412
413,101888,Daniel,Vacek,R,CZE,190,1585.0,1488.0,1497.0,1480.0,1511.0,403,2002-01-14,413
414,101185,Mark,Woodforde,L,AUS,188,1584.0,1479.0,1449.0,1428.0,1476.0,631,2000-06-26,414
415,104327,Steve,Darcis,R,BEL,178,1584.0,1501.0,1498.0,1522.0,1464.0,256,2020-01-06,415
416,103909,Guillermo,Coria,R,ARG,175,1584.0,1496.0,1491.0,1491.0,1570.0,335,2008-07-14,416
417,100064,Juan,Gisbert,R,ESP,0,1584.0,1530.0,1490.0,1523.0,1480.0,351,1976-11-23,417
418,100142,Peter,Szoke,R,HUN,0,1583.0,1497.0,1500.0,1486.0,1493.0,149,1980-12-15,418
419,100599,Bernard,Boileau,R,BEL,185,1583.0,1486.0,1511.0,1496.0,1462.0,104,1985-06-14,419
420,102839,Nicolas,Lapentti,R,ECU,188,1583.0,1459.0,1462.0,1513.0,1534.0,622,2010-05-24,420
421,100033,Wilhelm,Bungert,R,GER,188,1583.0,1538.0,1502.0,1535.0,1550.0,52,1973-07-09,421
422,101507,Tomas,Carbonell,R,ESP,178,1583.0,1492.0,1481.0,1513.0,1501.0,417,1999-05-17,422
423,100517,Matt,Doyle,R,USA,193,1583.0,1589.0,1523.0,1501.0,1514.0,140,1988-07-22,423
424,100179,Karl,Meiler,R,GER,178,1583.0,1522.0,1459.0,1482.0,1617.0,454,1985-01-07,424
425,102202,Kenneth,Carlsen,L,DEN,190,1583.0,1500.0,1477.0,1507.0,1525.0,559,2007-10-07,425
426,107309,Jean Loup,Rouyer,R,FRA,0,1583.0,1502.0,1489.0,1502.0,1500.0,94,1974-06-03,426
427,100617,Bud,Schultz,R,USA,193,1582.0,1522.0,1522.0,1469.0,1527.0,101,1988-01-11,427
428,106175,Ricardo,Rodriguez,R,VEN,189,1582.0,1511.0,1500.0,1500.0,1500.0,32,2021-09-18,428
429,100411,Pavel,Slozil,R,CZE,173,1582.0,1456.0,1494.0,1529.0,1501.0,308,1986-10-13,429
430,100417,Hans,Gildemeister,R,CHI,183,1582.0,1519.0,1517.0,1556.0,1487.0,377,1987-07-13,430
431,100600,Pascal,Portes,R,FRA,175,1581.0,1502.0,1487.0,1545.0,1558.0,226,1985-06-10,431
432,100098,Ove,Bengtson,R,SWE,196,1581.0,1535.0,1485.0,1488.0,1528.0,266,1979-11-05,432
433,102107,Jan Frode,Andersen,L,NOR,190,1581.0,1535.0,1494.0,1500.0,1488.0,49,2006-07-21,433
434,106329,Thiago,Monteiro,L,BRA,183,1581.0,1512.0,1468.0,1477.0,1500.0,222,2024-11-04,434
435,100020,Alejandro,Olmedo,R,PER,178,1581.0,1496.0,1502.0,1505.0,1450.0,80,1977-09-19,435
436,102642,Cyril,Saulnier,R,FRA,190,1581.0,1464.0,1549.0,1521.0,1496.0,186,2007-02-12,436
437,111794,Kamil,Majchrzak,R,POL,180,1581.0,1533.0,1466.0,1553.0,1500.0,71,2024-09-13,437
438,100928,Barry,Moir,R,RSA,180,1581.0,1513.0,1449.0,1590.0,1506.0,95,1989-08-14,438
439,103171,Raemon,Sluiter,R,NED,185,1581.0,1544.0,1491.0,1471.0,1547.0,221,2009-06-14,439
440,100062,Francois,Jauffret,R,FRA,180,1580.0,1512.0,1478.0,1503.0,1518.0,322,1980-05-26,440
441,101378,Tore,Meinecke,R,GER,180,1580.0,1515.0,1457.0,1510.0,1500.0,91,1989-05-29,441
443,101332,Gilad,Bloom,L,ISR,173,1579.0,1506.0,1425.0,1466.0,1512.0,215,1995-10-09,443
444,100280,Wojtek,Fibak,R,POL,183,1579.0,1457.0,1523.0,1544.0,1510.0,859,1988-02-08,444
445,100028,Manuel,Santana,R,ESP,170,1579.0,1482.0,1494.0,1475.0,1501.0,96,1978-07-10,445
446,101797,Jacco,Eltingh,R,NED,188,1579.0,1529.0,1463.0,1526.0,1497.0,274,1997-06-16,446
447,105373,Martin,Klizan,L,SVK,191,1579.0,1505.0,1529.0,1444.0,1500.0,303,2020-11-09,447
448,100905,Sammy,Giammalva Jr,R,USA,178,1579.0,1493.0,1540.0,1469.0,1500.0,327,1989-08-14,448
449,106071,Bernard,Tomic,R,AUS,196,1579.0,1492.0,1522.0,1489.0,1500.0,371,2021-02-08,449
450,104534,Dudi,Sela,R,ISR,175,1579.0,1445.0,1547.0,1547.0,1426.0,336,2019-09-16,450
451,100870,Christo,Van Rensburg,R,RSA,185,1579.0,1538.0,1440.0,1505.0,1515.0,326,1995-04-03,451
452,103096,Arnaud,Clement,R,FRA,173,1578.0,1446.0,1529.0,1581.0,1547.0,646,2012-05-27,452
453,104897,Matthias,Bachinger,R,GER,188,1578.0,1503.0,1477.0,1482.0,1500.0,86,2021-01-05,453
454,102905,Stefan,Koubek,L,AUT,175,1578.0,1484.0,1451.0,1510.0,1451.0,469,2011-03-04,454
455,100946,Slobodan,Zivojinovic,R,YUG,198,1578.0,1479.0,1452.0,1515.0,1467.0,296,1992-02-17,455
456,101833,Michael,Tebbutt,L,AUS,190,1578.0,1549.0,1419.0,1512.0,1504.0,148,2001-09-17,456
457,105173,Adrian,Mannarino,L,FRA,180,1578.0,1466.0,1477.0,1553.0,1500.0,648,2024-11-04,457
458,105464,Christopher,Rungkat,R,INA,175,1578.0,1512.0,1513.0,1500.0,1500.0,32,2023-02-04,458
459,100056,Harald,Elschenbroich,R,GER,0,1577.0,1516.0,1432.0,1466.0,1454.0,187,1979-06-18,459
460,101421,Veli,Paloheimo,R,FIN,183,1577.0,1526.0,1440.0,1516.0,1474.0,110,1992-06-08,460
461,101788,Doug,Flach,R,USA,183,1577.0,1472.0,1488.0,1555.0,1516.0,74,1998-08-03,461
462,104586,Lukas,Rosol,R,CZE,193,1577.0,1539.0,1531.0,1523.0,1500.0,284,2022-10-17,462
463,101820,Marc,Rosset,R,SUI,201,1577.0,1521.0,1500.0,1422.0,1525.0,789,2004-10-25,463
464,124116,Sebastian,Ofner,R,AUT,191,1577.0,1492.0,1463.0,1473.0,1500.0,93,2024-08-26,464
465,101792,Slava,Dosedel,R,CZE,183,1576.0,1473.0,1543.0,1541.0,1461.0,390,2001-08-27,465
466,100118,Ivan,Molina,L,COL,0,1576.0,1463.0,1533.0,1484.0,1499.0,365,1980-11-03,466
467,100403,Rolf,Gehring,R,GER,185,1576.0,1477.0,1539.0,1443.0,1449.0,267,1985-05-13,467
468,102104,Christian,Ruud,R,NOR,188,1576.0,1490.0,1458.0,1489.0,1489.0,270,2001-05-28,468
469,100285,Rod,Frawley,R,AUS,185,1576.0,1510.0,1528.0,1500.0,1511.0,255,1984-10-15,469
470,100461,Billy,Martin,R,USA,178,1576.0,1534.0,1530.0,1461.0,1533.0,321,1982-11-15,470
471,106078,Egor,Gerasimov,R,BLR,196,1576.0,1546.0,1455.0,1443.0,1500.0,119,2024-10-02,471
472,100141,Zeljko,Franulovic,R,CRO,0,1576.0,1450.0,1483.0,1516.0,1476.0,633,1983-07-18,472
473,100233,Ricardo,Cano,R,ARG,170,1575.0,1513.0,1466.0,1497.0,1525.0,315,1983-11-21,473
474,103166,Vladimir,Voltchkov,R,BLR,180,1575.0,1500.0,1482.0,1512.0,1489.0,165,2008-07-18,474
475,102227,Sargis,Sargsian,R,ARM,180,1575.0,1497.0,1544.0,1450.0,1545.0,366,2006-02-27,475
476,102238,Alberto,Berasategui,R,ESP,173,1575.0,1467.0,1462.0,1489.0,1426.0,478,2001-04-23,476
477,101387,Claudio,Pistolesi,R,ITA,180,1575.0,1468.0,1527.0,1505.0,1466.0,188,1993-06-14,477
478,106233,Dominic,Thiem,R,AUT,185,1575.0,1480.0,1567.0,1492.0,1500.0,566,2024-10-21,478
479,100540,Drew,Gitlin,R,USA,178,1575.0,1478.0,1524.0,1502.0,1496.0,82,1985-09-09,479
480,105023,Sam,Querrey,R,USA,198,1575.0,1489.0,1489.0,1518.0,1524.0,718,2022-08-29,480
481,100661,Damir,Keretic,R,GER,178,1575.0,1429.0,1501.0,1558.0,1499.0,219,1989-05-01,481
483,103176,David,Sanchez,R,ESP,183,1574.0,1481.0,1473.0,1459.0,1502.0,206,2005-09-26,483
484,104460,Dustin,Brown,R,JAM,196,1574.0,1478.0,1517.0,1432.0,1500.0,161,2021-06-07,484
485,144750,Lloyd,Harris,R,RSA,193,1574.0,1535.0,1450.0,1521.0,1500.0,158,2024-07-01,485
486,105379,Aljaz,Bedene,R,SLO,181,1574.0,1509.0,1490.0,1485.0,1500.0,299,2022-09-16,486
487,103752,Simon,Greul,R,GER,185,1574.0,1565.0,1515.0,1490.0,1446.0,117,2011-04-18,487
488,100713,John,Fitzgerald,R,AUS,183,1574.0,1484.0,1540.0,1564.0,1488.0,473,1995-02-06,488
489,100289,Byron,Bertram,R,RSA,0,1573.0,1504.0,1495.0,1528.0,1524.0,258,1980-08-26,489
490,101230,Andrei,Chesnokov,R,RUS,188,1573.0,1491.0,1568.0,1462.0,1503.0,608,1999-02-08,490
491,101080,Lawson,Duncan,R,USA,185,1573.0,1490.0,1439.0,1477.0,1500.0,215,1991-04-29,491
492,103632,Luis,Horna,R,PER,180,1573.0,1454.0,1456.0,1476.0,1497.0,288,2009-09-18,492
493,105385,Donald,Young,L,USA,183,1573.0,1545.0,1529.0,1532.0,1500.0,316,2021-01-04,493
494,104395,Marcel,Felder,R,URU,174,1573.0,1513.0,1528.0,1500.0,1524.0,35,2013-04-05,494
495,101900,Nicklas,Kulti,R,SWE,190,1573.0,1498.0,1511.0,1465.0,1502.0,337,2000-07-10,495
496,102834,Paul,Goldstein,R,USA,178,1573.0,1499.0,1521.0,1464.0,1492.0,200,2007-08-27,496
497,100286,Harold,Solomon,R,USA,168,1572.0,1503.0,1479.0,1412.0,1525.0,925,1991-03-15,497
498,100109,Jun,Kuki,R,JPN,0,1572.0,1459.0,1479.0,1466.0,1474.0,211,1982-10-18,498
500,105449,Steve,Johnson,R,USA,188,1572.0,1501.0,1464.0,1502.0,1500.0,405,2024-02-05,500
502,100967,Dan,Goldie,R,USA,188,1571.0,1476.0,1495.0,1541.0,1586.0,239,1991-08-12,502
503,104068,Robby,Ginepri,R,USA,183,1571.0,1632.0,1496.0,1428.0,1487.0,393,2014-08-17,503
504,124186,Alexandre,Muller,R,FRA,183,1571.0,1558.0,1514.0,1534.0,1500.0,66,2024-11-04,504
505,100546,Eric,Fromm,R,USA,178,1571.0,1510.0,1518.0,1510.0,1556.0,134,1987-05-04,505
506,106210,Jiri,Vesely,L,CZE,198,1571.0,1500.0,1530.0,1573.0,1500.0,315,2024-01-15,506
507,104499,Jimmy,Wang,R,TPE,178,1571.0,1488.0,1535.0,1549.0,1511.0,89,2015-09-18,507
508,102856,Gustavo,Kuerten,R,BRA,190,1571.0,1509.0,1479.0,1524.0,1522.0,556,2008-05-25,508
509,104471,Ivan,Dodig,R,CRO,183,1571.0,1524.0,1466.0,1464.0,1500.0,258,2017-07-17,509
510,200384,Hugo,Gaston,L,FRA,173,1570.0,1545.0,1533.0,1502.0,1500.0,96,2024-11-04,510
511,102053,Brian,Macphie,L,USA,180,1570.0,1450.0,1511.0,1485.0,1521.0,65,2000-02-14,511
512,100901,Paul,Annacone,R,USA,185,1570.0,1490.0,1505.0,1524.0,1453.0,291,1993-10-18,512
513,100276,Terry,Moor,L,USA,178,1570.0,1516.0,1579.0,1525.0,1458.0,465,1987-02-09,513
514,100121,Raymond,Moore,R,RSA,183,1570.0,1496.0,1538.0,1523.0,1503.0,626,1982-07-19,514
515,101393,Jens,Woehrmann,R,GER,180,1570.0,1550.0,1587.0,1532.0,1476.0,48,1991-09-30,515
517,133297,Yosuke,Watanuki,R,JPN,180,1569.0,1508.0,1516.0,1572.0,1500.0,39,2024-10-02,517
518,100535,Tony,Giammalva,R,USA,190,1569.0,1487.0,1533.0,1573.0,1527.0,132,1985-06-24,518
519,100231,Erik,Van Dillen,R,USA,183,1569.0,1520.0,1487.0,1512.0,1519.0,395,1982-04-25,519
520,104386,Janko,Tipsarevic,R,SRB,180,1569.0,1447.0,1541.0,1571.0,1526.0,550,2019-10-14,520
521,103031,Julian,Alonso,R,ESP,185,1569.0,1526.0,1491.0,1503.0,1518.0,116,2000-09-11,521
522,100159,Vladimir,Korotkov,R,RUS,0,1569.0,1526.0,1482.0,1500.0,1500.0,42,1974-05-26,522
523,102021,Michael,Chang,R,USA,175,1569.0,1479.0,1522.0,1524.0,1482.0,978,2003-08-25,523
524,102146,Jordi,Burillo,R,ESP,188,1569.0,1479.0,1481.0,1509.0,1515.0,222,1998-10-26,524
525,103612,Alexey,Kedryuk,R,KAZ,193,1569.0,1524.0,1473.0,1500.0,1489.0,34,2009-07-10,525
526,100585,Van,Winitsky,L,USA,185,1569.0,1437.0,1469.0,1478.0,1583.0,239,1985-02-04,526
527,100565,Lloyd,Bourne,R,USA,190,1569.0,1497.0,1525.0,1486.0,1494.0,159,1987-09-01,527
529,101806,Marc Kevin,Goellner,R,GER,196,1568.0,1477.0,1534.0,1542.0,1537.0,355,2003-07-28,529
530,100489,Larry,Stefanki,R,USA,178,1568.0,1544.0,1441.0,1500.0,1513.0,140,1990-04-23,530
531,104813,Grega,Zemlja,R,SLO,183,1568.0,1433.0,1467.0,1471.0,1513.0,99,2017-04-07,531
532,101463,Bernd,Karbacher,R,GER,185,1568.0,1523.0,1484.0,1480.0,1490.0,297,2000-07-17,532
533,104025,Amer,Delic,R,BIH,196,1568.0,1522.0,1487.0,1533.0,1500.0,89,2012-04-06,533
534,101179,Jean Philippe,Fleurian,R,FRA,185,1568.0,1454.0,1521.0,1502.0,1532.0,263,1997-06-09,534
535,101382,Marcelo,Filippini,R,URU,178,1568.0,1520.0,1487.0,1501.0,1525.0,501,2000-07-24,535
536,105550,Guido,Pella,L,ARG,183,1568.0,1475.0,1536.0,1504.0,1500.0,281,2023-08-28,536
537,100972,Todd,Witsken,R,USA,183,1567.0,1497.0,1487.0,1564.0,1616.0,250,1993-08-16,537
538,101232,Nicklas,Kroon,R,SWE,183,1567.0,1573.0,1505.0,1512.0,1484.0,113,1993-03-01,538
539,101890,Jonathan,Stark,R,USA,188,1567.0,1501.0,1480.0,1476.0,1558.0,287,2001-06-18,539
540,103060,Alejandro,Hernandez,R,MEX,180,1567.0,1476.0,1500.0,1531.0,1461.0,77,2005-03-04,540
541,102374,Alex,Corretja,R,ESP,180,1567.0,1516.0,1534.0,1478.0,1522.0,723,2005-04-25,541
542,103206,Sebastien,Grosjean,R,FRA,175,1567.0,1475.0,1440.0,1450.0,1520.0,590,2010-02-22,542
543,100362,Peter,Fleming,R,USA,196,1567.0,1563.0,1479.0,1480.0,1535.0,438,1987-11-10,543
544,101226,Johan,Carlsson,R,SWE,183,1566.0,1572.0,1477.0,1499.0,1422.0,132,1994-08-15,544
545,100762,Freddie,Sauer,R,RSA,0,1566.0,1557.0,1496.0,1559.0,1491.0,55,1983-07-18,545
546,101344,Bruno,Oresar,R,CRO,175,1566.0,1540.0,1545.0,1498.0,1456.0,133,1991-05-13,546
547,200303,Pavel,Kotov,R,RUS,191,1566.0,1496.0,1486.0,1474.0,1500.0,80,2024-11-04,547
548,103808,Potito,Starace,R,ITA,188,1566.0,1551.0,1504.0,1453.0,1535.0,355,2014-05-26,548
549,104098,Dmitry,Tursunov,R,RUS,185,1566.0,1437.0,1489.0,1501.0,1546.0,457,2017-08-28,549
550,101843,Sergi,Bruguera,R,ESP,188,1566.0,1530.0,1546.0,1477.0,1536.0,719,2002-04-22,550
551,100080,Szabolcz,Baranyi,R,HUN,0,1566.0,1502.0,1471.0,1495.0,1514.0,142,1978-07-24,551
552,100088,Patricio,Cornejo,R,CHI,180,1565.0,1490.0,1492.0,1532.0,1503.0,315,1978-12-04,552
553,101884,Frank,Ofori,R,GHA,0,1565.0,1522.0,1527.0,1500.0,1488.0,34,1997-07-11,553
554,102860,Agustin,Calleri,R,ARG,183,1565.0,1490.0,1476.0,1521.0,1478.0,399,2009-06-22,554
557,104719,Marcel,Granollers,R,ESP,191,1564.0,1599.0,1468.0,1517.0,1500.0,453,2019-09-16,557
558,101630,Clement,Ngoran,R,CIV,178,1564.0,1524.0,1512.0,1500.0,1490.0,31,1997-05-02,558
559,101381,Aaron,Krickstein,R,USA,183,1564.0,1493.0,1510.0,1484.0,1492.0,653,1996-03-18,559
560,101406,Wojtek,Kowalski,R,POL,183,1564.0,1497.0,1525.0,1500.0,1537.0,43,1996-08-05,560
561,100488,Chris,Delaney,R,USA,0,1564.0,1517.0,1522.0,1487.0,1524.0,60,1981-09-01,561
562,101205,Grant,Connell,L,CAN,185,1563.0,1479.0,1485.0,1495.0,1512.0,175,1995-07-24,562
563,100130,Vladimir,Zednik,R,CZE,0,1563.0,1425.0,1499.0,1479.0,1453.0,265,1980-03-10,563
564,101594,Carsten,Arriens,R,GER,193,1563.0,1475.0,1519.0,1468.0,1551.0,64,1998-11-09,564
565,100345,Pat,Dupre,R,USA,190,1563.0,1555.0,1534.0,1482.0,1502.0,377,1984-10-29,565
566,100434,Tomas,Smid,R,CZE,190,1563.0,1465.0,1469.0,1518.0,1500.0,860,1989-09-25,566
568,100067,Frew,Mcmillan,R,RSA,183,1562.0,1507.0,1505.0,1502.0,1488.0,401,1981-07-06,568
569,101532,Francisco,Clavet,L,ESP,183,1562.0,1498.0,1492.0,1477.0,1496.0,731,2003-07-14,569
573,102167,Juan Albert,Viloca Puig,R,ESP,185,1562.0,1480.0,1544.0,1495.0,1511.0,129,2001-04-09,573
574,107561,Leif,Johansson,R,SWE,0,1562.0,1489.0,1480.0,1471.0,1511.0,39,1976-07-04,574
576,105217,Thiemo,De Bakker,R,NED,193,1562.0,1506.0,1542.0,1484.0,1500.0,164,2019-06-10,576
577,101835,Arne,Thoms,R,GER,188,1562.0,1535.0,1490.0,1477.0,1486.0,58,1997-04-14,577
578,100185,Patrick,Proisy,R,FRA,180,1562.0,1531.0,1489.0,1564.0,1524.0,413,1981-10-26,578
579,103451,Bjorn,Phau,R,GER,175,1562.0,1477.0,1495.0,1490.0,1509.0,218,2014-02-10,579
580,104655,Pablo,Cuevas,R,URU,180,1562.0,1592.0,1470.0,1499.0,1477.0,464,2022-05-23,580
581,102607,Juan,Balcells,R,ESP,190,1561.0,1504.0,1492.0,1502.0,1538.0,90,2003-02-10,581
583,107277,Jan,Pisecky,R,CZE,0,1561.0,1455.0,1525.0,1521.0,1561.0,43,1976-01-18,583
585,102556,Claude,Ngoran,L,CIV,190,1561.0,1465.0,1429.0,1500.0,1464.0,44,2005-07-15,585
586,103694,Olivier,Rochus,R,BEL,168,1561.0,1556.0,1494.0,1496.0,1477.0,515,2013-06-24,586
587,100757,Anders,Jarryd,R,SWE,180,1561.0,1510.0,1519.0,1467.0,1555.0,658,1996-07-08,587
588,102024,Hernan,Gumy,R,ARG,188,1560.0,1488.0,1531.0,1481.0,1496.0,245,2001-02-19,588
590,101276,Horacio,De La Pena,L,ARG,180,1560.0,1501.0,1451.0,1487.0,1479.0,370,1994-07-04,590
591,105051,Matthew,Ebden,R,AUS,188,1560.0,1560.0,1487.0,1467.0,1500.0,208,2024-07-29,591
592,103066,Mark,Nielsen,R,NZL,185,1560.0,1518.0,1479.0,1500.0,1511.0,43,2008-04-11,592
593,106186,Jason,Kubler,R,AUS,178,1560.0,1492.0,1476.0,1516.0,1500.0,62,2024-01-15,593
594,111153,Christopher,Eubanks,R,USA,201,1560.0,1495.0,1526.0,1554.0,1500.0,103,2024-08-26,594
596,100657,Mike,Leach,L,USA,180,1560.0,1534.0,1598.0,1473.0,1506.0,175,1987-08-10,596
597,104735,Tobias,Kamke,R,GER,180,1560.0,1447.0,1448.0,1509.0,1500.0,166,2019-08-26,597
598,104594,Marinko,Matosevic,R,AUS,194,1560.0,1536.0,1489.0,1442.0,1500.0,159,2015-08-03,598
599,103280,Martin,Verkerk,R,NED,196,1560.0,1476.0,1526.0,1484.0,1523.0,130,2008-07-14,599
601,101214,Bryan,Shelton,R,USA,185,1560.0,1484.0,1511.0,1503.0,1525.0,242,1997-07-14,601
603,126845,Max,Purcell,R,AUS,185,1559.0,1475.0,1523.0,1466.0,1500.0,85,2024-08-26,603
604,100810,Paul,Chamberlin,R,USA,178,1559.0,1500.0,1473.0,1546.0,1536.0,124,1991-02-04,604
605,102087,Oleg,Ogorodov,R,UZB,193,1559.0,1580.0,1533.0,1500.0,1476.0,113,2003-04-04,605
606,103103,Dominik,Hrbaty,R,SVK,183,1559.0,1501.0,1513.0,1531.0,1514.0,679,2010-02-01,606
607,101412,Shuzo,Matsuoka,R,JPN,185,1559.0,1501.0,1472.0,1490.0,1489.0,313,1998-04-13,607
609,100057,Pierre,Barthes,R,FRA,0,1559.0,1498.0,1484.0,1489.0,1475.0,256,1977-10-31,609
610,100099,Thomaz,Koch,L,BRA,0,1558.0,1519.0,1512.0,1481.0,1493.0,296,1983-11-21,610
611,102934,Nicolas,Coutelot,R,FRA,185,1558.0,1488.0,1566.0,1496.0,1500.0,32,2003-05-26,611
613,100075,Owen,Davidson,L,AUS,185,1558.0,1472.0,1531.0,1530.0,1494.0,160,1979-10-01,613
614,100526,Ricardo,Ycaza,R,ECU,183,1558.0,1517.0,1499.0,1488.0,1506.0,180,1985-08-02,614
615,100536,Fernando,Luna,R,ESP,175,1557.0,1480.0,1482.0,1462.0,1500.0,342,1991-07-29,615
616,102588,Lars,Rehmann,R,GER,196,1557.0,1476.0,1488.0,1500.0,1519.0,37,1998-10-19,616
617,101735,Richard,Fromberg,R,AUS,196,1557.0,1528.0,1502.0,1502.0,1572.0,546,2002-01-14,617
618,102201,Lionel,Roux,R,FRA,185,1557.0,1507.0,1536.0,1482.0,1492.0,193,2002-08-12,618
619,101711,Alex,Obrien,R,USA,185,1557.0,1550.0,1433.0,1459.0,1516.0,230,2001-08-13,619
620,100116,Sherwood,Stewart,R,USA,188,1557.0,1490.0,1491.0,1519.0,1436.0,393,1985-11-18,620
621,105657,Marius,Copil,R,ROU,191,1557.0,1500.0,1549.0,1442.0,1500.0,158,2024-02-03,621
624,104724,Eduardo,Schwank,R,ARG,183,1557.0,1497.0,1485.0,1496.0,1500.0,105,2012-07-09,624
625,100640,Stefan,Simonsson,R,SWE,175,1556.0,1453.0,1499.0,1465.0,1455.0,224,1986-08-04,625
626,100337,Mark,Edmondson,R,AUS,185,1556.0,1460.0,1496.0,1454.0,1543.0,501,1987-01-12,626
627,104978,Daniel,Brands,R,GER,196,1556.0,1530.0,1459.0,1495.0,1500.0,153,2019-02-04,627
628,100321,Vijay,Amritraj,R,IND,193,1556.0,1479.0,1463.0,1503.0,1476.0,735,1993-01-04,628
629,100592,Robert,Vant Hof,R,USA,193,1556.0,1517.0,1495.0,1519.0,1550.0,188,1990-05-07,629
630,101113,Michael,Westphal,R,GER,190,1556.0,1459.0,1459.0,1483.0,1511.0,194,1989-05-08,630
631,108421,Toma,Ovici,R,ROU,0,1556.0,1515.0,1486.0,1503.0,1483.0,49,1976-03-01,631
632,106296,Gregoire,Barrere,R,FRA,183,1555.0,1467.0,1466.0,1513.0,1500.0,101,2024-11-04,632
636,103739,Jose,De Armas,R,VEN,0,1555.0,1465.0,1476.0,1500.0,1500.0,36,2010-09-17,636
638,100445,Steve,Denton,R,USA,188,1555.0,1489.0,1509.0,1466.0,1516.0,225,1987-01-12,638
639,100259,Peter,Feigl,R,AUT,183,1555.0,1450.0,1556.0,1529.0,1515.0,244,1985-08-05,639
640,104639,Wayne,Odesnik,L,USA,180,1555.0,1545.0,1457.0,1478.0,1500.0,101,2014-08-25,640
641,101805,David,Nainkin,R,RSA,183,1554.0,1469.0,1546.0,1496.0,1518.0,72,1999-04-26,641
642,100730,Florin,Segarceanu,R,ROU,180,1554.0,1534.0,1528.0,1473.0,1486.0,137,1990-05-04,642
643,104678,Viktor,Troicki,R,SRB,193,1554.0,1583.0,1523.0,1509.0,1500.0,571,2021-06-14,643
644,100177,Pavel,Hutka,R,CZE,0,1554.0,1534.0,1525.0,1535.0,1482.0,100,1981-10-19,644
645,102205,Sebastien,Lareau,R,CAN,183,1554.0,1479.0,1499.0,1502.0,1449.0,238,2001-08-13,645
646,106109,Alex,Bolt,L,AUS,183,1554.0,1500.0,1537.0,1526.0,1500.0,48,2024-07-15,646
647,102169,Michael,Joyce,R,USA,180,1554.0,1486.0,1528.0,1530.0,1489.0,113,2003-07-28,647
648,102533,Jens,Knippschild,R,GER,190,1554.0,1554.0,1464.0,1489.0,1489.0,117,2002-07-15,648
649,104233,Frederik,Nielsen,R,DEN,190,1554.0,1512.0,1514.0,1475.0,1524.0,57,2020-03-06,649
651,100761,Danny,Saltz,R,USA,193,1554.0,1524.0,1445.0,1558.0,1466.0,37,1987-01-12,651
652,100081,Charlie,Pasarell,R,USA,185,1554.0,1474.0,1513.0,1506.0,1508.0,448,1979-08-30,652
653,102226,David,Witt,R,USA,190,1554.0,1484.0,1497.0,1534.0,1507.0,38,1998-04-20,653
655,105208,Ernests,Gulbis,R,LAT,190,1554.0,1489.0,1529.0,1486.0,1511.0,485,2023-02-04,655
657,101126,Chris,Pridham,R,CAN,183,1553.0,1524.0,1525.0,1476.0,1492.0,134,1994-01-03,657
659,103356,Michel,Kratochvil,R,SUI,185,1553.0,1512.0,1481.0,1488.0,1484.0,171,2007-07-09,659
660,102395,Ville,Liukko,R,FIN,173,1553.0,1501.0,1501.0,1500.0,1488.0,31,2001-04-06,660
661,100456,Ferdi,Taygan,R,USA,173,1553.0,1464.0,1524.0,1472.0,1520.0,195,1983-10-10,661
662,100101,Mike,Belkin,R,CAN,0,1553.0,1480.0,1512.0,1499.0,1499.0,88,1975-02-17,662
664,100430,David,Carter,R,AUS,183,1552.0,1488.0,1476.0,1491.0,1510.0,195,1984-05-06,664
666,100815,David,Pate,R,USA,183,1552.0,1458.0,1488.0,1464.0,1513.0,349,1995-04-10,666
669,105649,Cedrik Marcel,Stebe,L,GER,183,1552.0,1553.0,1499.0,1509.0,1500.0,82,2022-02-07,669
670,100765,Rodney,Harmon,R,USA,188,1551.0,1508.0,1496.0,1513.0,1560.0,76,1985-07-22,670
672,100271,Jean Francois,Caujolle,L,FRA,0,1551.0,1522.0,1519.0,1578.0,1490.0,203,1982-05-24,672
674,104589,Chris,Guccione,L,AUS,201,1551.0,1481.0,1476.0,1492.0,1500.0,110,2014-06-16,674
675,101462,Francisco,Roig,R,ESP,175,1551.0,1472.0,1520.0,1492.0,1506.0,160,1999-04-12,675
676,100117,Butch,Seewagen,R,USA,188,1550.0,1523.0,1478.0,1493.0,1489.0,117,1981-07-28,676
677,101917,Grant,Stafford,R,RSA,188,1550.0,1527.0,1561.0,1516.0,1519.0,201,2000-01-17,677
678,102184,David,Prinosil,R,GER,185,1550.0,1545.0,1482.0,1451.0,1545.0,390,2004-06-07,678
679,103110,Daniele,Bracciali,R,ITA,180,1550.0,1540.0,1517.0,1490.0,1535.0,90,2011-09-16,679
680,102061,Kevin,Ullyett,R,ZIM,178,1550.0,1500.0,1447.0,1534.0,1499.0,55,2004-02-06,680
681,100122,Julian,Ganzabal,R,ARG,0,1550.0,1505.0,1470.0,1491.0,1493.0,129,1977-06-06,681
682,104214,Igor,Andreev,R,RUS,185,1550.0,1497.0,1504.0,1473.0,1489.0,469,2013-06-24,682
683,100498,Klaus,Eberhard,R,GER,0,1549.0,1477.0,1428.0,1434.0,1554.0,127,1985-05-27,683
684,102477,Gaston,Etlis,R,ARG,185,1549.0,1530.0,1539.0,1431.0,1501.0,86,2003-09-08,684
685,103292,Gaston,Gaudio,R,ARG,175,1549.0,1498.0,1497.0,1511.0,1509.0,468,2010-02-15,685
686,103529,Aisam Ul Haq,Qureshi,R,PAK,183,1549.0,1512.0,1481.0,1500.0,1500.0,75,2024-02-03,686
687,100821,Hans,Simonsson,R,SWE,178,1549.0,1515.0,1473.0,1529.0,1524.0,116,1985-07-15,687
689,106281,Liam,Broady,L,GBR,183,1549.0,1522.0,1436.0,1488.0,1500.0,56,2024-07-01,689
690,100492,John,Austin,R,USA,193,1548.0,1502.0,1487.0,1520.0,1546.0,140,1986-02-24,690
691,101274,Udo,Riglewski,R,GER,185,1548.0,1476.0,1542.0,1446.0,1487.0,122,1994-07-18,691
692,100154,Peter,Kanderal,R,SUI,0,1548.0,1479.0,1410.0,1537.0,1512.0,43,1977-12-29,692
693,104198,Guillermo,Garcia Lopez,R,ESP,188,1548.0,1464.0,1407.0,1504.0,1501.0,653,2019-08-26,693
694,104660,Sergiy,Stakhovsky,R,UKR,193,1548.0,1572.0,1516.0,1471.0,1449.0,388,2021-11-26,694
695,100764,Gabriel,Urpi,R,ESP,173,1548.0,1561.0,1525.0,1500.0,1500.0,110,1987-07-13,695
696,104043,Marc,Lopez,R,ESP,175,1548.0,1521.0,1512.0,1497.0,1500.0,54,2016-09-16,696
697,209260,Luciano,Darderi,R,ITA,183,1548.0,1557.0,1492.0,1585.0,1500.0,54,2024-11-04,697
699,100782,Pablo,Arraya,R,PER,180,1547.0,1511.0,1492.0,1501.0,1514.0,359,1992-08-17,699
701,105226,Attila,Balazs,R,HUN,180,1547.0,1547.0,1495.0,1487.0,1467.0,56,2023-08-28,701
702,101022,Kelly,Jones,R,USA,185,1547.0,1481.0,1516.0,1506.0,1466.0,133,1995-10-16,702
703,100926,Ken,Flach,R,USA,185,1547.0,1532.0,1522.0,1435.0,1483.0,132,1995-06-26,703
704,101156,Juan,Pino,R,CUB,185,1547.0,1518.0,1502.0,1500.0,1543.0,38,1998-07-17,704
705,102000,Aki,Rahunen,R,FIN,175,1547.0,1494.0,1559.0,1494.0,1545.0,79,1992-01-31,705
706,100236,John,James,R,AUS,183,1547.0,1572.0,1493.0,1499.0,1465.0,236,1982-07-26,706
707,105032,Sam,Groth,R,AUS,193,1547.0,1529.0,1530.0,1550.0,1500.0,100,2017-07-17,707
708,100938,Jaromir,Becka,R,GER,175,1546.0,1497.0,1449.0,1500.0,1516.0,31,1988-02-22,708
709,104166,Alex,Bogomolov Jr,R,RUS,178,1546.0,1543.0,1459.0,1429.0,1500.0,178,2014-04-07,709
710,104467,Lamine,Ouahab,R,ALG,185,1546.0,1513.0,1523.0,1500.0,1500.0,39,2020-03-06,710
711,100551,Brad,Drewett,L,AUS,185,1546.0,1435.0,1447.0,1468.0,1492.0,406,1990-04-30,711
714,100876,Bong Soo,Kim,R,KOR,180,1546.0,1512.0,1429.0,1477.0,1520.0,39,1994-10-10,714
715,100314,Bernard,Fritz,R,FRA,173,1546.0,1465.0,1552.0,1512.0,1484.0,135,1984-04-09,715
716,101685,Markus,Naewie,R,GER,190,1546.0,1491.0,1468.0,1449.0,1532.0,57,1994-05-02,716
717,101071,Tom,Nijssen,R,NED,175,1546.0,1459.0,1460.0,1474.0,1455.0,129,1995-10-09,717
719,100618,Leif,Shiras,R,USA,183,1546.0,1500.0,1486.0,1486.0,1504.0,173,1990-08-13,719
720,104229,Yen Hsun,Lu,R,TPE,180,1546.0,1481.0,1547.0,1491.0,1511.0,398,2021-07-24,720
721,104252,Florian,Mayer,R,GER,190,1546.0,1492.0,1464.0,1516.0,1500.0,508,2018-08-27,721
722,100924,Jorge,Lozano,R,MEX,180,1546.0,1469.0,1503.0,1499.0,1516.0,81,1993-02-22,722
723,100146,Jun,Kamiwazumi,R,JPN,0,1546.0,1538.0,1486.0,1498.0,1516.0,180,1984-09-24,723
724,100372,Trey,Waltke,R,USA,173,1546.0,1477.0,1449.0,1472.0,1493.0,291,1983-10-17,724
726,101391,Carl Uwe,Steeb,L,GER,180,1545.0,1488.0,1461.0,1441.0,1534.0,425,1996-10-21,726
727,102394,Johan,Van Herck,R,BEL,185,1545.0,1402.0,1440.0,1487.0,1487.0,128,1999-04-26,727
728,105095,Evgeny,Korolev,R,KAZ,185,1545.0,1527.0,1483.0,1487.0,1499.0,172,2013-07-15,728
729,101368,Christian,Miniussi,R,ARG,185,1545.0,1486.0,1499.0,1487.0,1500.0,141,1995-07-31,729
732,101265,Patrick,McEnroe,R,USA,183,1545.0,1491.0,1467.0,1504.0,1508.0,304,1998-08-17,732
733,102783,Rainer,Schuettler,R,GER,180,1545.0,1527.0,1488.0,1497.0,1511.0,668,2011-06-20,733
734,105554,Daniel,Evans,R,GBR,175,1545.0,1514.0,1521.0,1537.0,1500.0,335,2024-10-14,734
735,103184,Bob,Bryan,L,USA,193,1545.0,1524.0,1470.0,1510.0,1517.0,61,2009-07-10,735
737,100148,Ismail,El Shafei,R,EGY,0,1545.0,1502.0,1551.0,1491.0,1501.0,487,1982-06-14,737
739,102491,Alex,Radulescu,R,GER,185,1544.0,1485.0,1476.0,1488.0,1489.0,96,1998-08-31,739
741,105558,Guillaume,Rufin,R,FRA,188,1544.0,1575.0,1450.0,1480.0,1500.0,44,2013-08-26,741
745,207680,Facundo,Diaz Acosta,L,ARG,183,1544.0,1501.0,1581.0,1511.0,1500.0,41,2024-10-14,745
746,101029,Ricki,Osterthun,R,GER,185,1544.0,1540.0,1509.0,1478.0,1535.0,139,1990-07-30,746
747,100326,Russell,Simpson,R,NZL,188,1544.0,1474.0,1531.0,1433.0,1488.0,355,1987-04-20,747
748,103997,Lukasz,Kubot,R,POL,191,1544.0,1492.0,1544.0,1554.0,1512.0,229,2015-10-11,748
749,101158,John,Frawley,R,AUS,173,1544.0,1526.0,1542.0,1588.0,1538.0,158,1989-08-28,749
750,100210,Steve,Docherty,R,AUS,0,1544.0,1502.0,1462.0,1467.0,1500.0,122,1981-09-01,750
751,100069,Dennis,Ralston,R,USA,188,1544.0,1489.0,1565.0,1524.0,1482.0,168,1980-06-02,751
752,200670,J J,Wolf,R,USA,183,1544.0,1462.0,1478.0,1439.0,1500.0,98,2024-07-29,752
753,105376,Peter,Gojowczyk,R,GER,188,1543.0,1508.0,1463.0,1494.0,1500.0,175,2022-08-29,753
754,100394,Angel,Gimenez,R,ESP,163,1543.0,1488.0,1482.0,1434.0,1487.0,197,1984-10-01,754
755,102235,Tommy,Ho,L,USA,183,1543.0,1461.0,1504.0,1501.0,1552.0,102,1998-07-06,755
757,102133,Laurence,Tieleman,R,ITA,180,1543.0,1516.0,1509.0,1523.0,1483.0,103,2000-10-16,757
758,105064,Thomaz,Bellucci,L,BRA,188,1543.0,1513.0,1510.0,1488.0,1496.0,422,2023-02-20,758
760,100139,Gerald,Battrick,R,GBR,178,1543.0,1569.0,1450.0,1509.0,1451.0,329,1976-11-23,760
761,101233,Alex,Antonitsch,R,AUT,188,1543.0,1515.0,1493.0,1500.0,1412.0,251,1995-07-31,761
762,102100,Bartlomiej,Dabrowski,R,POL,0,1543.0,1510.0,1544.0,1500.0,1511.0,44,2004-04-09,762
764,102106,Davide,Sanguinetti,R,ITA,188,1542.0,1492.0,1517.0,1487.0,1483.0,414,2007-09-24,764
766,104500,Somdev,Devvarman,R,IND,180,1542.0,1547.0,1509.0,1477.0,1500.0,144,2016-01-04,766
767,101106,Peter,Lundgren,R,SWE,185,1542.0,1544.0,1452.0,1488.0,1450.0,255,1995-03-06,767
769,104292,Izak,Van Der Merwe,R,RSA,196,1542.0,1512.0,1512.0,1507.0,1498.0,32,2012-09-14,769
770,101145,Jonathan,Canter,R,USA,185,1542.0,1465.0,1526.0,1437.0,1504.0,164,1994-08-15,770
771,105430,Radu,Albot,R,MDA,175,1542.0,1494.0,1436.0,1510.0,1514.0,255,2024-08-26,771
773,102811,Dusan,Vemic,R,SRB,190,1541.0,1425.0,1510.0,1524.0,1525.0,37,2008-08-04,773
775,100114,Ray,Ruffels,R,AUS,0,1541.0,1514.0,1421.0,1512.0,1508.0,341,1980-01-07,775
778,100038,Jaime,Pinto Bravo,R,CHI,178,1541.0,1488.0,1514.0,1519.0,1517.0,184,1983-02-14,778
779,100518,Ricardo,Acuna,R,CHI,175,1541.0,1537.0,1453.0,1465.0,1490.0,188,1989-06-12,779
781,102318,Andrei,Pavel,R,ROU,183,1541.0,1517.0,1482.0,1488.0,1488.0,548,2009-09-21,781
782,101920,Jamie,Morgan,R,AUS,185,1541.0,1489.0,1465.0,1562.0,1519.0,142,1996-01-15,782
783,102277,Bing Chao,Lin,R,TPE,180,1541.0,1608.0,1511.0,1488.0,1501.0,31,2000-04-07,783
784,100106,Graham,Stilwell,R,GBR,173,1541.0,1550.0,1529.0,1549.0,1488.0,227,1975-11-15,784
785,102351,Oscar,Martinez,R,ESP,185,1541.0,1516.0,1552.0,1506.0,1500.0,46,1996-04-22,785
786,104379,Todd,Reid,R,AUS,180,1541.0,1489.0,1405.0,1490.0,1500.0,36,2005-01-17,786
788,101058,Francisco,Yunis,R,ARG,190,1540.0,1529.0,1487.0,1500.0,1483.0,67,1993-03-29,788
789,101012,Massimiliano,Narducci,R,ITA,185,1540.0,1537.0,1468.0,1553.0,1451.0,45,1989-08-14,789
791,208363,Mariano,Navone,R,ARG,178,1540.0,1540.0,1477.0,1508.0,1500.0,42,2024-11-04,791
792,210013,Martin,Damm Sr,R,CZE,188,1540.0,1531.0,1461.0,1474.0,1500.0,370,2002-02-18,792
794,102539,Bohdan,Ulihrach,R,CZE,188,1539.0,1466.0,1533.0,1502.0,1494.0,478,2007-06-25,794
796,101866,David,Rikl,L,CZE,178,1539.0,1465.0,1479.0,1422.0,1513.0,148,1999-09-24,796
797,102998,Jan Michael,Gambill,R,USA,190,1539.0,1487.0,1497.0,1502.0,1540.0,401,2007-04-09,797
800,100857,Sergio,Casal,R,ESP,185,1539.0,1488.0,1544.0,1502.0,1511.0,273,1995-03-13,800
801,102247,Andrea,Gaudenzi,R,ITA,183,1539.0,1498.0,1543.0,1472.0,1456.0,451,2003-05-05,801
804,101511,Horst,Skoff,R,AUT,175,1538.0,1494.0,1454.0,1462.0,1503.0,433,1995-08-07,804
805,100995,Eduardo,Masso,L,BEL,178,1538.0,1491.0,1526.0,1482.0,1547.0,120,1992-07-27,805
806,104330,Rajeev,Ram,R,USA,193,1538.0,1466.0,1482.0,1472.0,1500.0,151,2017-07-17,806
810,103188,Michael,Russell,R,USA,173,1538.0,1478.0,1480.0,1455.0,1500.0,227,2015-01-19,810
812,104312,Andreas,Seppi,R,ITA,190,1538.0,1487.0,1518.0,1502.0,1497.0,810,2022-06-06,812
813,100149,Toshiro,Sakai,R,JPN,0,1538.0,1521.0,1486.0,1510.0,1498.0,98,1985-10-14,813
814,105041,Lukas,Lacko,R,SVK,185,1538.0,1488.0,1502.0,1473.0,1500.0,246,2021-06-14,814
816,101924,Stefano,Pescosolido,R,ITA,185,1538.0,1486.0,1533.0,1517.0,1478.0,268,2004-07-19,816
819,100397,Terry,Rocavert,R,AUS,180,1537.0,1554.0,1502.0,1498.0,1439.0,98,1980-12-26,819
821,100444,Werner,Zirngibl,R,GER,0,1537.0,1452.0,1533.0,1530.0,1497.0,113,1982-05-17,821
823,100894,Francesco,Cancellotti,R,ITA,183,1537.0,1471.0,1504.0,1543.0,1495.0,234,1991-06-17,823
824,126149,Gianluca,Mager,R,ITA,188,1537.0,1529.0,1529.0,1543.0,1500.0,59,2022-01-31,824
826,102911,Andrei,Stoliarov,R,RUS,178,1537.0,1513.0,1525.0,1489.0,1471.0,95,2004-10-11,826
828,100274,Eric,Deblicker,R,FRA,178,1537.0,1515.0,1502.0,1546.0,1541.0,157,1982-05-24,828
829,100956,Simone,Colombo,R,ITA,180,1537.0,1446.0,1533.0,1502.0,1521.0,89,1990-07-30,829
831,101686,Franco,Davin,L,ARG,173,1537.0,1509.0,1467.0,1500.0,1470.0,310,1996-04-15,831
832,101432,Dimitri,Poliakov,R,UKR,183,1537.0,1468.0,1528.0,1540.0,1489.0,82,1996-04-05,832
834,100660,Bob,Green,R,USA,193,1536.0,1500.0,1529.0,1463.0,1501.0,98,1987-12-28,834
835,101256,Mark,Kratzmann,L,AUS,178,1536.0,1464.0,1531.0,1504.0,1501.0,156,1992-04-06,835
836,100392,Richard,Meyer,R,USA,183,1536.0,1520.0,1571.0,1524.0,1476.0,120,1984-11-26,836
838,100639,Blaine,Willenborg,R,USA,170,1536.0,1504.0,1488.0,1514.0,1522.0,87,1988-04-25,838
839,100078,Clark,Graebner,R,USA,188,1536.0,1523.0,1475.0,1528.0,1466.0,345,1976-02-14,839
840,100844,Jerome,Potier,L,FRA,180,1536.0,1494.0,1483.0,1487.0,1465.0,146,1990-09-10,840
841,100220,Jiri,Hrebec,R,CZE,0,1536.0,1409.0,1471.0,1520.0,1474.0,370,1981-10-26,841
844,100040,Bob,Hewitt,R,RSA,190,1536.0,1477.0,1496.0,1552.0,1474.0,363,1980-04-08,844
845,102558,Eric,Taino,L,PHI,175,1536.0,1512.0,1537.0,1500.0,1524.0,34,2008-04-11,845
846,100631,Tim,Wilkison,L,USA,180,1536.0,1490.0,1568.0,1465.0,1434.0,592,1993-04-12,846
847,124079,Pedro,Martinez,R,ESP,185,1536.0,1457.0,1547.0,1500.0,1500.0,159,2024-11-04,847
848,100628,Michiel,Schapers,R,NED,201,1536.0,1508.0,1529.0,1487.0,1483.0,356,1993-06-07,848
850,103182,Markus,Hipfl,R,AUT,178,1535.0,1501.0,1529.0,1486.0,1562.0,147,2005-07-25,850
855,106026,Yuki,Bhambri,R,IND,185,1535.0,1491.0,1490.0,1510.0,1500.0,61,2023-02-03,855
856,101150,Gianluca,Pozzi,L,ITA,180,1534.0,1480.0,1477.0,1483.0,1466.0,435,2001-10-08,856
857,104371,Ivo,Minar,R,CZE,183,1534.0,1483.0,1563.0,1513.0,1520.0,104,2012-09-14,857
861,103746,Miguel,Gallardo Valles,R,MEX,0,1534.0,1512.0,1477.0,1500.0,1488.0,35,2014-04-04,861
862,102306,Michael,Kohlmann,R,GER,188,1534.0,1497.0,1543.0,1500.0,1502.0,74,2007-06-11,862
864,104268,Alejandro,Falla,L,COL,185,1534.0,1500.0,1520.0,1492.0,1540.0,283,2017-02-06,864
865,103018,Max,Mirnyi,R,BLR,196,1534.0,1483.0,1500.0,1464.0,1470.0,487,2008-08-11,865
866,100597,Jay,Lapidus,L,USA,188,1534.0,1518.0,1528.0,1517.0,1529.0,182,1987-07-27,866
867,101864,Fernon,Wibier,R,NED,188,1534.0,1556.0,1498.0,1545.0,1486.0,39,1997-10-13,867
868,101606,Alberto,Mancini,R,ARG,180,1534.0,1450.0,1473.0,1503.0,1492.0,276,1994-05-02,868
869,101035,Menno,Oosting,R,NED,180,1534.0,1479.0,1481.0,1530.0,1496.0,64,1994-01-10,869
870,100119,Ilie,Nastase,R,ROU,183,1534.0,1493.0,1511.0,1500.0,1473.0,1165,1985-10-07,870
871,104593,Daniel,Gimeno Traver,R,ESP,185,1533.0,1540.0,1476.0,1540.0,1500.0,270,2018-04-30,871
872,103333,Ivo,Karlovic,R,CRO,208,1533.0,1491.0,1572.0,1492.0,1429.0,719,2021-08-30,872
874,101441,Martin,Sinner,R,GER,180,1533.0,1553.0,1565.0,1495.0,1504.0,128,1998-10-05,874
875,100298,George,Hardie,L,USA,0,1533.0,1492.0,1509.0,1477.0,1499.0,221,1981-08-10,875
877,102571,Gregory,Carraz,R,FRA,190,1533.0,1586.0,1496.0,1484.0,1502.0,89,2006-01-02,877
878,100543,Peter,Elter,R,GER,178,1533.0,1523.0,1508.0,1490.0,1460.0,214,1986-10-20,878
879,100058,Roger,Taylor,L,GBR,183,1533.0,1509.0,1483.0,1512.0,1520.0,524,1980-11-10,879
880,200514,Jurij,Rodionov,L,AUT,191,1533.0,1500.0,1483.0,1489.0,1500.0,44,2024-09-13,880
881,100611,Mel,Purcell,R,USA,178,1533.0,1504.0,1522.0,1516.0,1460.0,354,1989-03-20,881
888,103821,Danai,Udomchoke,R,THA,173,1533.0,1524.0,1512.0,1496.0,1501.0,131,2015-03-06,888
889,106065,Marco,Cecchinato,R,ITA,185,1532.0,1422.0,1464.0,1502.0,1500.0,207,2023-08-28,889
890,100262,Rolf,Norberg,R,SWE,0,1532.0,1476.0,1493.0,1544.0,1471.0,77,1977-12-29,890
892,100182,Mike,Estep,R,USA,173,1532.0,1475.0,1479.0,1539.0,1486.0,275,1983-04-25,892
896,100421,Jan,Norback,R,SWE,0,1532.0,1528.0,1489.0,1525.0,1520.0,115,1981-11-23,896
898,103420,Michal,Tabara,R,CZE,175,1532.0,1506.0,1543.0,1484.0,1505.0,95,2008-05-18,898
901,105074,Ruben,Bemelmans,L,BEL,183,1532.0,1598.0,1523.0,1461.0,1511.0,91,2021-09-18,901
902,101495,Miguel,Tobon,R,COL,185,1532.0,1567.0,1458.0,1500.0,1521.0,44,2001-04-06,902
904,100667,Per,Hjertquist,R,SWE,183,1532.0,1506.0,1428.0,1509.0,1500.0,133,1984-09-17,904
905,101109,Tarik,Benhabiles,R,FRA,175,1532.0,1512.0,1539.0,1444.0,1482.0,176,1992-07-20,905
906,100562,Tom,Cain,R,USA,185,1531.0,1561.0,1520.0,1487.0,1482.0,110,1986-07-21,906
908,102880,Alexander,Popp,R,GER,201,1531.0,1476.0,1558.0,1466.0,1477.0,110,2005-10-24,908
910,100896,Miguel,Nido,R,PUR,180,1531.0,1477.0,1500.0,1480.0,1536.0,43,1993-07-16,910
911,101440,Mark,Koevermans,R,NED,185,1531.0,1495.0,1453.0,1488.0,1464.0,156,1993-10-04,911
912,100170,Bernard,Mignot,R,BEL,0,1531.0,1508.0,1512.0,1488.0,1464.0,114,1977-12-29,912
914,100120,Robert,Maud,R,RSA,180,1531.0,1512.0,1542.0,1572.0,1500.0,183,1975-11-17,914
915,105902,James,Duckworth,R,AUS,183,1531.0,1480.0,1481.0,1504.0,1500.0,173,2024-11-04,915
916,101976,Federico,Dondo,R,URU,0,1531.0,1499.0,1512.0,1500.0,1500.0,40,2003-04-04,916
918,105643,Federico,Delbonis,L,ARG,193,1531.0,1513.0,1485.0,1511.0,1500.0,365,2023-02-06,918
920,104559,Teymuraz,Gabashvili,R,RUS,185,1531.0,1506.0,1498.0,1490.0,1511.0,316,2017-10-16,920
921,100790,Bruce,Derlin,L,NZL,180,1530.0,1520.0,1529.0,1491.0,1529.0,101,1991-03-15,921
925,100749,Dave,Siegler,R,USA,0,1530.0,1524.0,1511.0,1526.0,1500.0,40,1983-01-10,925
926,100135,Onny,Parun,R,NZL,188,1530.0,1482.0,1512.0,1484.0,1506.0,691,1982-03-05,926
927,100962,Thomas,Hogstedt,R,SWE,190,1530.0,1501.0,1512.0,1473.0,1597.0,243,1994-08-22,927
928,101468,Gerard,Solves,R,FRA,185,1530.0,1485.0,1519.0,1538.0,1495.0,57,1999-04-26,928
933,102437,Adrian,Voinea,R,ROU,185,1529.0,1499.0,1587.0,1487.0,1455.0,312,2003-07-28,933
936,105932,Nikoloz,Basilashvili,R,GEO,185,1529.0,1546.0,1491.0,1491.0,1512.0,318,2023-03-06,936
940,103063,Sebastien,De Chaunac,R,FRA,183,1529.0,1488.0,1539.0,1500.0,1518.0,33,2009-09-21,940
942,101123,Alexander,Mronz,R,GER,188,1529.0,1549.0,1500.0,1511.0,1439.0,169,1996-02-19,942
946,101746,Renzo,Furlan,R,ITA,175,1529.0,1462.0,1520.0,1499.0,1551.0,466,2003-07-14,946
947,101481,Omar,Camporese,R,ITA,188,1528.0,1556.0,1544.0,1456.0,1511.0,307,1998-08-10,947
950,101251,Eric,Winogradsky,R,FRA,188,1528.0,1477.0,1419.0,1500.0,1470.0,63,1991-10-14,950
951,103252,Alberto,Martin,R,ESP,175,1528.0,1573.0,1473.0,1505.0,1513.0,488,2010-05-03,951
953,103324,Arnaud,Di Pasquale,R,FRA,185,1528.0,1525.0,1501.0,1482.0,1433.0,167,2004-09-27,953
954,104112,Benjamin,Balleret,R,MON,185,1528.0,1521.0,1520.0,1500.0,1511.0,57,2024-09-14,954
956,100346,Paul,Kronk,R,AUS,0,1528.0,1537.0,1498.0,1492.0,1469.0,306,1984-11-26,956
957,100950,Libor,Pimek,R,BEL,196,1528.0,1551.0,1384.0,1484.0,1529.0,247,1992-07-27,957
958,101096,Gary,Muller,L,RSA,190,1528.0,1496.0,1495.0,1475.0,1527.0,203,1995-04-03,958
959,102143,Nicolas,Thomann,R,FRA,183,1528.0,1549.0,1493.0,1530.0,1499.0,39,2006-10-23,959
961,127157,Daniel,Altmaier,R,GER,188,1528.0,1491.0,1523.0,1526.0,1500.0,127,2024-11-22,961
962,100530,Andreas,Maurer,R,GER,175,1528.0,1457.0,1501.0,1512.0,1536.0,260,1989-05-08,962
967,101048,Francisco,Maciel,R,MEX,185,1527.0,1537.0,1487.0,1483.0,1528.0,107,1992-07-27,967
970,100567,Chip,Hooper,R,USA,198,1527.0,1489.0,1525.0,1548.0,1454.0,223,1988-08-22,970
973,100401,Sean,Sorensen,R,IRL,0,1527.0,1489.0,1512.0,1502.0,1523.0,56,1987-05-06,973
974,100431,Mansour,Bahrami,R,IRI,178,1527.0,1525.0,1526.0,1489.0,1472.0,94,1997-04-04,974
976,101591,Danny,Sapsford,R,GBR,173,1527.0,1538.0,1485.0,1532.0,1498.0,50,1999-06-21,976
977,101147,Claudio,Mezzadri,R,SUI,180,1527.0,1535.0,1476.0,1459.0,1517.0,256,1993-10-18,977
978,100216,Charlie,Owens,R,USA,0,1527.0,1528.0,1511.0,1497.0,1402.0,135,1981-01-19,978
979,101577,Jia Ping,Xia,R,CHN,165,1527.0,1485.0,1478.0,1500.0,1531.0,40,1997-09-29,979
980,105028,Jesse,Levine,L,CAN,175,1526.0,1500.0,1617.0,1488.0,1500.0,95,2013-08-05,980
982,101216,Olli,Rahnasto,R,FIN,183,1526.0,1490.0,1542.0,1497.0,1513.0,51,1993-04-30,982
983,110987,Saeed,Meer,R,PAK,0,1526.0,1486.0,1504.0,1487.0,1500.0,46,1981-02-13,983
984,101063,Jordi,Arrese,R,ESP,175,1526.0,1427.0,1488.0,1528.0,1522.0,435,1996-06-17,984
985,100009,Istvan,Gulyas,R,HUN,0,1526.0,1481.0,1499.0,1521.0,1500.0,73,1973-07-09,985
986,100742,Christo,Steyn,R,RSA,185,1526.0,1548.0,1511.0,1540.0,1568.0,96,1988-01-11,986
990,101549,Rodolphe,Gilbert,L,FRA,183,1525.0,1515.0,1520.0,1540.0,1502.0,183,1999-09-27,990
991,102223,Karim,Alami,R,MAR,185,1525.0,1552.0,1491.0,1513.0,1479.0,352,2002-12-30,991
992,103393,Yuri,Schukin,R,KAZ,188,1525.0,1517.0,1510.0,1500.0,1500.0,36,2011-01-31,992
1001,101026,Jim,Grabb,R,USA,193,1524.0,1520.0,1500.0,1477.0,1512.0,378,1997-07-14,1001
1007,102722,Attila,Savolt,R,HUN,183,1524.0,1513.0,1539.0,1517.0,1480.0,101,2004-09-27,1007
1008,101971,Johan,Anderson,R,AUS,183,1524.0,1541.0,1478.0,1502.0,1522.0,64,1992-10-05,1008
1009,101642,Bart,Wuyts,R,BEL,178,1524.0,1482.0,1465.0,1541.0,1488.0,117,1994-03-25,1009
1010,103722,Florent,Serra,R,FRA,180,1524.0,1427.0,1515.0,1435.0,1501.0,293,2014-09-15,1010
1018,105216,Yuichi,Sugita,R,JPN,173,1523.0,1511.0,1492.0,1542.0,1512.0,146,2021-08-30,1018
1019,100278,Frank,Gebert,R,GER,0,1523.0,1505.0,1476.0,1420.0,1564.0,109,1978-07-24,1019
1022,101407,David,Engel,R,SWE,180,1523.0,1547.0,1495.0,1503.0,1478.0,72,1995-07-10,1022
1028,102001,German,Lopez,R,ESP,193,1523.0,1529.0,1484.0,1469.0,1510.0,77,1997-04-14,1028
1030,100193,Wanaro,N'Godrella,R,FRA,0,1523.0,1489.0,1538.0,1451.0,1500.0,129,1976-05-31,1030
1031,104433,Frank,Dancevic,R,CAN,185,1523.0,1477.0,1513.0,1513.0,1512.0,180,2017-07-17,1031
1032,144719,Jaume,Munar,R,ESP,183,1523.0,1519.0,1495.0,1526.0,1500.0,224,2024-10-14,1032
1034,105815,Tennys,Sandgren,R,USA,188,1523.0,1510.0,1433.0,1517.0,1500.0,123,2024-02-05,1034
1035,105413,Andrej,Martin,R,SVK,183,1523.0,1569.0,1463.0,1503.0,1500.0,65,2022-01-31,1035
1041,103701,Diego,Hartfield,R,ARG,185,1523.0,1462.0,1476.0,1523.0,1511.0,47,2008-04-14,1041
1043,105053,Santiago,Giraldo,R,COL,188,1523.0,1532.0,1511.0,1523.0,1499.0,372,2020-03-06,1043
1048,103153,Gilles,Elseneer,R,BEL,188,1522.0,1478.0,1458.0,1523.0,1557.0,42,2006-04-07,1048
1049,103077,Konstantinos,Economidis,R,GRE,188,1522.0,1524.0,1482.0,1532.0,1497.0,44,2011-07-08,1049
1050,106075,Jozef,Kovalik,R,SVK,183,1522.0,1523.0,1550.0,1488.0,1500.0,81,2024-09-15,1050
1051,100003,Frank,Sedgman,R,AUS,180,1522.0,1489.0,1513.0,1476.0,1500.0,50,1976-05-10,1051
1053,106216,Bjorn,Fratangelo,R,USA,183,1522.0,1525.0,1491.0,1551.0,1500.0,62,2023-07-31,1053
1055,104424,Go,Soeda,R,JPN,178,1522.0,1454.0,1467.0,1559.0,1513.0,148,2020-08-31,1055
1056,102967,Marc,Gicquel,R,FRA,188,1522.0,1519.0,1496.0,1533.0,1524.0,205,2014-02-03,1056
1064,104999,Mischa,Zverev,L,GER,190,1522.0,1527.0,1480.0,1548.0,1556.0,334,2021-03-22,1064
1067,103487,Federico,Luzzi,R,ITA,188,1521.0,1513.0,1530.0,1500.0,1488.0,49,2007-07-23,1067
1073,100054,Jose Edison,Mandarino,R,BRA,173,1521.0,1509.0,1518.0,1464.0,1448.0,152,1977-10-10,1073
1074,100475,Matt,Mitchell,R,USA,180,1521.0,1511.0,1463.0,1462.0,1519.0,163,1986-03-24,1074
1075,101582,Gilbert,Schaller,R,AUT,180,1521.0,1465.0,1472.0,1449.0,1458.0,247,1998-04-27,1075
1081,104919,Leonardo,Mayer,R,ARG,188,1521.0,1515.0,1495.0,1501.0,1500.0,378,2021-03-08,1081
1082,104548,Brian,Baker,R,USA,190,1521.0,1484.0,1478.0,1563.0,1500.0,60,2016-08-29,1082
1090,207678,Juan Manuel,Cerundolo,L,ARG,183,1520.0,1495.0,1486.0,1530.0,1500.0,41,2024-02-26,1090
1091,100848,Alberto,Tous,R,ESP,175,1520.0,1479.0,1477.0,1505.0,1542.0,102,1989-05-29,1091
1092,101475,Carlos,Costa,R,ESP,183,1520.0,1554.0,1562.0,1477.0,1540.0,456,1999-09-13,1092
1094,100523,Erick,Iskersky,R,USA,180,1520.0,1529.0,1488.0,1464.0,1480.0,94,1985-08-19,1094
1096,102287,Albert,Portas,R,ESP,188,1520.0,1572.0,1532.0,1527.0,1490.0,340,2007-04-15,1096
1097,100367,Belus,Prajoux,R,CHI,170,1520.0,1501.0,1587.0,1493.0,1441.0,220,1986-08-11,1097
1098,102018,Tamer,El Sawy,R,EGY,188,1520.0,1488.0,1474.0,1483.0,1533.0,42,1998-07-17,1098
1101,101731,Nuno,Marques,L,POR,190,1520.0,1506.0,1524.0,1488.0,1537.0,158,2000-04-10,1101
1104,106043,Diego,Schwartzman,R,ARG,170,1520.0,1440.0,1537.0,1503.0,1500.0,476,2024-08-26,1104
1106,105477,Marco,Trungelliti,R,ARG,178,1520.0,1555.0,1484.0,1500.0,1500.0,41,2024-09-18,1106
1108,103794,Benjamin,Becker,R,GER,178,1520.0,1523.0,1469.0,1526.0,1510.0,375,2017-03-20,1108
1112,101775,Frederik,Fetterlein,R,DEN,190,1519.0,1488.0,1514.0,1499.0,1447.0,110,2003-09-19,1112
1113,104947,Marsel,Ilhan,R,TUR,191,1519.0,1528.0,1499.0,1478.0,1523.0,92,2021-01-05,1113
1114,101997,Marzio,Martelli,R,ITA,180,1519.0,1477.0,1512.0,1470.0,1444.0,51,2001-07-16,1114
1121,104291,Malek,Jaziri,R,TUN,185,1519.0,1509.0,1530.0,1523.0,1512.0,243,2023-02-27,1121
1123,101955,Luis,Herrera,L,MEX,170,1519.0,1507.0,1530.0,1523.0,1530.0,136,1999-09-24,1123
1124,100440,Eddie,Edwards,R,RSA,190,1519.0,1518.0,1512.0,1478.0,1512.0,220,1988-08-15,1124
1125,100035,Ion,Tiriac,R,ROU,185,1519.0,1474.0,1537.0,1516.0,1501.0,352,1979-02-26,1125
1126,106000,Damir,Dzumhur,R,BIH,175,1519.0,1514.0,1454.0,1523.0,1488.0,274,2024-10-14,1126
1129,101439,Javier,Sanchez,R,ESP,178,1519.0,1501.0,1458.0,1472.0,1500.0,661,2000-01-03,1129
1130,100799,Carlos,Castellan,R,ARG,190,1519.0,1455.0,1514.0,1500.0,1500.0,70,1986-11-10,1130
1131,104122,Carlos,Berlocq,R,ARG,183,1519.0,1545.0,1551.0,1522.0,1500.0,330,2019-04-08,1131
1138,100307,Paul,Torre,R,FRA,180,1518.0,1485.0,1485.0,1500.0,1508.0,35,1986-09-08,1138
1140,100603,Roland,Stadler,A,SUI,178,1518.0,1528.0,1513.0,1468.0,1508.0,160,1989-09-11,1140
1143,209414,Luca,Van Assche,R,FRA,178,1518.0,1481.0,1503.0,1510.0,1500.0,61,2024-12-18,1143
1145,101485,Tanakorn,Srichaphan,R,THA,0,1518.0,1486.0,1489.0,1500.0,1474.0,41,1997-04-04,1145
1157,100219,Geoff,Masters,R,AUS,0,1517.0,1481.0,1491.0,1537.0,1487.0,479,1981-01-05,1157
1158,100481,Roberto,Vizcaino,R,ESP,178,1517.0,1519.0,1462.0,1500.0,1480.0,54,1984-10-01,1158
1165,105806,Mirza,Basic,R,BIH,188,1517.0,1549.0,1554.0,1538.0,1512.0,75,2024-09-14,1165
1171,100836,Glenn,Michibata,R,CAN,175,1517.0,1519.0,1489.0,1532.0,1498.0,195,1992-03-30,1171
1172,100930,Paul,Vojtischek,R,GER,188,1516.0,1486.0,1491.0,1521.0,1512.0,59,1991-10-14,1172
1173,102466,Jan,Kroslak,R,SVK,188,1516.0,1486.0,1518.0,1482.0,1500.0,172,2002-02-08,1173
1179,102118,Radomir,Vasek,R,CZE,188,1516.0,1477.0,1524.0,1493.0,1477.0,60,2000-07-24,1179
1182,104979,Andrey,Golubev,R,KAZ,180,1516.0,1538.0,1509.0,1559.0,1456.0,184,2015-09-21,1182
1183,100522,Chris,Dunk,R,USA,193,1516.0,1533.0,1496.0,1513.0,1504.0,50,1986-02-03,1183
1184,100390,Trevor,Allan,L,AUS,178,1516.0,1468.0,1500.0,1493.0,1488.0,59,1986-07-07,1184
1185,100943,Girts,Dzelde,R,LAT,173,1516.0,1432.0,1501.0,1500.0,1499.0,37,2000-07-21,1185
1188,103499,Aqeel,Khan,R,PAK,0,1516.0,1454.0,1525.0,1488.0,1500.0,75,2024-09-14,1188
1199,108342,Tadeusz,Nowicki,R,POL,0,1515.0,1510.0,1488.0,1501.0,1510.0,60,1981-06-12,1199
1200,103174,Noam,Okun,R,ISR,185,1515.0,1551.0,1482.0,1542.0,1499.0,94,2013-02-01,1200
1202,102135,Emilio,Benfele Alvarez,R,ESP,183,1515.0,1487.0,1509.0,1526.0,1488.0,112,2001-07-23,1202
1206,103133,Olivier,Mutis,R,FRA,175,1515.0,1437.0,1450.0,1540.0,1550.0,65,2005-04-04,1206
1211,102809,Axel,Pretzsch,R,GER,185,1515.0,1464.0,1484.0,1550.0,1500.0,36,2002-07-08,1211
1212,111200,Elias,Ymer,R,SWE,185,1515.0,1525.0,1544.0,1465.0,1500.0,118,2024-10-14,1212
1220,101284,Lars Anders,Wahlgren,R,SWE,193,1515.0,1463.0,1508.0,1489.0,1493.0,73,1995-07-10,1220
1221,100178,Bob,Giltinan,R,AUS,0,1515.0,1532.0,1468.0,1496.0,1496.0,188,1979-07-09,1221
1225,104557,Andis,Juska,R,LAT,0,1514.0,1513.0,1532.0,1500.0,1550.0,40,2014-09-12,1225
1226,100486,Christophe,Roger-Vasselin,R,FRA,188,1514.0,1554.0,1539.0,1490.0,1497.0,221,1985-05-27,1226
1228,104665,Pablo,Andujar,R,ESP,180,1514.0,1530.0,1459.0,1549.0,1500.0,408,2023-04-17,1228
1231,100221,Carlos,Kirmayr,R,BRA,173,1514.0,1459.0,1512.0,1510.0,1512.0,324,1987-02-23,1231
1237,105487,Facundo,Bagnis,L,ARG,183,1514.0,1551.0,1535.0,1477.0,1500.0,131,2024-04-22,1237
1250,102263,Yong Il,Yoon,R,KOR,175,1513.0,1491.0,1593.0,1530.0,1523.0,40,2002-02-08,1250
1256,102615,Dennis,Van Scheppingen,R,NED,185,1513.0,1546.0,1493.0,1514.0,1477.0,116,2007-02-19,1256
1263,109815,Stanley,Matthews,R,GBR,0,1513.0,1477.0,1506.0,1503.0,1487.0,33,1973-06-25,1263
1266,104019,Kristof,Vliegen,R,BEL,193,1513.0,1482.0,1470.0,1471.0,1491.0,212,2010-09-20,1266
1267,103582,Michael,Berrer,L,GER,193,1513.0,1512.0,1517.0,1497.0,1504.0,233,2016-10-17,1267
1268,101312,Robbie,Weiss,R,USA,183,1513.0,1517.0,1498.0,1515.0,1451.0,127,1995-05-15,1268
1273,100681,Morris Skip,Strode,R,USA,193,1513.0,1479.0,1465.0,1525.0,1484.0,43,1983-11-29,1273
1280,102192,Luis Adrian,Morejon,R,ECU,178,1512.0,1513.0,1525.0,1490.0,1487.0,67,2002-07-12,1280
1284,103319,Jeff,Morrison,R,USA,185,1512.0,1526.0,1498.0,1531.0,1500.0,90,2006-08-28,1284
1288,106782,Colin,Grant,R,HKG,0,1512.0,1472.0,1475.0,1500.0,1512.0,32,1994-03-25,1288
1294,103444,Jean Rene,Lisnard,R,MON,173,1512.0,1446.0,1451.0,1513.0,1500.0,140,2013-04-05,1294
1353,103454,Nicolas,Massu,R,CHI,183,1512.0,1472.0,1524.0,1541.0,1536.0,497,2013-02-04,1353
1354,109739,Maximilian,Marterer,L,GER,188,1512.0,1580.0,1502.0,1511.0,1500.0,120,2024-10-14,1354
1376,100211,Louk,Sanders,R,NED,0,1512.0,1520.0,1484.0,1503.0,1553.0,151,1982-11-06,1376
1387,107275,Jan,Hordijk,R,NED,0,1511.0,1506.0,1532.0,1477.0,1443.0,38,1975-02-24,1387
1390,122669,Juan Pablo,Varillas,R,PER,185,1511.0,1490.0,1524.0,1454.0,1500.0,84,2024-09-13,1390
1394,100136,Humphrey,Hose,R,VEN,0,1511.0,1444.0,1499.0,1522.0,1486.0,65,1979-12-07,1394
1405,105572,Austin,Krajicek,L,USA,188,1511.0,1561.0,1538.0,1469.0,1500.0,36,2017-07-17,1405
1418,100728,Todd,Nelson,R,USA,185,1511.0,1490.0,1550.0,1506.0,1481.0,143,1993-08-16,1418
1422,100553,Nduka,Odizor,R,NGR,183,1511.0,1522.0,1499.0,1480.0,1488.0,224,1993-04-30,1422
1429,100200,Antonio,Zugarelli,R,ITA,0,1511.0,1561.0,1506.0,1532.0,1497.0,277,1983-06-06,1429
1444,104755,Richard,Gasquet,R,FRA,183,1510.0,1492.0,1533.0,1509.0,1512.0,1022,2024-11-04,1444
1449,102869,Galo,Blanco,R,ESP,173,1510.0,1456.0,1517.0,1512.0,1492.0,297,2006-04-24,1449
1453,101681,Chris,Wilkinson,R,GBR,180,1510.0,1545.0,1484.0,1459.0,1448.0,78,1999-06-21,1453
1456,100864,Martin,Wostenholme,R,CAN,183,1510.0,1523.0,1521.0,1499.0,1486.0,143,1992-02-03,1456
1461,102524,Neville,Godwin,R,RSA,173,1510.0,1552.0,1522.0,1503.0,1498.0,92,2002-08-12,1461
1463,100472,Craig,Wittus,R,USA,180,1510.0,1545.0,1537.0,1511.0,1507.0,56,1984-06-25,1463
1467,102250,Emanuel,Couto,R,POR,183,1510.0,1512.0,1454.0,1500.0,1517.0,36,2003-04-04,1467
1474,102768,Federico,Browne,R,ARG,180,1510.0,1521.0,1456.0,1500.0,1500.0,31,2004-05-17,1474
1477,106044,Nicolas,Kicker,R,ARG,178,1510.0,1429.0,1495.0,1529.0,1500.0,48,2022-02-21,1477
1481,104250,Prakash,Amritraj,R,IND,188,1510.0,1527.0,1496.0,1494.0,1517.0,53,2013-07-08,1481
1482,100244,John,Alexander,R,AUS,190,1510.0,1490.0,1494.0,1517.0,1490.0,939,1985-12-09,1482
1484,100942,Thierry,Tulasne,R,FRA,178,1510.0,1536.0,1454.0,1472.0,1493.0,451,1991-09-09,1484
1486,102463,Lucas Arnold,Ker,R,ARG,180,1510.0,1517.0,1518.0,1478.0,1537.0,53,2004-04-09,1486
1489,100090,Dick,Crealy,R,AUS,191,1509.0,1479.0,1481.0,1480.0,1477.0,561,1981-01-05,1489
1491,100304,Bob,Kreiss,R,USA,0,1509.0,1513.0,1529.0,1527.0,1544.0,90,1975-11-15,1491
1492,102650,Roberto,Carretero,R,ESP,178,1509.0,1503.0,1458.0,1500.0,1489.0,68,2001-09-24,1492
1493,109745,Lew,Hoad,R,AUS,179,1509.0,1487.0,1513.0,1490.0,1500.0,34,1974-05-26,1493
1495,102300,Gouichi,Motomura,R,JPN,173,1509.0,1528.0,1431.0,1490.0,1510.0,76,2006-10-02,1495
1496,101482,Markus,Zoecke,R,GER,196,1509.0,1522.0,1468.0,1514.0,1505.0,170,1995-07-17,1496
1498,105011,Illya,Marchenko,R,UKR,185,1509.0,1490.0,1524.0,1496.0,1500.0,161,2023-08-21,1498
1508,100900,Josef,Cihak,R,CZE,185,1509.0,1549.0,1513.0,1465.0,1513.0,46,1989-10-16,1508
1511,106214,Oscar,Otte,R,GER,193,1509.0,1466.0,1491.0,1565.0,1500.0,86,2024-06-17,1511
1529,100377,Colin,Dowdeswell,R,GBR,185,1509.0,1550.0,1508.0,1514.0,1492.0,297,1986-06-23,1529
1535,101809,Nicolas,Pereira,R,VEN,188,1508.0,1496.0,1513.0,1505.0,1515.0,214,1997-07-14,1535
1542,100544,Tony,Mmoh,R,NGR,178,1508.0,1555.0,1479.0,1469.0,1524.0,49,1988-09-20,1542
1556,102987,Andre,Sa,R,BRA,185,1508.0,1443.0,1441.0,1476.0,1512.0,144,2007-09-21,1556
1558,103714,Andreas,Vinciguerra,L,SWE,180,1508.0,1492.0,1471.0,1479.0,1588.0,190,2013-07-08,1558
1563,106580,Arjun,Fernando,R,SRI,0,1508.0,1489.0,1477.0,1500.0,1500.0,32,1991-07-19,1563
1568,202195,Maxime,Cressy,R,USA,201,1508.0,1521.0,1549.0,1481.0,1500.0,101,2024-07-29,1568
1572,100833,Marc,Flur,R,USA,190,1507.0,1508.0,1521.0,1495.0,1501.0,101,1989-08-28,1572
1576,100344,Eric,Friedler,R,USA,0,1507.0,1487.0,1530.0,1533.0,1482.0,53,1980-08-18,1576
1588,100934,Matt,Anger,R,USA,188,1507.0,1503.0,1444.0,1523.0,1452.0,188,1989-11-13,1588
1591,102154,Marcos,Ondruska,R,RSA,183,1507.0,1495.0,1512.0,1500.0,1538.0,265,2001-07-20,1591
1593,100837,Jeremy,Bates,R,GBR,180,1507.0,1451.0,1485.0,1500.0,1530.0,322,1996-06-24,1593
1601,100624,Derek,Tarr,L,USA,185,1507.0,1532.0,1504.0,1500.0,1500.0,58,1987-07-27,1601
1603,100652,Cassio,Motta,R,BRA,180,1507.0,1520.0,1535.0,1490.0,1473.0,298,1993-11-01,1603
1604,105633,Mohamed,Safwat,R,EGY,180,1507.0,1518.0,1513.0,1497.0,1486.0,42,2024-09-13,1604
1611,102788,Jan,Vacek,R,CZE,198,1506.0,1511.0,1547.0,1515.0,1488.0,90,2008-06-09,1611
1612,100651,Alejandro,Ganzabal,R,ARG,180,1506.0,1463.0,1500.0,1500.0,1488.0,114,1987-01-26,1612
1613,105952,Renzo,Olivo,R,ARG,178,1506.0,1530.0,1460.0,1519.0,1500.0,56,2022-02-21,1613
1629,100368,Haroon,Ismail,R,ZIM,178,1506.0,1497.0,1513.0,1457.0,1443.0,82,1988-04-08,1629
1631,101593,Chris,Garner,R,USA,180,1506.0,1492.0,1487.0,1439.0,1525.0,62,1994-05-09,1631
1636,100184,Lars,Elvstrom,R,DEN,0,1506.0,1495.0,1437.0,1494.0,1540.0,38,1979-11-05,1636
1641,103908,Paul Henri,Mathieu,R,FRA,185,1506.0,1522.0,1466.0,1521.0,1512.0,584,2017-09-18,1641
1643,102088,Joern,Renzenbrink,R,GER,196,1506.0,1463.0,1509.0,1488.0,1449.0,88,1996-08-19,1643
1650,101534,Libor,Nemecek,R,CZE,168,1505.0,1475.0,1490.0,1500.0,1500.0,31,1998-07-27,1650
1653,103157,Arvind,Parmar,R,GBR,193,1505.0,1500.0,1523.0,1491.0,1509.0,45,2006-04-07,1653
1665,102234,Oliver,Gross,R,GER,185,1505.0,1515.0,1488.0,1524.0,1496.0,128,2003-07-21,1665
1684,103823,Denis,Gremelmayr,L,GER,183,1504.0,1512.0,1484.0,1465.0,1500.0,90,2012-01-02,1684
1686,100240,Joao,Soares,R,BRA,185,1504.0,1469.0,1472.0,1507.0,1513.0,143,1987-11-09,1686
1693,100714,Broderick,Dyke,L,AUS,183,1504.0,1528.0,1484.0,1516.0,1513.0,199,1993-01-18,1693
1695,101914,Lars,Koslowski,R,GER,188,1504.0,1478.0,1490.0,1491.0,1437.0,45,1993-05-03,1695
1700,100646,Claudio,Panatta,R,ITA,178,1504.0,1525.0,1450.0,1489.0,1486.0,248,1989-06-19,1700
1707,100245,Jeff,Austin,R,USA,0,1504.0,1484.0,1494.0,1492.0,1522.0,136,1977-07-18,1707
1714,102153,German,Puentes,R,ESP,173,1504.0,1544.0,1544.0,1530.0,1500.0,41,2001-09-24,1714
1716,101362,Stephane,Simian,L,FRA,193,1504.0,1511.0,1519.0,1493.0,1566.0,125,1998-07-06,1716
1721,100800,Diego,Perez,R,URU,178,1504.0,1524.0,1515.0,1553.0,1530.0,463,1995-03-31,1721
1724,105147,Tatsuma,Ito,R,JPN,180,1503.0,1479.0,1573.0,1468.0,1502.0,102,2020-01-20,1724
1726,101133,Patrick,Baur,R,GER,188,1503.0,1572.0,1564.0,1512.0,1552.0,174,1997-08-25,1726
1730,100606,Mike,Bauer,R,USA,188,1503.0,1536.0,1498.0,1512.0,1509.0,166,1995-08-21,1730
1732,101767,Lars,Jonsson,R,SWE,188,1503.0,1480.0,1481.0,1471.0,1463.0,218,1997-07-07,1732
1733,102565,Alexander,Waske,R,GER,188,1503.0,1512.0,1516.0,1504.0,1478.0,92,2007-08-27,1733
1739,100251,Grover Raz,Reid,R,USA,0,1503.0,1472.0,1471.0,1404.0,1498.0,139,1977-06-20,1739
1749,106045,Denis,Kudla,R,USA,180,1503.0,1481.0,1435.0,1490.0,1500.0,204,2024-04-01,1749
1769,105948,Federico,Coria,R,ARG,180,1503.0,1468.0,1472.0,1514.0,1500.0,127,2024-08-26,1769
1770,101249,Andrei,Olhovskiy,R,RUS,185,1503.0,1470.0,1462.0,1487.0,1489.0,283,1998-11-09,1770
1772,100147,Marcello,Lara,R,MEX,0,1503.0,1545.0,1533.0,1457.0,1498.0,177,1980-02-22,1772
1779,109838,Hank,Irvine,R,ZIM,0,1502.0,1528.0,1502.0,1488.0,1500.0,36,1972-06-26,1779
1789,100301,Jim,Delaney,R,USA,0,1502.0,1511.0,1560.0,1483.0,1487.0,209,1982-07-19,1789
1794,100102,Joaquin,Loyo Mayo,R,MEX,0,1502.0,1532.0,1472.0,1550.0,1521.0,203,1978-08-21,1794
1799,100970,Stefan,Eriksson,R,SWE,193,1502.0,1476.0,1518.0,1499.0,1519.0,53,1993-04-26,1799
1803,101050,Martin,Laurendeau,R,CAN,190,1502.0,1408.0,1460.0,1572.0,1548.0,96,1992-07-20,1803
1810,100534,Steve,Meister,R,USA,193,1502.0,1500.0,1460.0,1452.0,1462.0,93,1985-08-27,1810
1817,107000,Fernando,Dalla Fontana,R,ARG,0,1502.0,1502.0,1500.0,1500.0,1512.0,40,1981-07-28,1817
1827,106121,Taro,Daniel,R,JPN,191,1502.0,1501.0,1451.0,1479.0,1500.0,237,2024-10-14,1827
1828,104022,Mikhail,Youzhny,R,RUS,183,1502.0,1501.0,1484.0,1452.0,1524.0,922,2018-09-17,1828
1831,101862,Maurice,Ruah,R,VEN,178,1501.0,1502.0,1536.0,1514.0,1493.0,92,2000-02-04,1831
1832,102434,Vincent,Spadea,R,USA,183,1501.0,1481.0,1509.0,1482.0,1517.0,671,2010-02-22,1832
1836,101459,Tomas,Nydahl,R,SWE,185,1501.0,1491.0,1516.0,1544.0,1498.0,97,1998-09-14,1836
1840,100364,Jonathan,Smith,R,GBR,188,1501.0,1502.0,1516.0,1509.0,1503.0,113,1985-11-18,1840
1844,100464,Warren,Maher,R,AUS,0,1501.0,1551.0,1498.0,1495.0,1504.0,57,1983-11-29,1844
1853,101422,Mark,Kaplan,R,RSA,185,1501.0,1486.0,1469.0,1502.0,1500.0,32,1994-07-04,1853
1866,103868,Ivan,Navarro,R,ESP,183,1501.0,1553.0,1412.0,1519.0,1500.0,100,2012-04-30,1866
1897,100235,Antonio,Munoz,R,ESP,0,1501.0,1465.0,1514.0,1558.0,1526.0,275,1981-10-05,1897
1898,105842,Di,Wu,R,CHN,175,1501.0,1512.0,1510.0,1468.0,1543.0,54,2019-09-23,1898
1905,103565,Stephane,Robert,R,FRA,185,1501.0,1525.0,1454.0,1513.0,1500.0,113,2020-01-13,1905
1906,100545,Deon,Joubert,L,RSA,0,1501.0,1577.0,1503.0,1520.0,1458.0,116,1984-07-16,1906
1908,105877,Emilio,Gomez,R,ECU,185,1501.0,1477.0,1489.0,1500.0,1500.0,54,2024-02-02,1908
1914,100878,Christoph,Zipf,R,GER,185,1500.0,1535.0,1465.0,1500.0,1495.0,43,1986-10-13,1914
61348,100303,Henry,Bunis,R,USA,0,1500.0,1508.0,1497.0,1507.0,1511.0,86,1978-07-10,61348
61357,105132,Jurgen,Zopp,R,EST,190,1500.0,1458.0,1488.0,1478.0,1524.0,63,2018-10-15,61357
61396,105438,Inigo,Cervantes Huegun,R,ESP,180,1500.0,1498.0,1503.0,1547.0,1500.0,49,2017-02-27,61396
61399,100499,Chris,Mayotte,R,USA,186,1499.0,1463.0,1510.0,1513.0,1560.0,92,1982-10-18,61399
61403,100772,Kelly,Evernden,R,NZL,175,1499.0,1488.0,1524.0,1538.0,1422.0,284,1994-04-29,61403
61417,101285,Thierry,Champion,R,FRA,183,1499.0,1482.0,1501.0,1504.0,1502.0,266,1997-09-08,61417
61425,100217,Bob,Mckinley,R,USA,0,1499.0,1516.0,1509.0,1534.0,1475.0,54,1973-10-07,61425
61439,100281,Sashi,Menon,R,IND,180,1499.0,1511.0,1510.0,1533.0,1510.0,289,1985-10-14,61439
61450,101430,Sergio,Cortes,R,CHI,170,1499.0,1520.0,1501.0,1500.0,1500.0,44,1996-11-04,61450
61471,101020,Hans,Schwaier,R,GER,173,1499.0,1512.0,1494.0,1512.0,1500.0,151,1990-07-16,61471
61478,105062,Mikhail,Kukushkin,R,KAZ,183,1499.0,1487.0,1516.0,1558.0,1526.0,413,2024-10-14,61478
61494,103594,Oliver,Marach,R,AUT,185,1498.0,1516.0,1515.0,1509.0,1465.0,53,2015-07-17,61494
61503,100451,Tony,Graham,R,USA,0,1498.0,1535.0,1498.0,1482.0,1467.0,65,1982-08-16,61503
61509,100363,Jiri,Granat,R,CZE,185,1498.0,1513.0,1488.0,1522.0,1514.0,105,1983-11-14,61509
61511,100123,Patrick,Hombergen,R,BEL,0,1498.0,1527.0,1544.0,1537.0,1492.0,88,1980-02-08,61511
61542,104081,Boris,Pashanski,R,SRB,180,1498.0,1450.0,1477.0,1488.0,1523.0,81,2013-02-01,61542
61545,101947,Vincenzo,Santopadre,L,ITA,183,1498.0,1476.0,1559.0,1523.0,1527.0,46,2004-02-09,61545
61551,100443,Christophe,Freyss,L,FRA,183,1497.0,1551.0,1447.0,1481.0,1482.0,131,1984-09-17,61551
61554,105671,Gastao,Elias,R,POR,180,1497.0,1506.0,1475.0,1508.0,1512.0,85,2021-09-18,61554
61565,100012,Nicola,Pietrangeli,R,ITA,178,1497.0,1562.0,1487.0,1497.0,1444.0,42,1973-06-25,61565
61621,100076,Milan,Holecek,R,CZE,190,1496.0,1484.0,1474.0,1541.0,1513.0,223,1976-07-18,61621
61623,101938,Bernardo,Mota,R,POR,178,1496.0,1553.0,1478.0,1500.0,1525.0,37,2004-04-09,61623
61624,102085,Sasa,Hirszon,R,CRO,185,1496.0,1489.0,1502.0,1552.0,1492.0,35,1998-02-13,61624
61638,101469,Brian,Garrow,R,USA,173,1496.0,1520.0,1528.0,1454.0,1495.0,39,1991-08-12,61638
61656,101165,Mario,Tabares,R,CUB,180,1496.0,1498.0,1509.0,1500.0,1519.0,38,1994-03-25,61656
61666,103082,Markus,Hantschk,R,GER,188,1496.0,1513.0,1633.0,1424.0,1500.0,67,2004-01-05,61666
61669,103204,Hugo,Armando,R,USA,183,1496.0,1520.0,1502.0,1500.0,1500.0,43,2008-04-14,61669
61674,102843,Suwandi,Suwandi,R,INA,178,1496.0,1488.0,1545.0,1500.0,1511.0,53,2006-09-22,61674
61679,100079,Bill,Bowrey,R,AUS,0,1496.0,1489.0,1521.0,1495.0,1498.0,120,1975-03-26,61679
61715,101448,Tasos,Bavelas,L,GRE,0,1495.0,1483.0,1485.0,1499.0,1499.0,37,1994-04-29,61715
61731,105539,Evgeny,Donskoy,R,RUS,185,1495.0,1509.0,1502.0,1544.0,1500.0,172,2021-10-18,61731
61737,102957,Vadim,Kutsenko,R,RUS,180,1495.0,1476.0,1488.0,1500.0,1499.0,43,2004-04-09,61737
61743,100359,Richard,Lewis,L,GBR,0,1495.0,1487.0,1472.0,1501.0,1482.0,194,1984-06-25,61743
61748,100094,Jim,Osborne,R,USA,185,1495.0,1487.0,1505.0,1487.0,1499.0,134,1982-09-27,61748
61780,100711,Pedro,Rebolledo,R,CHI,170,1495.0,1499.0,1551.0,1464.0,1490.0,227,1992-03-27,61780
61782,101789,Steve,Bryan,R,USA,178,1495.0,1468.0,1486.0,1501.0,1565.0,106,1997-08-11,61782
61785,102925,Justin,Gimelstob,R,USA,196,1495.0,1518.0,1485.0,1512.0,1532.0,279,2007-10-22,61785
61801,101701,Bing,Pan,R,CHN,185,1495.0,1499.0,1428.0,1512.0,1511.0,37,1997-04-04,61801
61825,104314,Brian,Dabul,L,ARG,170,1494.0,1516.0,1492.0,1481.0,1500.0,42,2011-07-04,61825
61838,100160,Georges,Goven,R,FRA,173,1494.0,1501.0,1521.0,1519.0,1476.0,401,1984-07-23,61838
61850,102655,Jimy,Szymanski,R,VEN,175,1494.0,1524.0,1488.0,1500.0,1500.0,53,2006-02-10,61850
61851,105641,Blaz,Rola,L,SLO,193,1494.0,1536.0,1487.0,1521.0,1500.0,38,2023-09-15,61851
61855,100884,Steve,Shaw,R,GBR,190,1494.0,1452.0,1479.0,1534.0,1463.0,71,1988-08-08,61855
61860,101311,Kent,Kinnear,R,USA,196,1494.0,1500.0,1497.0,1490.0,1525.0,31,1997-08-11,61860
61876,100201,Syd,Ball,R,AUS,188,1494.0,1475.0,1569.0,1498.0,1516.0,295,1982-12-02,61876
61891,100375,John,Hayes,R,USA,193,1494.0,1499.0,1497.0,1511.0,1495.0,43,1984-08-28,61891
61932,106228,Juan Ignacio,Londero,R,ARG,180,1494.0,1460.0,1466.0,1529.0,1500.0,85,2022-05-23,61932
61946,104890,Andreas,Haider Maurer,R,AUT,190,1493.0,1496.0,1501.0,1518.0,1500.0,124,2018-05-28,61946
61983,106220,Dimitar,Kuzmanov,R,BUL,183,1493.0,1639.0,1534.0,1500.0,1512.0,38,2024-02-03,61983
61988,101000,Carl,Limberger,R,AUS,170,1493.0,1515.0,1431.0,1473.0,1465.0,110,1992-11-09,61988
61989,100460,Jose,Lopez Maeso,R,ESP,173,1493.0,1477.0,1502.0,1512.0,1490.0,163,1989-09-11,61989
62006,100701,Marko,Ostoja,R,CRO,175,1493.0,1473.0,1488.0,1497.0,1545.0,230,1990-07-09,62006
62014,103503,Robin,Vik,R,CZE,183,1493.0,1479.0,1533.0,1492.0,1529.0,58,2009-05-17,62014
62022,101066,Richard,Matuszewski,R,USA,188,1493.0,1497.0,1497.0,1486.0,1482.0,134,1995-02-06,62022
62023,105077,Albert,Ramos,L,ESP,188,1493.0,1534.0,1510.0,1541.0,1500.0,613,2024-08-26,62023
62073,104160,Lukas,Dlouhy,R,CZE,185,1492.0,1488.0,1537.0,1470.0,1500.0,77,2010-07-09,62073
62076,103607,Victor,Estrella,R,DOM,173,1492.0,1533.0,1499.0,1497.0,1500.0,159,2018-07-16,62076
62078,101543,Jeff,Tarango,L,USA,180,1492.0,1476.0,1477.0,1483.0,1398.0,534,2002-02-11,62078
62098,106283,Mitchell,Krueger,R,USA,188,1492.0,1518.0,1546.0,1547.0,1500.0,32,2024-09-18,62098
62113,105613,Norbert,Gombos,R,SVK,193,1492.0,1499.0,1487.0,1472.0,1500.0,85,2024-09-15,62113
62125,102780,Frederic,Niemeyer,R,CAN,190,1492.0,1502.0,1540.0,1515.0,1501.0,45,2009-08-10,62125
62146,100616,Andy,Kohlberg,L,USA,178,1492.0,1500.0,1524.0,1535.0,1538.0,50,1988-04-11,62146
62147,105882,Stefano,Travaglia,R,ITA,185,1492.0,1452.0,1483.0,1555.0,1500.0,85,2023-08-28,62147
62215,126535,Carlos,Taberner,R,ESP,183,1491.0,1542.0,1498.0,1442.0,1500.0,38,2024-04-15,62215
62245,105065,Tim,Smyczek,R,USA,175,1491.0,1450.0,1484.0,1493.0,1500.0,128,2019-07-29,62245
62261,101477,Chris,Bailey,R,GBR,196,1491.0,1500.0,1515.0,1493.0,1428.0,49,1994-06-20,62261
62283,101660,Francisco,Montana,R,USA,183,1491.0,1531.0,1486.0,1499.0,1476.0,54,1997-01-27,62283
62290,101142,Emilio,Sanchez,R,ESP,180,1491.0,1492.0,1488.0,1539.0,1504.0,725,1997-09-08,62290
62329,100935,Michael,Robertson,R,USA,185,1491.0,1605.0,1509.0,1468.0,1480.0,69,1991-05-27,62329
62340,101490,Daniel,Orsanic,L,ARG,183,1491.0,1535.0,1470.0,1498.0,1538.0,45,1998-07-06,62340
62363,104262,Flavio,Cipolla,R,ITA,173,1490.0,1521.0,1521.0,1503.0,1500.0,102,2013-07-08,62363
62367,100407,Dale,Collings,R,AUS,0,1490.0,1523.0,1513.0,1460.0,1483.0,66,1982-12-28,62367
62371,100587,Steve,Guy,R,NZL,188,1490.0,1427.0,1462.0,1465.0,1529.0,56,1991-01-07,62371
62487,100789,Ivan,Dupasquier,R,SUI,0,1490.0,1488.0,1486.0,1500.0,1532.0,46,1983-10-10,62487
62493,100268,Denis,Naegelen,R,FRA,0,1490.0,1529.0,1490.0,1500.0,1547.0,49,1982-07-26,62493
62503,100939,Joey,Rive,L,USA,185,1490.0,1503.0,1511.0,1506.0,1488.0,134,1994-03-25,62503
62516,144817,Marc Andrea,Huesler,L,SUI,196,1490.0,1469.0,1463.0,1475.0,1500.0,83,2024-10-14,62516
62617,102770,John,Van Lottum,R,NED,185,1489.0,1485.0,1444.0,1464.0,1517.0,162,2006-02-27,62617
62666,102720,Tomas,Zib,R,CZE,178,1489.0,1486.0,1464.0,1573.0,1533.0,140,2008-08-25,62666
62683,100908,Tobias,Svantesson,R,SWE,193,1489.0,1485.0,1519.0,1451.0,1522.0,34,1989-07-31,62683
62773,100605,Charlie,Fancutt,R,AUS,178,1488.0,1488.0,1465.0,1518.0,1489.0,61,1983-12-19,62773
62775,104932,Kenny,De Schepper,L,FRA,203,1488.0,1500.0,1520.0,1460.0,1500.0,88,2018-09-17,62775
62799,206499,Aleksandar,Kovacevic,R,USA,183,1488.0,1426.0,1556.0,1531.0,1500.0,48,2024-11-04,62799
62803,102776,Andrew,Ilie,R,AUS,180,1488.0,1492.0,1560.0,1502.0,1459.0,206,2003-07-28,62803
62851,101783,Mark,Petchey,R,GBR,183,1488.0,1449.0,1542.0,1487.0,1489.0,109,1998-06-22,62851
63053,100993,Loic,Courteau,R,FRA,175,1488.0,1514.0,1536.0,1501.0,1490.0,54,1988-07-25,63053
63079,103181,Jiri,Vanek,R,CZE,185,1488.0,1489.0,1495.0,1462.0,1510.0,190,2009-05-25,63079
63097,108525,Bill,Durham,R,AUS,0,1488.0,1488.0,1485.0,1506.0,1500.0,39,1975-12-26,63097
63172,100085,Hans Joachim,Ploetz,R,GER,0,1488.0,1541.0,1514.0,1541.0,1501.0,110,1976-11-22,63172
63191,102999,Stefano,Galvani,R,ITA,178,1488.0,1496.0,1546.0,1443.0,1523.0,55,2011-01-31,63191
63252,100575,Andy,Andrews,R,USA,185,1488.0,1488.0,1496.0,1498.0,1549.0,56,1985-05-06,63252
63279,100175,Zan,Guerry,R,USA,0,1488.0,1513.0,1510.0,1501.0,1489.0,90,1982-07-12,63279
63281,105967,Henri,Laaksonen,R,SUI,185,1488.0,1531.0,1433.0,1498.0,1500.0,125,2022-09-19,63281
63405,104251,Ti,Chen,R,TPE,183,1487.0,1525.0,1512.0,1495.0,1539.0,35,2018-02-03,63405
63500,105311,Joao,Sousa,R,POR,185,1487.0,1479.0,1442.0,1485.0,1500.0,484,2024-04-01,63500
63546,103573,Rik,De Voest,R,RSA,180,1487.0,1519.0,1519.0,1481.0,1500.0,88,2014-04-04,63546
63580,104797,Denis,Istomin,R,UZB,185,1487.0,1480.0,1489.0,1484.0,1476.0,498,2022-09-16,63580
63589,103843,Marco,Chiudinelli,R,SUI,185,1487.0,1530.0,1448.0,1516.0,1549.0,150,2017-10-23,63589
63649,102785,Glenn,Weiner,R,USA,188,1486.0,1500.0,1489.0,1493.0,1500.0,38,2006-03-06,63649
63699,100294,Rejean,Genois,R,CAN,175,1486.0,1498.0,1611.0,1512.0,1441.0,45,1983-03-04,63699
63714,100270,Anand,Amritraj,R,IND,185,1486.0,1524.0,1476.0,1519.0,1489.0,302,1984-02-24,63714
63729,100129,Jean Baptiste,Chanfreau,R,FRA,0,1486.0,1495.0,1570.0,1513.0,1498.0,159,1979-10-29,63729
63742,104269,Fernando,Verdasco,L,ESP,188,1485.0,1523.0,1510.0,1536.0,1498.0,1007,2023-04-17,63742
63763,105561,Alessandro,Giannessi,L,ITA,185,1485.0,1475.0,1445.0,1500.0,1500.0,36,2023-04-03,63763
63786,102567,George,Bastl,R,SUI,183,1485.0,1540.0,1562.0,1480.0,1497.0,143,2009-02-16,63786
63798,106034,Yasutaka,Uchiyama,R,JPN,183,1485.0,1536.0,1475.0,1479.0,1500.0,41,2024-09-18,63798
63813,104592,Ilija,Bozoljac,R,SRB,193,1485.0,1490.0,1521.0,1487.0,1425.0,31,2014-01-31,63813
63815,103852,Feliciano,Lopez,L,ESP,188,1485.0,1502.0,1505.0,1511.0,1491.0,1004,2023-06-26,63815
63824,104349,Rui,Machado,R,POR,178,1485.0,1551.0,1483.0,1447.0,1447.0,82,2015-09-18,63824
63830,106629,Birger,Andersson,R,SWE,0,1484.0,1613.0,1478.0,1522.0,1522.0,108,1980-07-14,63830
63837,105341,Thomas,Fabbiano,R,ITA,173,1484.0,1515.0,1486.0,1521.0,1500.0,90,2022-02-14,63837
63840,123755,Daniel Elahi,Galan,R,COL,191,1484.0,1526.0,1480.0,1436.0,1500.0,126,2024-07-29,63840
63847,105589,Gerald,Melzer,L,AUT,188,1484.0,1479.0,1496.0,1500.0,1500.0,54,2022-07-25,63847
63854,105585,Ze,Zhang,R,CHN,188,1484.0,1517.0,1499.0,1562.0,1500.0,60,2019-10-07,63854
63868,103525,Ivan,Miranda,R,PER,175,1484.0,1490.0,1511.0,1497.0,1473.0,59,2011-07-08,63868
63877,100206,Kenichi,Hirai,R,JPN,0,1484.0,1458.0,1512.0,1483.0,1480.0,54,1981-10-19,63877
63879,106594,Attila,Korpas,R,GER,0,1484.0,1427.0,1524.0,1500.0,1514.0,69,1976-05-22,63879
63882,104225,Jan,Hajek,R,CZE,180,1484.0,1513.0,1499.0,1562.0,1400.0,113,2014-02-17,63882
63900,103672,Ricardo,Mello,L,BRA,175,1483.0,1476.0,1469.0,1501.0,1447.0,154,2013-02-11,63900
63909,103534,Nicolas,Devilder,L,FRA,173,1483.0,1424.0,1526.0,1472.0,1500.0,71,2012-05-27,63909
63910,100324,John,Whitlinger,R,USA,180,1483.0,1500.0,1555.0,1501.0,1591.0,122,1980-10-20,63910
63920,106398,Pedro,Cachin,R,ARG,185,1483.0,1524.0,1462.0,1556.0,1500.0,72,2024-07-15,63920
63921,102375,Dinu,Pescariu,R,ROU,185,1483.0,1546.0,1549.0,1488.0,1512.0,96,2001-09-10,63921
63944,104882,Blaz,Kavcic,R,SLO,188,1483.0,1528.0,1463.0,1482.0,1512.0,148,2020-03-06,63944
63946,101131,Jimmy,Brown,R,USA,180,1483.0,1507.0,1482.0,1499.0,1475.0,314,1992-08-31,63946
63968,100063,Billy,Higgins,R,USA,0,1482.0,1520.0,1537.0,1501.0,1500.0,43,1974-08-12,63968
63969,100171,John,Yuill,R,RSA,0,1482.0,1550.0,1535.0,1504.0,1487.0,232,1981-07-20,63969
63995,100699,Chris,Johnstone,R,AUS,175,1482.0,1496.0,1509.0,1501.0,1563.0,99,1984-10-15,63995
63996,126523,Bernabe,Zapata Miralles,R,ESP,183,1482.0,1565.0,1548.0,1495.0,1500.0,97,2024-03-04,63996
63997,101868,Dick,Norman,L,BEL,203,1482.0,1496.0,1488.0,1520.0,1512.0,99,2009-06-14,63997
63998,104676,Andreas,Beck,L,GER,190,1482.0,1560.0,1534.0,1471.0,1500.0,107,2016-05-16,63998
64000,100715,Jim,Gurfein,L,USA,175,1482.0,1545.0,1512.0,1499.0,1516.0,103,1988-11-07,64000
64005,100991,Johnny,Goudenbour,R,LUX,178,1482.0,1513.0,1514.0,1500.0,1505.0,42,1995-09-22,64005
64015,100313,Keith,Richardson,R,USA,185,1482.0,1456.0,1487.0,1500.0,1545.0,61,1979-11-05,64015
64017,100598,Wolfgang,Popp,R,GER,183,1482.0,1512.0,1487.0,1464.0,1437.0,111,1988-07-18,64017
64032,100243,Steve,Krulevitz,R,USA,175,1481.0,1488.0,1522.0,1513.0,1481.0,330,1983-02-28,64032
64051,106615,Bernard,Balleret,R,MON,0,1481.0,1487.0,1457.0,1500.0,1489.0,48,1991-05-03,64051
64059,100288,Tenny,Svensson,R,SWE,0,1481.0,1413.0,1529.0,1527.0,1516.0,119,1981-07-20,64059
64071,102472,Marcello,Craca,R,GER,180,1481.0,1489.0,1513.0,1513.0,1500.0,34,2002-09-23,64071
64072,100155,Ramiro,Benavides,R,BOL,0,1481.0,1503.0,1534.0,1507.0,1492.0,163,1983-02-14,64072
64081,101016,Marcos Aurelio,Gorriz,L,ESP,185,1481.0,1473.0,1519.0,1535.0,1481.0,116,1997-07-21,64081
64082,105819,Guido,Andreozzi,R,ARG,183,1481.0,1505.0,1480.0,1433.0,1500.0,40,2024-07-22,64082
64088,100415,Michael,Grant,R,USA,178,1481.0,1520.0,1399.0,1496.0,1505.0,46,1981-08-10,64088
64122,100449,Stanislav,Birner,R,CZE,170,1480.0,1468.0,1488.0,1448.0,1445.0,183,1988-02-08,64122
64124,103470,Robert,Kendrick,R,USA,190,1480.0,1501.0,1475.0,1491.0,1500.0,113,2012-02-20,64124
64177,107217,Ian,Crookenden,L,NZL,0,1479.0,1500.0,1527.0,1478.0,1452.0,49,1976-02-14,64177
64178,100317,Stephen,Warboys,R,GBR,0,1479.0,1474.0,1537.0,1540.0,1499.0,60,1976-06-21,64178
64184,105292,Alejandro,Gonzalez,R,COL,190,1479.0,1534.0,1532.0,1476.0,1500.0,61,2022-03-04,64184
64208,104230,Daniel,Koellerer,R,AUT,180,1479.0,1458.0,1479.0,1456.0,1500.0,55,2010-06-07,64208
64236,102455,Lorenzo,Manta,R,SUI,190,1479.0,1505.0,1551.0,1496.0,1514.0,41,2001-07-09,64236
64240,101816,Steve,Campbell,R,USA,183,1479.0,1517.0,1506.0,1518.0,1467.0,86,1999-04-12,64240
64244,102730,Ivo,Heuberger,R,SUI,188,1479.0,1511.0,1531.0,1532.0,1564.0,113,2005-09-12,64244
64246,103035,Alessio,Di Mauro,L,ITA,185,1479.0,1538.0,1469.0,1448.0,1500.0,53,2010-05-03,64246
64252,104154,Paul,Capdeville,R,CHI,190,1479.0,1482.0,1477.0,1483.0,1505.0,127,2013-09-13,64252
64254,103523,Rohan,Bopanna,R,IND,193,1479.0,1512.0,1466.0,1514.0,1500.0,48,2016-07-15,64254
64261,104035,Bobby,Reynolds,R,USA,183,1478.0,1502.0,1510.0,1502.0,1500.0,101,2013-08-18,64261
64278,100113,Jan,Kodes,R,CZE,175,1478.0,1490.0,1445.0,1471.0,1489.0,697,1983-07-18,64278
64285,102231,Alex,Calatrava,R,ESP,190,1478.0,1544.0,1512.0,1544.0,1500.0,178,2006-07-24,64285
64299,101354,Andrew,Sznajder,R,CAN,175,1478.0,1492.0,1521.0,1511.0,1488.0,132,1996-04-05,64299
64316,100336,Guillermo,Aubone,L,ARG,0,1478.0,1530.0,1487.0,1500.0,1500.0,45,1982-05-24,64316
64339,101329,Christer,Allgardh,R,SWE,190,1477.0,1453.0,1531.0,1500.0,1500.0,38,1993-10-25,64339
64351,101719,Frederic,Fontang,R,FRA,183,1477.0,1467.0,1499.0,1487.0,1475.0,88,1997-10-20,64351
64357,100899,Jorgen,Windahl,R,SWE,183,1477.0,1513.0,1488.0,1499.0,1527.0,42,1990-07-16,64357
64375,108477,Vincenzo,Franchitti,R,ITA,0,1477.0,1452.0,1533.0,1472.0,1525.0,50,1978-05-22,64375
64378,101772,Andrei,Cherkasov,R,RUS,180,1477.0,1458.0,1463.0,1490.0,1508.0,407,2000-11-06,64378
64384,100225,Peter,Doerner,R,AUS,0,1477.0,1459.0,1463.0,1495.0,1500.0,48,1975-03-24,64384
64398,107457,Juan Ignacio,Muntanola,R,ESP,0,1477.0,1533.0,1513.0,1476.0,1438.0,50,1978-10-08,64398
64403,100751,Roberto,Saad,R,ARG,185,1477.0,1563.0,1514.0,1525.0,1488.0,43,1988-05-09,64403
64424,100047,Bob,Carmichael,R,AUS,183,1477.0,1446.0,1555.0,1494.0,1567.0,415,1979-12-24,64424
64438,103114,Martin,Lee,L,GBR,180,1477.0,1568.0,1520.0,1516.0,1484.0,67,2006-06-26,64438
64454,100384,Alejandro,Cortes,R,COL,0,1476.0,1498.0,1510.0,1562.0,1550.0,63,1983-06-06,64454
64476,100176,Hans,Kary,L,AUT,172,1476.0,1461.0,1505.0,1511.0,1476.0,407,1982-11-15,64476
64480,100257,Ross,Case,R,AUS,0,1476.0,1510.0,1513.0,1537.0,1464.0,561,1983-02-28,64480
64482,101119,Marian,Vajda,R,SVK,173,1476.0,1491.0,1534.0,1478.0,1527.0,272,1994-08-01,64482
64485,111578,Stefan,Kozlov,R,USA,183,1476.0,1480.0,1513.0,1557.0,1500.0,35,2022-09-19,64485
64524,100638,David,Mustard,L,NZL,180,1476.0,1438.0,1511.0,1501.0,1409.0,50,1986-01-06,64524
64542,100374,Javier,Soler,L,ESP,0,1476.0,1445.0,1490.0,1500.0,1613.0,80,1984-10-01,64542
64567,100083,Nicola,Spear,R,SRB,0,1476.0,1519.0,1539.0,1504.0,1462.0,250,1980-03-03,64567
64624,101174,Fernando,Roese,R,BRA,190,1475.0,1482.0,1507.0,1514.0,1512.0,71,1993-11-01,64624
64633,100190,Norman,Holmes,R,USA,0,1475.0,1511.0,1500.0,1504.0,1501.0,86,1976-12-04,64633
64657,105359,Jason,Jung,R,TPE,180,1475.0,1494.0,1507.0,1537.0,1500.0,35,2023-07-31,64657
64668,101110,David,De Miguel,R,ESP,175,1474.0,1476.0,1497.0,1479.0,1500.0,50,1992-04-27,64668
64675,110991,Jaidip,Mukerjea,R,IND,0,1474.0,1548.0,1500.0,1467.0,1500.0,56,1976-11-22,64675
64681,101750,Cristiano,Caratti,R,ITA,178,1474.0,1476.0,1505.0,1495.0,1489.0,189,2003-09-29,64681
64688,100922,Roberto,Arguello,A,ARG,173,1474.0,1488.0,1491.0,1500.0,1569.0,145,1990-09-10,64688
64690,100649,David,Dowlen,R,USA,178,1474.0,1510.0,1500.0,1455.0,1583.0,36,1987-01-26,64690
64702,100796,Ahmed,El Mehelmy,R,EGY,183,1474.0,1499.0,1523.0,1500.0,1487.0,40,1990-03-23,64702
64711,100169,Ian,Fletcher,R,AUS,0,1474.0,1446.0,1531.0,1559.0,1491.0,204,1981-08-10,64711
64729,103893,Paolo,Lorenzi,R,ITA,183,1473.0,1489.0,1500.0,1470.0,1500.0,295,2021-07-12,64729
64730,100166,Gene,Malin,R,USA,0,1473.0,1489.0,1508.0,1498.0,1464.0,40,1980-11-17,64730
64731,100358,Mike,Fishbach,R,USA,180,1473.0,1507.0,1480.0,1506.0,1484.0,59,1982-07-26,64731
64738,100310,Mike,Myburg,R,RSA,0,1473.0,1514.0,1432.0,1493.0,1500.0,34,1983-11-21,64738
64742,100061,Tom,Edlefsen,R,USA,188,1473.0,1496.0,1519.0,1475.0,1502.0,164,1975-04-21,64742
64746,100018,Barry,Mackay,R,USA,190,1473.0,1465.0,1490.0,1500.0,1528.0,33,1974-11-16,64746
64749,100910,Magnus,Tideman,R,SWE,193,1473.0,1461.0,1486.0,1446.0,1492.0,49,1989-07-24,64749
64752,101365,Paul,Wekesa,R,KEN,188,1473.0,1554.0,1531.0,1518.0,1487.0,76,1995-10-16,64752
64753,105099,Antonio,Veic,R,CRO,180,1473.0,1464.0,1440.0,1500.0,1500.0,35,2015-02-02,64753
64755,101115,Jorge,Bardou,R,ESP,180,1473.0,1513.0,1503.0,1500.0,1500.0,37,1988-07-04,64755
64768,104997,Igor,Sijsling,R,NED,191,1473.0,1489.0,1558.0,1487.0,1500.0,140,2016-08-01,64768
64770,104297,Rogerio,Dutra Silva,R,BRA,178,1473.0,1438.0,1559.0,1481.0,1500.0,95,2019-02-11,64770
64772,100636,Gustavo,Tiberti,R,ARG,175,1473.0,1465.0,1485.0,1500.0,1525.0,41,1986-11-10,64772
64779,100490,Jaroslav,Navratil,R,CZE,196,1473.0,1500.0,1562.0,1488.0,1551.0,92,1989-10-16,64779
64780,101500,Christian,Saceanu,R,GER,190,1473.0,1439.0,1475.0,1504.0,1500.0,183,1994-10-10,64780
64785,100519,Scott,Mccain,R,USA,180,1472.0,1521.0,1520.0,1487.0,1478.0,69,1985-10-14,64785
64787,101154,Simon,Youl,R,AUS,185,1472.0,1519.0,1469.0,1544.0,1549.0,234,1994-09-26,64787
64791,101460,Jose Francisco,Altur,L,ESP,190,1472.0,1499.0,1546.0,1513.0,1471.0,97,1995-03-20,64791
64792,101675,Martin,Rodriguez,R,ARG,178,1472.0,1512.0,1573.0,1501.0,1500.0,56,2001-04-23,64792
64802,100913,Peter,Carlsson,L,SWE,183,1472.0,1519.0,1524.0,1492.0,1495.0,32,1987-07-13,64802
64805,103429,Peter,Luczak,R,AUS,183,1472.0,1549.0,1517.0,1511.0,1500.0,130,2011-07-25,64805
64815,100471,Mark,Vines,L,USA,170,1472.0,1564.0,1525.0,1562.0,1532.0,32,1983-10-17,64815
64816,103240,Kevin,Kim,R,USA,180,1472.0,1513.0,1530.0,1507.0,1453.0,141,2010-08-01,64816
64821,101567,Hendrik Jan,Davids,L,NED,183,1472.0,1555.0,1514.0,1469.0,1515.0,34,1997-06-23,64821
64826,103971,Karol,Beck,R,SVK,180,1471.0,1550.0,1490.0,1502.0,1464.0,181,2012-08-27,64826
64831,100865,Marcelo,Ingaramo,L,ARG,178,1471.0,1515.0,1488.0,1487.0,1450.0,85,1994-05-09,64831
64839,107744,Matti,Timonen,R,FIN,0,1471.0,1488.0,1552.0,1468.0,1478.0,35,1982-07-09,64839
64843,109881,Atet,Wijono,R,INA,0,1471.0,1455.0,1503.0,1491.0,1500.0,36,1981-03-06,64843
64865,103490,Santiago,Ventura,R,ESP,183,1470.0,1511.0,1476.0,1486.0,1500.0,97,2010-09-20,64865
64872,101086,Ronald,Agenor,R,USA,180,1470.0,1545.0,1612.0,1511.0,1502.0,484,2001-07-30,64872
64882,102800,Nenad,Zimonjic,R,SRB,190,1470.0,1483.0,1428.0,1502.0,1492.0,38,2017-04-07,64882
64891,101552,Xavier,Daufresne,R,BEL,193,1469.0,1534.0,1531.0,1500.0,1544.0,47,1995-01-09,64891
64897,100609,Zoltan,Kuharszky,R,HUN,183,1469.0,1489.0,1546.0,1514.0,1511.0,117,1988-10-04,64897
64906,100086,Frantisek,Pala,L,CZE,0,1469.0,1482.0,1449.0,1469.0,1472.0,195,1979-06-18,64906
64909,103169,Oscar,Hernandez,R,ESP,180,1469.0,1543.0,1485.0,1488.0,1500.0,190,2010-06-21,64909
64913,101337,Martin,Strelba,R,CZE,190,1469.0,1476.0,1507.0,1501.0,1443.0,110,1993-08-23,64913
64929,100110,Terry,Addison,R,AUS,180,1468.0,1470.0,1488.0,1501.0,1488.0,132,1975-04-21,64929
64933,100496,Charles Buzz,Strode,R,USA,183,1468.0,1478.0,1497.0,1543.0,1524.0,31,1985-10-14,64933
64936,102494,Tomas,Behrend,R,GER,193,1468.0,1481.0,1549.0,1488.0,1531.0,116,2006-07-17,64936
64946,100997,Roger,Smith,R,BAH,185,1468.0,1479.0,1478.0,1507.0,1491.0,116,2000-07-21,64946
64948,101574,Alejandro,Aramburu,R,PER,175,1468.0,1478.0,1512.0,1500.0,1500.0,42,1999-07-16,64948
64954,104216,Maximo,Gonzalez,R,ARG,173,1468.0,1488.0,1527.0,1482.0,1500.0,90,2017-04-10,64954
64956,105579,Kittipong,Wachiramanowong,R,THA,183,1468.0,1523.0,1488.0,1485.0,1487.0,34,2017-09-15,64956
64958,100208,Dick,Bohrnstedt,R,USA,0,1468.0,1489.0,1518.0,1487.0,1488.0,104,1979-08-06,64958
64964,102076,Mark,Merklein,R,BAH,188,1467.0,1532.0,1564.0,1509.0,1500.0,32,2004-02-06,64964
64965,103580,Alexander,Peya,R,AUT,183,1467.0,1523.0,1539.0,1468.0,1467.0,73,2012-04-06,64965
64975,100066,Frank,Froehling,R,USA,190,1467.0,1494.0,1512.0,1499.0,1534.0,201,1975-05-10,64975
64989,101745,Roberto,Jabali,R,BRA,190,1467.0,1469.0,1516.0,1500.0,1501.0,34,1998-03-16,64989
65000,100319,Rick,Fagel,R,USA,180,1467.0,1519.0,1483.0,1490.0,1504.0,146,1983-07-25,65000
65029,100483,Christophe,Casa,R,FRA,178,1466.0,1561.0,1507.0,1502.0,1510.0,54,1984-04-09,65029
65033,100198,Alvaro,Betancur,R,COL,0,1466.0,1546.0,1523.0,1506.0,1496.0,119,1981-07-13,65033
65045,108118,Robert,Machan,R,HUN,0,1466.0,1512.0,1539.0,1477.0,1452.0,64,1983-09-30,65045
65046,100234,Allan,McDonald,R,AUS,0,1466.0,1433.0,1532.0,1502.0,1500.0,54,1975-03-10,65046
65071,105166,Peter,Polansky,R,CAN,180,1465.0,1500.0,1488.0,1488.0,1512.0,64,2019-08-05,65071
65087,103506,Martin,Vassallo Arguello,R,ARG,183,1465.0,1504.0,1452.0,1518.0,1500.0,128,2010-02-08,65087
65111,110141,Chang Rung,Wu,R,TPE,0,1464.0,1502.0,1500.0,1512.0,1499.0,35,1989-04-07,65111
65114,103408,Brian,Vahaly,R,USA,183,1464.0,1592.0,1469.0,1537.0,1500.0,64,2006-02-27,65114
65133,102339,Kris,Goossens,R,BEL,180,1464.0,1535.0,1534.0,1530.0,1470.0,40,1997-04-28,65133
65140,101097,Rick,Leach,L,USA,188,1464.0,1492.0,1480.0,1490.0,1553.0,79,1994-10-17,65140
65149,100512,Robert,Reininger,R,AUT,185,1463.0,1455.0,1540.0,1534.0,1502.0,53,1983-07-18,65149
65151,104494,Adrian,Ungur,R,ROU,178,1463.0,1488.0,1515.0,1435.0,1500.0,60,2018-09-15,65151
65170,100111,Ray,Keldie,R,AUS,0,1463.0,1506.0,1526.0,1552.0,1499.0,130,1975-12-21,65170
65175,111135,Greg,Perkins,R,AUS,0,1462.0,1488.0,1512.0,1519.0,1500.0,44,1974-12-21,65175
65177,103857,Igor,Kunitsyn,R,RUS,180,1462.0,1484.0,1507.0,1488.0,1492.0,241,2013-02-25,65177
65179,105015,Franko,Skugor,R,CRO,196,1462.0,1485.0,1485.0,1496.0,1500.0,31,2019-02-11,65179
65184,101014,John,Ross,R,USA,185,1462.0,1505.0,1508.0,1510.0,1454.0,74,1991-07-15,65184
65203,102269,Jeff,Salzenstein,L,USA,185,1462.0,1594.0,1472.0,1475.0,1500.0,57,2006-03-06,65203
65206,101416,Joao,Cunha Silva,R,POR,173,1461.0,1469.0,1513.0,1500.0,1464.0,138,2000-02-04,65206
65208,100719,Juan,Avendano,R,ESP,178,1461.0,1479.0,1494.0,1511.0,1500.0,117,1990-04-09,65208
65212,100334,Ernie,Ewert,R,AUS,0,1461.0,1509.0,1497.0,1502.0,1508.0,58,1981-01-05,65212
65219,100396,Martin,Robinson,L,GBR,0,1461.0,1454.0,1536.0,1536.0,1475.0,49,1980-03-31,65219
65224,101902,Stephane,Huet,L,FRA,180,1461.0,1526.0,1416.0,1522.0,1490.0,53,2001-10-22,65224
65226,101761,Jaime,Oncins,R,BRA,196,1461.0,1479.0,1478.0,1497.0,1564.0,171,2001-09-10,65226
65239,100051,Premjit,Lall,R,IND,0,1460.0,1479.0,1476.0,1500.0,1482.0,79,1975-11-17,65239
65246,106198,Hugo,Dellien,R,BOL,180,1460.0,1516.0,1502.0,1502.0,1500.0,98,2024-09-13,65246
65255,104714,Julian,Reister,R,GER,188,1460.0,1475.0,1481.0,1478.0,1469.0,48,2015-07-27,65255
65258,100039,Boro,Jovanovic,R,CRO,0,1460.0,1510.0,1533.0,1498.0,1456.0,108,1975-05-26,65258
65261,124014,Ernesto,Escobedo,R,MEX,185,1460.0,1487.0,1501.0,1489.0,1500.0,63,2024-02-26,65261
65264,101398,Neil,Borwick,L,AUS,193,1459.0,1536.0,1518.0,1479.0,1574.0,75,1995-06-26,65264
65270,105827,Laurynas,Grigelis,R,LTU,183,1459.0,1491.0,1466.0,1486.0,1524.0,32,2022-03-04,65270
65273,103535,Olivier,Patience,R,FRA,180,1459.0,1493.0,1487.0,1494.0,1493.0,79,2010-07-26,65273
65280,111576,Sumit,Nagal,R,IND,178,1459.0,1513.0,1533.0,1514.0,1500.0,48,2024-11-04,65280
65284,100093,William,Brown,R,USA,0,1459.0,1484.0,1554.0,1519.0,1501.0,95,1977-08-08,65284
65285,100917,Nelson,Aerts,R,BRA,188,1459.0,1501.0,1483.0,1500.0,1510.0,37,1991-09-09,65285
65292,100103,Peter,Curtis,R,GBR,0,1458.0,1499.0,1500.0,1439.0,1548.0,75,1975-03-17,65292
65295,109752,Ingo,Buding,R,GER,0,1458.0,1510.0,1505.0,1500.0,1512.0,44,1971-07-19,65295
65298,103397,Alexandre,Simoni,R,BRA,188,1457.0,1529.0,1422.0,1469.0,1500.0,33,2004-04-09,65298
65299,102831,Jacobo,Diaz,R,ESP,173,1457.0,1530.0,1474.0,1540.0,1537.0,90,2003-02-10,65299
65301,100781,Bernhard,Pils,R,AUT,178,1457.0,1473.0,1490.0,1522.0,1547.0,45,1987-07-13,65301
65303,100287,Robin,Drysdale,R,GBR,0,1457.0,1572.0,1512.0,1530.0,1509.0,112,1981-07-13,65303
65316,100416,Bill,Maze,R,USA,0,1457.0,1496.0,1463.0,1547.0,1508.0,44,1984-01-09,65316
65322,104907,Jose Rubin,Statham,R,NZL,180,1457.0,1466.0,1476.0,1488.0,1512.0,50,2024-09-14,65322
65335,106971,Ezio,Di Matteo,R,ITA,0,1456.0,1533.0,1458.0,1488.0,1475.0,71,1978-11-28,65335
65339,100382,Chris,Kachel,R,AUS,0,1456.0,1473.0,1496.0,1498.0,1491.0,118,1980-12-26,65339
65340,102694,Lars,Burgsmuller,R,GER,183,1456.0,1429.0,1524.0,1531.0,1492.0,242,2007-04-09,65340
65349,102548,Juan Antonio,Marin,R,CRC,175,1456.0,1493.0,1591.0,1552.0,1476.0,203,2007-04-23,65349
65355,101237,Danilo,Marcelino,R,BRA,193,1456.0,1512.0,1511.0,1541.0,1500.0,86,1993-11-01,65355
65356,100027,Gene,Scott,R,USA,185,1456.0,1470.0,1514.0,1503.0,1466.0,44,1975-10-05,65356
65360,106099,Salvatore,Caruso,R,ITA,185,1456.0,1520.0,1496.0,1490.0,1500.0,63,2022-01-17,65360
65372,105155,Pedro,Sousa,R,POR,180,1455.0,1486.0,1508.0,1435.0,1512.0,49,2023-04-03,65372
65401,103967,Michael,Lammer,R,SUI,185,1454.0,1452.0,1442.0,1500.0,1499.0,31,2015-03-06,65401
65405,126340,Viktor,Durasovic,R,NOR,185,1454.0,1512.0,1536.0,1500.0,1500.0,31,2024-02-02,65405
65408,100140,Steve,Faulk,R,USA,0,1454.0,1526.0,1438.0,1522.0,1490.0,79,1974-08-25,65408
65410,106368,Ramkumar,Ramanathan,R,IND,188,1454.0,1505.0,1644.0,1524.0,1500.0,62,2024-10-02,65410
65413,100604,Egan,Adams,R,USA,178,1454.0,1463.0,1511.0,1500.0,1486.0,31,1985-08-05,65413
65452,104117,Giovanni,Lapentti,R,ECU,193,1453.0,1483.0,1494.0,1531.0,1502.0,56,2017-02-06,65452
65457,100868,Craig A,Miller,R,AUS,188,1453.0,1533.0,1515.0,1483.0,1513.0,79,1988-01-11,65457
65473,100180,Bill,Lloyd,R,AUS,0,1452.0,1511.0,1551.0,1445.0,1582.0,68,1978-08-14,65473
65474,103709,Kristian,Pless,R,DEN,188,1452.0,1492.0,1488.0,1467.0,1518.0,141,2012-02-10,65474
65475,103248,Harel,Levy,R,ISR,185,1452.0,1545.0,1413.0,1529.0,1479.0,162,2010-09-16,65475
65476,102966,Fredrik,Jonsson,R,SWE,193,1452.0,1479.0,1484.0,1488.0,1495.0,36,2001-07-09,65476
65481,100082,Roger,Dowdeswell,R,ZIM,0,1452.0,1511.0,1483.0,1516.0,1500.0,57,1975-08-27,65481
65485,102538,Tuomas,Ketola,R,FIN,185,1451.0,1497.0,1553.0,1517.0,1524.0,75,2005-07-15,65485
65488,100450,Leo,Palin,R,FIN,178,1451.0,1465.0,1488.0,1487.0,1565.0,112,1986-05-23,65488
65489,100292,Alvaro,Fillol,R,CHI,178,1451.0,1562.0,1470.0,1477.0,1492.0,117,1985-05-13,65489
65490,100215,Fred,Mcnair,R,USA,183,1451.0,1565.0,1481.0,1466.0,1516.0,228,1981-10-05,65490
65496,101053,Michael,Kures,R,USA,185,1451.0,1514.0,1519.0,1484.0,1476.0,33,1989-02-20,65496
65500,100071,Jean Claude,Barclay,R,FRA,0,1450.0,1491.0,1522.0,1484.0,1500.0,42,1976-10-04,65500
65504,100402,Francisco,Gonzalez,R,PAR,193,1450.0,1523.0,1509.0,1551.0,1474.0,286,1989-02-03,65504
65506,100104,Richard,Russell,R,JAM,0,1450.0,1465.0,1499.0,1460.0,1518.0,105,1975-11-07,65506
65512,100615,Gianluca,Rinaldini,R,ITA,0,1450.0,1504.0,1478.0,1509.0,1456.0,36,1984-07-23,65512
65514,105614,Bradley,Klahn,L,USA,183,1450.0,1484.0,1581.0,1488.0,1500.0,56,2023-07-31,65514
65515,105432,Prajnesh,Gunneswaran,L,IND,188,1450.0,1503.0,1532.0,1519.0,1500.0,39,2023-02-03,65515
65516,100197,Alejandro,Pierola,R,CHI,0,1450.0,1484.0,1555.0,1500.0,1502.0,64,1983-11-14,65516
65519,105154,Joao,Souza,R,BRA,193,1449.0,1499.0,1569.0,1511.0,1500.0,77,2017-02-27,65519
65521,110602,Dennis,Novak,R,AUT,183,1449.0,1532.0,1443.0,1441.0,1500.0,80,2023-09-15,65521
65523,102243,Marcelo,Charpentier,L,ARG,180,1449.0,1512.0,1524.0,1437.0,1535.0,33,2003-02-17,65523
65532,208134,Luca,Nardi,R,ITA,185,1448.0,1459.0,1520.0,1475.0,1500.0,31,2024-10-02,65532
65535,103318,Zeljko,Krajan,R,CRO,178,1448.0,1485.0,1548.0,1411.0,1463.0,37,2005-07-25,65535
65543,100516,Andrew,Jarrett,R,GBR,0,1447.0,1461.0,1474.0,1485.0,1508.0,54,1983-09-30,65543
65551,100744,Peter,Doohan,R,AUS,190,1447.0,1458.0,1538.0,1510.0,1541.0,132,1992-02-10,65551
65556,103675,Diego,Junqueira,L,ARG,178,1447.0,1505.0,1509.0,1479.0,1500.0,44,2012-04-30,65556
65560,102382,Julian,Knowle,L,AUT,188,1446.0,1517.0,1516.0,1490.0,1534.0,43,2012-09-24,65560
65564,100645,Huub,Van Boeckel,R,NED,190,1446.0,1488.0,1529.0,1525.0,1448.0,62,1988-07-25,65564
65577,106867,Derek,Schroder,R,RSA,0,1446.0,1514.0,1470.0,1526.0,1500.0,38,1975-11-17,65577
65582,102821,Cecil,Mamiit,R,PHI,173,1445.0,1488.0,1487.0,1538.0,1499.0,167,2011-09-16,65582
65597,100835,Hans Dieter,Beutel,R,GER,185,1445.0,1545.0,1513.0,1513.0,1477.0,64,1989-01-16,65597
65601,103297,Alex,Kim,R,USA,175,1444.0,1542.0,1464.0,1511.0,1500.0,34,2004-03-01,65601
65604,101007,Guillermo,Rivas,R,ARG,183,1444.0,1474.0,1474.0,1500.0,1490.0,37,1990-02-05,65604
65608,102965,Jamie,Delgado,R,GBR,178,1444.0,1453.0,1536.0,1507.0,1574.0,46,2006-07-21,65608
65609,107311,Jean Paul,Meyer,R,FRA,0,1444.0,1514.0,1494.0,1476.0,1500.0,39,1975-04-28,65609
65611,100830,Gary,Donnelly,R,USA,190,1444.0,1500.0,1524.0,1487.0,1467.0,45,1987-10-05,65611
65614,107284,Janos,Benyik,R,HUN,0,1444.0,1472.0,1500.0,1500.0,1390.0,40,1983-09-30,65614
65615,101242,Brad,Pearce,R,USA,175,1443.0,1538.0,1476.0,1498.0,1499.0,120,1994-01-03,65615
65620,100495,Wayne,Hampson,R,AUS,183,1443.0,1566.0,1487.0,1514.0,1485.0,41,1983-11-29,65620
65623,102220,Patrik,Fredriksson,R,SWE,185,1443.0,1500.0,1547.0,1512.0,1504.0,39,1998-04-20,65623
65625,104736,Farrukh,Dustov,R,UZB,196,1443.0,1516.0,1541.0,1531.0,1500.0,37,2016-07-15,65625
65626,103228,Marcos,Daniel,R,BRA,180,1443.0,1459.0,1524.0,1488.0,1500.0,90,2011-04-25,65626
65627,101826,Alex,Lopez Moron,R,ESP,175,1443.0,1517.0,1477.0,1476.0,1500.0,54,2000-07-24,65627
65629,100095,Tony,Bardsley,R,CAN,0,1442.0,1511.0,1441.0,1516.0,1494.0,35,1975-10-17,65629
65642,103305,Daniel,Elsner,R,GER,183,1442.0,1513.0,1497.0,1489.0,1500.0,35,2005-09-26,65642
65650,104056,Roko,Karanusic,R,CRO,183,1441.0,1471.0,1512.0,1536.0,1542.0,57,2009-09-18,65650
65665,100727,Raul Antonio,Viver,L,ECU,190,1440.0,1535.0,1450.0,1532.0,1541.0,94,1993-08-02,65665
65666,100331,Jean Louis,Haillet,R,FRA,0,1440.0,1464.0,1555.0,1481.0,1520.0,144,1983-11-21,65666
65668,101031,Massimo,Cierro,R,ITA,173,1440.0,1537.0,1472.0,1464.0,1500.0,63,1993-05-10,65668
65672,100265,Cliff,Letcher,R,AUS,0,1440.0,1464.0,1495.0,1476.0,1505.0,199,1982-12-28,65672
65676,104003,Victor,Crivoi,R,ROU,185,1439.0,1489.0,1569.0,1498.0,1505.0,53,2013-07-22,65676
65678,106899,Douglas,Palm,R,SWE,0,1439.0,1516.0,1499.0,1516.0,1514.0,63,1979-10-29,65678
65679,104873,Aleksandr,Nedovyesov,R,KAZ,188,1439.0,1477.0,1538.0,1468.0,1500.0,32,2017-04-07,65679
65682,104308,Michal,Przysiezny,R,POL,185,1439.0,1480.0,1512.0,1493.0,1524.0,106,2018-04-07,65682
65683,103999,Thiago,Alves,R,BRA,178,1438.0,1475.0,1437.0,1450.0,1500.0,34,2013-02-01,65683
65687,100238,Rick,Fisher,R,USA,0,1438.0,1504.0,1502.0,1496.0,1581.0,147,1981-01-19,65687
65689,101945,Thierry,Guardiola,R,FRA,188,1438.0,1454.0,1538.0,1500.0,1494.0,59,2000-11-06,65689
65695,102031,Sandor,Noszaly,R,HUN,193,1438.0,1488.0,1506.0,1508.0,1530.0,83,1996-09-09,65695
65696,100322,Emilio,Montano,R,MEX,0,1438.0,1480.0,1509.0,1538.0,1547.0,71,1981-02-23,65696
65699,103373,Sergio,Roitman,R,ARG,185,1438.0,1544.0,1476.0,1482.0,1474.0,87,2009-07-27,65699
65700,100327,Willem,Prinsloo,L,RSA,0,1438.0,1500.0,1456.0,1495.0,1476.0,46,1979-11-27,65700
65710,102405,Mahesh,Bhupathi,R,IND,185,1437.0,1503.0,1509.0,1488.0,1550.0,38,2008-04-11,65710
65711,100305,Mark,Farrell,R,GBR,0,1437.0,1512.0,1547.0,1486.0,1523.0,60,1980-10-13,65711
65715,109823,Ron,Holmberg,R,USA,185,1437.0,1464.0,1529.0,1489.0,1508.0,34,1972-08-30,65715
65721,100070,Jan,Kukal,R,CZE,0,1436.0,1480.0,1505.0,1496.0,1529.0,86,1975-12-26,65721
65724,102139,Eyal,Ran,R,ISR,183,1436.0,1492.0,1466.0,1534.0,1501.0,56,2000-04-28,65724
65727,103294,Christophe,Rochus,R,BEL,170,1436.0,1554.0,1442.0,1468.0,1501.0,337,2010-07-19,65727
65731,100152,David,Lloyd,R,GBR,0,1436.0,1503.0,1578.0,1555.0,1557.0,77,1980-06-02,65731
65732,100223,Jeff,Simpson,R,NZL,0,1436.0,1515.0,1547.0,1477.0,1473.0,146,1983-07-18,65732
65737,100097,Nicholas,Kalogeropoulos,R,GRE,0,1435.0,1499.0,1466.0,1498.0,1489.0,115,1981-05-08,65737
65739,104619,Jesse,Huta Galung,R,NED,188,1435.0,1538.0,1549.0,1493.0,1426.0,42,2015-09-18,65739
65749,106005,Constant,Lestienne,R,FRA,180,1434.0,1465.0,1509.0,1499.0,1500.0,59,2024-08-26,65749
65752,100595,Ronnie,Bathman,R,SWE,183,1433.0,1490.0,1468.0,1503.0,1493.0,35,1990-07-09,65752
65756,102652,Christian,Vinck,L,GER,183,1433.0,1476.0,1492.0,1483.0,1523.0,65,2003-02-10,65756
65761,103693,Thierry,Ascione,R,FRA,188,1433.0,1458.0,1454.0,1491.0,1483.0,76,2010-09-20,65761
65764,100277,Jacques,Thamin,R,FRA,0,1432.0,1510.0,1521.0,1467.0,1489.0,33,1977-11-14,65764
65767,103007,Mounir,El Aarej,R,MAR,0,1432.0,1536.0,1541.0,1546.0,1458.0,31,2008-04-11,65767
65768,101263,Luke,Jensen,A,USA,190,1432.0,1491.0,1507.0,1499.0,1551.0,55,2000-02-14,65768
65776,100156,Jasjit,Singh,R,IND,0,1432.0,1473.0,1483.0,1448.0,1491.0,73,1977-11-28,65776
65779,104864,Alex,Kuznetsov,R,USA,183,1431.0,1488.0,1473.0,1532.0,1500.0,39,2016-07-18,65779
65781,100964,Jon,Levine,R,USA,178,1431.0,1461.0,1501.0,1544.0,1500.0,42,1988-07-18,65781
65784,102362,Amro,Ghoneim,R,EGY,0,1431.0,1512.0,1474.0,1503.0,1488.0,33,2004-04-09,65784
65785,100293,John,Marks,R,AUS,0,1430.0,1503.0,1513.0,1489.0,1530.0,111,1980-10-20,65785
65787,100978,Andrew,Castle,R,GBR,190,1430.0,1521.0,1505.0,1498.0,1493.0,78,1992-07-27,65787
65792,101956,Mark,Knowles,R,BAH,190,1430.0,1442.0,1487.0,1524.0,1469.0,123,2003-02-07,65792
65793,103926,Daniel,Munoz de la Nava,L,ESP,178,1430.0,1493.0,1503.0,1500.0,1500.0,37,2016-07-18,65793
65794,104505,Konstantin,Kravchuk,R,RUS,190,1430.0,1491.0,1524.0,1431.0,1483.0,38,2017-10-16,65794
65795,103201,Adrian,Garcia,R,CHI,175,1430.0,1487.0,1535.0,1490.0,1501.0,41,2008-01-28,65795
65797,104868,James,Ward,R,GBR,190,1429.0,1439.0,1551.0,1515.0,1500.0,86,2021-06-21,65797
65798,105332,Benoit,Paire,R,FRA,196,1429.0,1485.0,1458.0,1470.0,1500.0,541,2024-07-15,65798
65800,100369,Herve,Gauvain,R,FRA,180,1429.0,1584.0,1512.0,1490.0,1469.0,36,1982-11-22,65800
65801,100150,Lito,Alvarez,R,ARG,0,1429.0,1511.0,1540.0,1556.0,1522.0,175,1981-03-23,65801
65805,103009,Razvan,Sabau,R,ROU,185,1428.0,1480.0,1528.0,1496.0,1450.0,78,2006-09-11,65805
65810,101238,Andres,Vysand,R,GER,180,1428.0,1500.0,1516.0,1501.0,1468.0,42,1994-07-15,65810
65817,101243,Roberto,Azar,L,ARG,185,1427.0,1522.0,1532.0,1511.0,1471.0,139,1993-10-04,65817
65821,100413,Ulrich,Marten,R,GER,0,1427.0,1544.0,1519.0,1505.0,1519.0,67,1981-07-20,65821
65830,101074,Carlos,Di Laura,L,PER,175,1425.0,1497.0,1551.0,1500.0,1500.0,47,1992-03-27,65830
65832,100025,Barry,Phillips Moore,R,AUS,173,1425.0,1490.0,1477.0,1486.0,1440.0,380,1980-01-07,65832
65835,100506,Howard,Schoenfield,R,USA,0,1424.0,1512.0,1546.0,1502.0,1535.0,54,1981-01-26,65835
65843,101224,Kenny,Thorne,R,USA,188,1423.0,1503.0,1505.0,1486.0,1531.0,52,1996-07-08,65843
65849,102950,Fernando,Vicente,R,ESP,180,1423.0,1483.0,1487.0,1474.0,1523.0,372,2009-06-08,65849
65852,107728,Massimo,Di Domenico,R,ITA,0,1422.0,1494.0,1500.0,1490.0,1500.0,42,1978-05-22,65852
65853,202358,Chun Hsin,Tseng,R,TPE,175,1422.0,1490.0,1451.0,1463.0,1500.0,32,2024-09-18,65853
65859,105137,Pere,Riba,R,ESP,183,1422.0,1491.0,1568.0,1396.0,1500.0,87,2016-02-01,65859
65861,100045,John,Paish,L,GBR,0,1421.0,1448.0,1452.0,1509.0,1512.0,99,1980-06-23,65861
65865,100406,Greg,Halder,R,CAN,188,1420.0,1459.0,1572.0,1487.0,1539.0,35,1980-08-11,65865
65866,100740,Dan,Cassidy,R,USA,178,1419.0,1501.0,1513.0,1488.0,1476.0,109,1990-08-13,65866
65868,104372,Alex,Bogdanovic,L,GBR,183,1418.0,1462.0,1499.0,1477.0,1500.0,47,2011-07-04,65868
65883,100132,Armistead,Neely,R,USA,0,1415.0,1516.0,1469.0,1523.0,1526.0,49,1977-08-31,65883
65884,100065,Terry,Ryan,R,RSA,0,1415.0,1444.0,1523.0,1512.0,1480.0,92,1977-07-11,65884
65888,100619,George,Kalovelonis,R,GRE,190,1415.0,1499.0,1490.0,1499.0,1500.0,55,1994-10-03,65888
65890,100133,Pat,Cramer,R,RSA,0,1414.0,1561.0,1468.0,1500.0,1490.0,157,1979-08-28,65890
65897,107590,Luis,Borfiga,R,MON,0,1412.0,1508.0,1509.0,1500.0,1500.0,34,1985-04-01,65897
65898,100011,Torben,Ulrich,L,DEN,180,1412.0,1465.0,1527.0,1535.0,1489.0,140,1977-09-16,65898
65899,100124,Steve,Turner,R,USA,0,1412.0,1476.0,1509.0,1536.0,1467.0,69,1977-11-21,65899
65902,100299,James Chico,Hagey,R,USA,0,1411.0,1430.0,1480.0,1511.0,1499.0,67,1978-06-19,65902
65906,101969,Orlin,Stanoytchev,R,BUL,185,1410.0,1465.0,1476.0,1499.0,1529.0,73,2001-01-28,65906
65907,100226,Mike,Machette,R,USA,0,1410.0,1496.0,1499.0,1521.0,1486.0,98,1979-11-19,65907
65911,103105,Ruben,Ramirez Hidalgo,R,ESP,183,1409.0,1513.0,1466.0,1544.0,1497.0,201,2014-04-07,65911
65914,108012,Piero,Toci,R,ITA,0,1409.0,1427.0,1500.0,1488.0,1524.0,34,1976-05-24,65914
65919,100191,Doug,Crawford,R,USA,188,1408.0,1535.0,1471.0,1516.0,1530.0,68,1978-08-21,65919
65923,100031,Dimitri,Sturdza,R,SUI,0,1408.0,1435.0,1499.0,1465.0,1504.0,33,1977-12-29,65923
65925,107993,Peter,Pokorny,R,AUT,0,1407.0,1486.0,1508.0,1488.0,1500.0,49,1976-07-18,65925
65926,107425,Jose,Moreno,R,ESP,0,1407.0,1517.0,1480.0,1454.0,1451.0,40,1978-05-29,65926
65927,102381,Werner,Eschauer,R,AUT,188,1407.0,1492.0,1493.0,1525.0,1461.0,56,2008-07-14,65927
65930,100429,Miguel,Mir,R,ESP,0,1406.0,1543.0,1500.0,1515.0,1485.0,38,1983-07-18,65930
65934,100548,Ivan,Kley,R,BRA,183,1406.0,1523.0,1502.0,1480.0,1513.0,54,1990-02-05,65934
65935,100398,Julio,Goes,R,BRA,180,1405.0,1505.0,1499.0,1484.0,1512.0,53,1989-02-06,65935
65936,100726,Greg,Whitecross,R,AUS,185,1405.0,1486.0,1455.0,1578.0,1534.0,45,1984-12-24,65936
65937,117356,Cem,Ilkel,R,TUR,185,1404.0,1505.0,1463.0,1495.0,1500.0,41,2024-09-13,65937
65940,100241,Joel,Bailey,R,USA,0,1403.0,1534.0,1456.0,1500.0,1493.0,41,1988-10-18,65940
65942,111033,Kiyoshi,Tanabe,U,JPN,0,1403.0,1475.0,1555.0,1499.0,1552.0,40,1982-10-18,65942
65943,100323,Givaldo,Barbosa,R,BRA,183,1402.0,1514.0,1529.0,1510.0,1500.0,58,1989-02-06,65943
65947,100247,Rolf,Thung,L,NED,190,1400.0,1461.0,1510.0,1525.0,1471.0,98,1980-07-21,65947
65952,100145,Dick,Dell,R,USA,0,1398.0,1485.0,1493.0,1496.0,1491.0,139,1979-10-01,65952
65955,100353,Bruce,Kleege,R,USA,190,1397.0,1478.0,1495.0,1514.0,1474.0,45,1984-07-23,65955
65956,100112,John,Clifton,R,GBR,0,1396.0,1465.0,1505.0,1501.0,1500.0,34,1974-06-03,65956
65958,103835,Filippo,Volandri,R,ITA,183,1394.0,1464.0,1501.0,1530.0,1500.0,403,2016-07-18,65958
65961,100032,Patricio,Rodriguez Chi,R,CHI,188,1392.0,1500.0,1500.0,1557.0,1530.0,52,1978-08-14,65961
65962,108434,Tony,Parun,R,NZL,0,1392.0,1436.0,1468.0,1502.0,1500.0,34,1980-05-26,65962
65965,100378,David,Schneider,R,USA,185,1385.0,1500.0,1472.0,1453.0,1445.0,121,1983-07-08,65965
65966,100405,Fernando,Maynetto,R,PER,0,1384.0,1490.0,1510.0,1471.0,1524.0,39,1982-11-01,65966
65968,100250,Woody,Blocher,R,USA,173,1380.0,1492.0,1481.0,1429.0,1434.0,32,1979-11-19,65968
65972,100227,Alvin,Gardiner,R,AUS,0,1374.0,1509.0,1513.0,1481.0,1487.0,126,1981-11-23,65972
65974,202567,Lenny,Schloss,R,USA,0,1368.0,1490.0,1489.0,1489.0,1488.0,32,1972-07-12,65974
65975,100172,Tito,Vazquez,R,ARG,173,1368.0,1435.0,1500.0,1490.0,1494.0,78,1980-04-28,65975
65976,100266,John,Feaver,R,GBR,190,1363.0,1488.0,1521.0,1466.0,1537.0,246,1984-06-25,65976
65979,100258,Jorge,Andrew,R,VEN,0,1358.0,1496.0,1501.0,1513.0,1507.0,162,1983-03-04,65979
65982,100195,Nicolas,Kelaidis,R,GRE,178,1343.0,1521.0,1475.0,1568.0,1521.0,37,1981-03-09,65982
65983,100049,Jim,Mcmanus,L,USA,175,1342.0,1528.0,1511.0,1504.0,1475.0,263,1978-12-04,65983
65985,100134,Roy,Barth,R,USA,175,1337.0,1559.0,1452.0,1529.0,1481.0,142,1975-03-31,65985
65986,100107,Robert,Rheinberger,R,AUS,0,1337.0,1506.0,1529.0,1516.0,1500.0,39,1976-10-04,65986
65988,100158,John,Bartlett,R,AUS,188,1335.0,1514.0,1462.0,1483.0,1458.0,129,1979-10-22,65988
65989,199999,U,Unknown,U,UNK,0,1223.0,1521.0,1486.0,1475.0,1490.0,48,1980-06-02,65989
