,player_id,First Name,Last Name,Hand,Country,Height,Elo Rating,Clay Elo Rating,Hard Elo Rating,Grass Elo Rating,Carpet Elo Rating,n_games,last_game,n_wins,n_losses,rank
1,200414,Steffi,Graf,R,GER,175,2207.0,2166.0,2116.0,1923.0,1982.0,1013,1999-08-02,901,112,1
2,200144,Margaret,Court,R,AUS,175,2168.0,2029.0,1863.0,2109.0,1891.0,703,1977-02-22,635,68,2
3,200003,Justine,Henin,R,BEL,167,2155.0,1990.0,2121.0,1799.0,1617.0,567,2011-01-17,463,104,3
4,200259,Chris,Evert,R,USA,168,2136.0,2180.0,2025.0,2067.0,1992.0,1502,1989-10-01,1339,163,4
5,216347,Iga,Swiatek,R,POL,176,2103.0,1958.0,2023.0,1587.0,1500.0,333,2024-11-13,270,63,5
6,202458,Ashleigh,Barty,R,AUS,166,2069.0,1738.0,2013.0,1738.0,1500.0,282,2022-01-17,208,74,6
7,200128,Lindsay,Davenport,R,USA,189,2050.0,1890.0,1992.0,1773.0,1917.0,934,2008-08-25,738,196,7
8,214544,Aryna,Sabalenka,R,BLR,182,2028.0,1822.0,1959.0,1631.0,1500.0,446,2024-11-04,316,130,8
9,201419,Na,Li,R,CHN,172,2012.0,1772.0,2027.0,1650.0,1478.0,531,2014-06-23,366,165,9
10,200228,Olga,Morozova,R,URS,170,2012.0,1813.0,1571.0,1937.0,1715.0,467,1980-07-14,348,119,10
11,200401,Manuela,Maleeva Fragniere,R,SUI,173,2011.0,1780.0,1913.0,1667.0,1848.0,681,1994-02-08,489,192,11
12,200077,Jennifer,Capriati,R,USA,170,1998.0,1874.0,1863.0,1741.0,1677.0,596,2004-11-01,422,174,12
13,200652,Monica,Seles,L,USA,178,1990.0,1926.0,1978.0,1714.0,1886.0,725,2003-05-26,600,125,13
14,221103,Coco,Gauff,R,USA,175,1977.0,1756.0,1931.0,1621.0,1500.0,285,2024-11-04,200,85,14
15,200352,Greer,Stevens,R,RSA,168,1976.0,1510.0,1642.0,1787.0,1758.0,239,1980-12-01,147,92,15
16,200190,Billie Jean,King,R,USA,168,1969.0,1863.0,1887.0,1979.0,1732.0,923,1984-07-25,739,184,16
17,200096,Mary,Pierce,R,FRA,178,1955.0,1792.0,1817.0,1638.0,1737.0,710,2006-10-23,481,229,17
18,200293,Martina,Navratilova,L,USA,173,1947.0,1878.0,2118.0,2021.0,1997.0,1726,2005-06-13,1489,237,18
19,221012,Qinwen,Zheng,R,CHN,0,1944.0,1743.0,1860.0,1460.0,1500.0,168,2024-11-04,109,59,19
20,200572,Gabriela,Sabatini,R,ARG,175,1943.0,1923.0,1892.0,1776.0,1812.0,814,1996-10-14,627,187,20
21,200539,Jana,Novotna,R,CZE,175,1931.0,1833.0,1846.0,1889.0,1837.0,740,1999-10-04,531,209,21
22,200108,Elena,Dementieva,R,RUS,180,1929.0,1795.0,1890.0,1670.0,1726.0,755,2010-10-25,505,250,22
23,200176,Kerry,Reid,R,AUS,166,1929.0,1835.0,1753.0,1912.0,1709.0,861,1985-04-08,608,253,23
24,200150,Evonne,Goolagong,R,AUS,168,1922.0,1897.0,1743.0,1972.0,1901.0,975,1985-05-06,794,181,24
25,214981,Elena,Rybakina,R,KAZ,184,1922.0,1766.0,1851.0,1683.0,1500.0,320,2024-11-15,220,100,25
26,200373,Bonnie,Gadusek,R,USA,0,1921.0,1866.0,1726.0,1540.0,1680.0,287,1987-09-01,192,95,26
27,200274,Julie,Heldman,R,USA,170,1917.0,1794.0,1730.0,1864.0,1699.0,581,1975-08-27,403,178,27
28,200079,Kim,Clijsters,R,BEL,175,1917.0,1811.0,1930.0,1741.0,1718.0,618,2021-10-06,487,131,28
29,214096,Karolina,Muchova,R,CZE,178,1907.0,1680.0,1869.0,1537.0,1500.0,187,2024-10-14,121,66,29
30,200251,Kazuko,Sawamatsu,U,JPN,174,1906.0,1812.0,1606.0,1735.0,1555.0,322,1975-11-24,212,110,30
31,202468,Jessica,Pegula,R,USA,170,1902.0,1683.0,1863.0,1576.0,1500.0,321,2024-11-04,212,109,31
32,200193,Ann,Jones,L,GBR,0,1891.0,1807.0,1791.0,1791.0,1753.0,348,1983-05-30,271,77,32
33,200829,Nancy,Richey,R,USA,160,1883.0,1830.0,1755.0,1725.0,1665.0,448,1978-08-28,333,115,33
34,200372,Bettina,Bunge,R,GER,173,1880.0,1709.0,1796.0,1736.0,1669.0,516,1989-11-06,320,196,34
35,201364,Tatiana,Golovin,R,FRA,175,1877.0,1631.0,1800.0,1573.0,1596.0,221,2008-05-05,138,83,35
36,211651,Paula,Badosa,R,ESP,180,1876.0,1718.0,1793.0,1563.0,1500.0,238,2024-11-13,148,90,36
37,200381,Andrea,Jaeger,R,USA,168,1872.0,1884.0,1759.0,1831.0,1755.0,394,1987-04-20,289,105,37
38,200065,Amelie,Mauresmo,R,FRA,175,1869.0,1818.0,1769.0,1695.0,1763.0,688,2009-08-31,493,195,38
39,200297,Natasha,Chmyreva,U,URS,0,1868.0,1605.0,1518.0,1649.0,1594.0,105,1979-08-06,63,42,39
40,200877,Helga,Schultze,R,GER,0,1864.0,1815.0,1500.0,1501.0,1500.0,134,1978-10-09,104,30,40
41,200597,Mary Joe,Fernandez,R,USA,175,1860.0,1830.0,1798.0,1744.0,1638.0,633,2000-10-14,431,202,41
42,200317,Helga,Masthoff,R,FRG,0,1856.0,1833.0,1566.0,1691.0,1595.0,538,1980-08-04,414,124,42
43,201594,Simona,Halep,R,ROU,168,1852.0,1831.0,1787.0,1720.0,1466.0,674,2024-10-28,469,205,43
44,200931,Marina,Kroschina,R,URS,0,1851.0,1652.0,1527.0,1595.0,1583.0,127,1981-07-13,74,53,44
45,211148,Jasmine,Paolini,R,ITA,160,1851.0,1659.0,1750.0,1559.0,1500.0,243,2024-11-13,129,114,45
46,200097,Nathalie,Tauziat,R,FRA,165,1850.0,1615.0,1771.0,1794.0,1680.0,908,2001-10-30,562,346,46
47,200397,Tracy,Austin,R,USA,165,1848.0,1832.0,1852.0,1798.0,1884.0,477,1994-06-13,378,99,47
48,202505,Belinda,Bencic,R,SUI,175,1847.0,1665.0,1795.0,1637.0,1500.0,441,2024-11-15,270,171,48
49,200001,Martina,Hingis,R,SUI,170,1847.0,1964.0,1793.0,1675.0,1909.0,669,2015-04-18,536,133,49
50,200033,Serena,Williams,R,USA,175,1846.0,1871.0,1905.0,1876.0,1685.0,1025,2022-08-29,853,172,50
51,201619,Madison,Keys,R,USA,178,1842.0,1738.0,1718.0,1687.0,1500.0,508,2024-10-07,315,193,51
52,201520,Petra,Kvitova,L,CZE,183,1838.0,1672.0,1797.0,1758.0,1570.0,810,2023-10-02,546,264,52
53,200375,Barbara,Potter,L,USA,175,1831.0,1533.0,1714.0,1745.0,1707.0,519,1989-10-30,316,203,53
54,200081,Anke,Huber,R,GER,173,1830.0,1770.0,1767.0,1654.0,1668.0,636,2001-10-30,422,214,54
55,200699,Meredith,Mcgrath,U,USA,0,1826.0,1524.0,1567.0,1698.0,1604.0,176,1998-02-23,91,85,55
56,200348,Hana,Mandlikova,R,AUS,173,1822.0,1836.0,1785.0,1862.0,1832.0,767,1990-06-25,561,206,56
57,203389,Danielle,Collins,R,USA,178,1822.0,1742.0,1740.0,1521.0,1500.0,272,2024-11-13,166,106,57
58,200080,Dominique,Monami,R,BEL,170,1821.0,1651.0,1752.0,1618.0,1653.0,390,2000-10-09,225,165,58
59,200482,Judith,Wiesner,R,AUT,0,1820.0,1706.0,1743.0,1656.0,1669.0,526,1997-10-06,331,195,59
60,200112,Julie,Halard Decugis,R,FRA,173,1820.0,1769.0,1787.0,1687.0,1559.0,584,2000-11-13,353,231,60
61,201345,Maria,Sharapova,R,RUS,188,1817.0,1925.0,1803.0,1730.0,1611.0,784,2020-01-20,608,176,61
62,200226,Mona,Guerrant,U,USA,0,1813.0,1666.0,1524.0,1685.0,1564.0,257,1980-12-15,134,123,62
63,201709,Yulia,Putintseva,R,KAZ,163,1809.0,1677.0,1703.0,1555.0,1500.0,492,2024-11-15,257,235,63
64,214082,Daria,Kasatkina,R,RUS,170,1807.0,1701.0,1725.0,1649.0,1500.0,494,2024-11-04,299,195,64
65,201355,Flavia,Pennetta,R,ITA,172,1806.0,1644.0,1795.0,1543.0,1509.0,719,2015-10-25,441,278,65
66,200049,Conchita,Martinez,R,ESP,170,1806.0,1768.0,1713.0,1674.0,1627.0,1021,2005-10-24,723,298,66
67,201294,Marion,Bartoli,R,FRA,170,1802.0,1582.0,1759.0,1738.0,1528.0,671,2013-08-12,404,267,67
68,200772,Anastasia,Myskina,R,RUS,174,1801.0,1700.0,1736.0,1680.0,1731.0,399,2007-05-28,254,145,68
69,215613,Emma,Navarro,R,USA,0,1801.0,1576.0,1725.0,1570.0,1500.0,109,2024-10-07,65,44,69
70,200175,Mary Ann,Eisel,U,USA,0,1800.0,1735.0,1565.0,1684.0,1544.0,272,1976-12-13,174,98,70
71,202494,Elina,Svitolina,R,UKR,174,1800.0,1729.0,1741.0,1592.0,1513.0,601,2024-08-26,388,213,71
72,201336,Dinara,Safina,R,RUS,185,1800.0,1823.0,1755.0,1640.0,1627.0,467,2011-05-02,304,163,72
73,259799,Mirra,Andreeva,R,RUS,0,1800.0,1676.0,1675.0,1505.0,1500.0,73,2024-10-14,48,25,73
74,200845,Patricia,Walkden,R,RSA,0,1796.0,1757.0,1656.0,1707.0,1544.0,340,1975-11-24,230,110,74
75,223670,Diana,Shnaider,L,RUS,0,1794.0,1590.0,1707.0,1583.0,1500.0,91,2024-10-28,59,32,75
76,200168,Karen,Krantzcke,R,AUS,188,1793.0,1766.0,1610.0,1749.0,1473.0,464,1977-04-04,287,177,76
77,216146,Marta,Kostyuk,R,UKR,175,1791.0,1574.0,1755.0,1511.0,1500.0,199,2024-10-07,108,91,77
78,200378,Anne,Smith,R,USA,165,1790.0,1565.0,1634.0,1655.0,1702.0,397,1991-08-26,222,175,78
79,211768,Naomi,Osaka,R,JPN,180,1789.0,1579.0,1797.0,1533.0,1500.0,312,2024-09-25,199,113,79
80,206252,Barbora,Krejcikova,R,CZE,178,1786.0,1614.0,1746.0,1632.0,1500.0,234,2024-11-04,146,88,80
81,200866,Linda,Tuero,R,USA,163,1786.0,1780.0,1659.0,1557.0,1512.0,261,1979-08-06,181,80,81
82,214954,Marketa,Vondrousova,L,CZE,173,1785.0,1697.0,1724.0,1538.0,1500.0,260,2024-07-01,161,99,82
83,201092,Joyce,Williams,U,GBR,0,1784.0,1766.0,1552.0,1668.0,1617.0,286,1979-07-09,193,93,83
84,200389,Kathy,Jordan,R,USA,173,1783.0,1602.0,1653.0,1721.0,1760.0,422,1990-08-27,259,163,84
85,201458,Victoria,Azarenka,R,BLR,180,1783.0,1697.0,1749.0,1653.0,1487.0,850,2024-09-09,589,261,85
86,206242,Beatriz,Haddad Maia,L,BRA,185,1783.0,1628.0,1725.0,1593.0,1500.0,266,2024-11-15,153,113,86
87,202499,Donna,Vekic,R,CRO,179,1779.0,1610.0,1664.0,1647.0,1500.0,445,2024-10-07,234,211,87
88,216153,Amanda,Anisimova,R,USA,180,1777.0,1624.0,1730.0,1561.0,1500.0,190,2024-10-07,111,79,88
89,200911,Linky,Boshoff,R,RSA,0,1773.0,1642.0,1667.0,1688.0,1479.0,239,1977-12-12,138,101,89
90,214939,Anna,Kalinskaya,R,RUS,175,1771.0,1517.0,1712.0,1517.0,1500.0,179,2024-10-14,89,90,90
91,202460,Ons,Jabeur,R,TUN,167,1765.0,1750.0,1651.0,1686.0,1500.0,371,2024-08-05,226,145,91
92,201515,Alisa,Kleybanova,R,RUS,181,1762.0,1569.0,1743.0,1534.0,1499.0,203,2014-06-23,110,93,92
93,200601,Leila,Meskhi,R,GEO,164,1761.0,1750.0,1723.0,1464.0,1597.0,323,1996-10-28,198,125,93
94,200870,Peaches,Bartkowicz,U,USA,0,1759.0,1778.0,1644.0,1645.0,1468.0,191,1974-03-18,131,60,94
95,221054,Emma,Raducanu,R,GBR,175,1758.0,1527.0,1662.0,1566.0,1500.0,101,2024-11-13,58,43,95
96,200874,Jill,Cooper,U,GBR,0,1758.0,1670.0,1500.0,1588.0,1518.0,196,1973-11-12,108,88,96
97,214643,Liudmila,Samsonova,R,RUS,180,1757.0,1573.0,1697.0,1585.0,1500.0,216,2024-10-07,123,93,97
98,206289,Maria,Sakkari,R,GRE,172,1755.0,1686.0,1775.0,1538.0,1500.0,421,2024-08-26,241,180,98
99,200129,Lesley,Turner,R,AUS,0,1755.0,1760.0,1503.0,1634.0,1488.0,225,1978-06-26,147,78,99
100,200810,Annette,Van Zyl,R,RSA,180,1753.0,1724.0,1674.0,1535.0,1564.0,159,1977-12-12,111,48,100
101,201496,Caroline,Wozniacki,R,DEN,177,1752.0,1659.0,1747.0,1673.0,1501.0,915,2024-08-26,635,280,101
102,200961,Ivanna,Madruga,R,ARG,0,1751.0,1670.0,1579.0,1506.0,1480.0,238,1986-07-14,141,97,102
103,206108,Jennifer,Brady,R,USA,178,1750.0,1498.0,1717.0,1512.0,1500.0,147,2023-10-02,73,74,103
104,200185,Lesley,Hunt,R,AUS,168,1750.0,1623.0,1590.0,1731.0,1565.0,572,1979-05-14,320,252,104
105,220367,Leylah,Fernandez,L,CAN,168,1749.0,1570.0,1699.0,1562.0,1500.0,203,2024-11-13,118,85,105
106,200604,Barbara,Paulus,R,AUT,177,1748.0,1730.0,1643.0,1469.0,1650.0,387,1998-08-31,239,148,106
107,200948,Brigette,Cuypers,R,RSA,169,1747.0,1589.0,1671.0,1555.0,1507.0,226,1984-04-23,116,110,107
108,201474,Agnieszka,Radwanska,R,POL,170,1747.0,1698.0,1711.0,1687.0,1496.0,795,2018-09-17,545,250,108
109,200184,Helen,Gourlay,R,AUS,166,1745.0,1687.0,1621.0,1692.0,1525.0,520,1980-12-08,310,210,109
110,200211,Winnie,Shaw,R,GBR,0,1745.0,1690.0,1684.0,1730.0,1609.0,459,1979-07-09,307,152,110
111,200039,Chanda,Rubin,R,USA,168,1745.0,1713.0,1699.0,1664.0,1660.0,587,2006-10-30,352,235,111
112,201600,Jamie,Hampton,R,USA,173,1744.0,1537.0,1658.0,1535.0,1500.0,84,2013-12-30,42,42,112
113,201499,Anastasia,Pavlyuchenkova,R,RUS,177,1744.0,1634.0,1747.0,1481.0,1557.0,742,2024-08-26,423,319,113
114,202427,Johanna,Konta,R,GBR,180,1743.0,1610.0,1688.0,1691.0,1500.0,323,2021-08-16,195,128,114
115,200664,Stephanie,Rehe,R,USA,180,1743.0,1527.0,1671.0,1527.0,1627.0,239,1993-03-01,139,100,115
116,200950,Marise,Kruger,R,RSA,168,1740.0,1617.0,1527.0,1599.0,1588.0,141,1979-11-26,71,70,116
117,211533,Jelena,Ostapenko,R,LAT,177,1739.0,1640.0,1722.0,1687.0,1500.0,465,2024-09-09,273,192,117
118,201495,Dominika,Cibulkova,R,SVK,161,1733.0,1626.0,1719.0,1622.0,1501.0,666,2019-05-27,390,276,118
119,201425,Lucie,Safarova,L,CZE,177,1733.0,1655.0,1701.0,1613.0,1560.0,651,2018-09-10,367,284,119
120,200016,Sandrine,Testud,R,FRA,176,1731.0,1646.0,1833.0,1527.0,1587.0,560,2004-08-15,317,243,120
121,200064,Amanda,Coetzer,R,RSA,158,1731.0,1749.0,1693.0,1530.0,1630.0,841,2004-03-01,522,319,121
122,200029,Lisa,Mcshea,R,AUS,174,1729.0,1611.0,1433.0,1717.0,1519.0,115,2003-03-03,77,38,122
123,200938,Kathy,May,R,USA,173,1726.0,1630.0,1605.0,1570.0,1597.0,210,1990-08-06,118,92,123
124,222328,Linda,Noskova,R,CZE,0,1726.0,1517.0,1728.0,1495.0,1500.0,93,2024-11-13,54,39,124
125,211107,Katie,Boulter,R,GBR,180,1726.0,1461.0,1678.0,1627.0,1500.0,147,2024-11-13,80,67,125
126,201504,Julia,Goerges,R,GER,180,1726.0,1553.0,1717.0,1614.0,1500.0,578,2020-09-28,319,259,126
127,201133,Eliza,Pande,R,USA,0,1725.0,1501.0,1585.0,1653.0,1500.0,63,1980-06-09,42,21,127
128,200901,Nell,Truman,R,GBR,0,1724.0,1603.0,1514.0,1590.0,1541.0,221,1972-06-26,113,108,128
129,200904,Kristien,Shaw,L,USA,168,1723.0,1540.0,1507.0,1702.0,1556.0,269,1978-09-18,122,147,129
130,201493,Angelique,Kerber,L,GER,173,1722.0,1660.0,1679.0,1713.0,1533.0,788,2024-07-29,492,296,130
131,200160,Judy,Tegart,R,AUS,0,1720.0,1733.0,1631.0,1634.0,1507.0,428,1981-08-17,286,142,131
132,200116,Natalia,Zvereva,R,BLR,174,1719.0,1692.0,1714.0,1721.0,1631.0,680,2002-06-24,428,252,132
133,201373,Maria,Kirilenko,R,RUS,173,1719.0,1619.0,1743.0,1534.0,1505.0,521,2014-09-29,288,233,133
134,200963,Caroline,Stoll,R,USA,0,1716.0,1672.0,1593.0,1466.0,1484.0,164,1981-02-09,87,77,134
135,200408,Alycia,Moulton,R,USA,0,1716.0,1506.0,1622.0,1625.0,1539.0,283,1988-03-14,148,135,135
136,204426,Anett,Kontaveit,R,EST,174,1716.0,1637.0,1763.0,1544.0,1500.0,375,2023-07-03,227,148,136
137,200194,Francoise,Durr,R,FRA,162,1715.0,1760.0,1611.0,1755.0,1534.0,650,1981-07-20,392,258,137
138,201421,Ana,Ivanovic,R,SRB,184,1715.0,1741.0,1730.0,1620.0,1578.0,661,2016-08-29,438,223,138
139,202428,Kiki,Bertens,R,NED,182,1714.0,1745.0,1731.0,1548.0,1525.0,410,2021-07-24,236,174,139
140,200655,Nicole,Arendt,L,USA,177,1713.0,1504.0,1591.0,1597.0,1456.0,142,2000-01-03,67,75,140
141,200423,Carling,Bassett Seguso,R,CAN,168,1712.0,1753.0,1597.0,1588.0,1595.0,272,1992-04-06,162,110,141
142,200404,Zina,Garrison,R,USA,164,1711.0,1557.0,1699.0,1856.0,1664.0,875,1996-11-11,598,277,142
143,200255,Lesley,Charles,U,GBR,0,1711.0,1598.0,1578.0,1590.0,1526.0,351,1981-07-27,204,147,143
144,201101,Janice,Townsend,U,GBR,0,1710.0,1645.0,1490.0,1594.0,1469.0,116,1971-07-05,66,50,144
145,200107,Paola,Suarez,R,ARG,170,1708.0,1727.0,1618.0,1535.0,1457.0,422,2007-02-19,236,186,145
146,201287,Maria Jose,Martinez Sanchez,L,ESP,176,1707.0,1683.0,1636.0,1520.0,1524.0,217,2013-02-25,113,104,146
147,201090,Stephanie,Defina,L,USA,158,1707.0,1712.0,1501.0,1494.0,1559.0,137,1971-09-01,89,48,147
148,202663,Magda,Linette,R,POL,171,1706.0,1631.0,1601.0,1475.0,1500.0,404,2024-11-13,198,206,148
149,200667,Ines,Gorrochategui,R,ARG,169,1705.0,1686.0,1563.0,1610.0,1495.0,201,1999-08-30,113,88,149
150,200644,Naoko,Sawamatsu,R,JPN,167,1704.0,1591.0,1676.0,1579.0,1563.0,332,1998-09-21,191,141,150
151,215713,Anastasia,Potapova,R,RUS,175,1703.0,1652.0,1650.0,1524.0,1500.0,223,2024-10-07,120,103,151
152,200366,Sylvia,Hanika,L,GER,173,1703.0,1725.0,1667.0,1582.0,1661.0,674,1990-08-27,426,248,152
153,200110,Fabiola,Zuluaga,R,COL,172,1701.0,1695.0,1650.0,1459.0,1472.0,250,2005-08-29,144,106,153
154,211685,Rebecca,Sramkova,R,SVK,0,1701.0,1519.0,1661.0,1488.0,1500.0,51,2024-11-13,30,21,154
155,200145,Kerry,Harris,R,AUS,173,1700.0,1542.0,1507.0,1643.0,1529.0,296,1974-12-21,142,154,155
156,202429,Camila,Giorgi,R,ITA,168,1699.0,1561.0,1675.0,1587.0,1500.0,414,2024-03-18,219,195,156
157,200848,Maria,Bueno,R,BRA,170,1699.0,1533.0,1578.0,1700.0,1495.0,118,1977-10-17,74,44,157
158,200037,Sabine,Appelmans,L,BEL,168,1698.0,1598.0,1687.0,1583.0,1590.0,527,2001-01-15,309,218,158
159,206420,Ekaterina,Alexandrova,R,RUS,175,1697.0,1532.0,1702.0,1651.0,1500.0,344,2024-10-07,193,151,159
160,200902,Corinne,Molesworth,U,GBR,0,1696.0,1580.0,1506.0,1584.0,1529.0,425,1979-07-16,232,193,160
161,215370,Bianca,Andreescu,R,CAN,170,1696.0,1581.0,1672.0,1548.0,1500.0,176,2024-10-21,109,67,161
162,200630,Laura,Arraya,R,PER,173,1694.0,1660.0,1648.0,1547.0,1582.0,491,1993-09-21,282,209,162
163,200785,Vlasta,Kodesova,U,CZE,0,1694.0,1654.0,1488.0,1498.0,1502.0,128,1974-06-24,78,50,163
164,200422,Raffaella,Reggi Concato,U,ITA,170,1693.0,1706.0,1663.0,1630.0,1583.0,467,1992-07-28,282,185,164
165,200417,Gigi,Fernandez,U,USA,170,1692.0,1486.0,1612.0,1671.0,1492.0,454,1997-08-25,233,221,165
166,200930,Julie,Anthony,R,USA,0,1691.0,1562.0,1565.0,1631.0,1508.0,184,1979-10-01,90,94,166
167,200548,Patty,Fendick,R,USA,165,1691.0,1506.0,1686.0,1603.0,1552.0,365,1995-08-14,201,164,167
168,210722,Elise,Mertens,R,BEL,179,1691.0,1673.0,1653.0,1514.0,1500.0,442,2024-10-14,268,174,168
169,200787,Fiorella,Bonicelli,R,URU,170,1691.0,1651.0,1534.0,1573.0,1511.0,256,1986-07-20,151,105,169
170,200469,Nicole,Bradtke,R,AUS,176,1691.0,1629.0,1633.0,1552.0,1520.0,368,1997-01-13,195,173,170
171,200968,Betty Ann,Grubb,R,USA,175,1690.0,1574.0,1558.0,1641.0,1432.0,247,1981-09-01,133,114,171
172,200237,Virginia,Wade,R,GBR,170,1689.0,1618.0,1683.0,1728.0,1609.0,1293,1985-11-25,932,361,172
173,200409,Petra,Delhees Jauch,L,SUI,0,1687.0,1624.0,1516.0,1474.0,1518.0,185,1985-05-27,88,97,173
174,200051,Irina,Spirlea,R,ROU,175,1687.0,1719.0,1659.0,1593.0,1627.0,371,2000-06-26,216,155,174
175,200941,Janice,Metcalf,U,USA,183,1687.0,1601.0,1653.0,1562.0,1496.0,112,1977-01-31,69,43,175
176,200069,Nadia,Petrova,R,RUS,178,1686.0,1652.0,1694.0,1643.0,1590.0,730,2014-03-31,448,282,176
177,201521,Carla,Suarez Navarro,R,ESP,162,1686.0,1688.0,1670.0,1546.0,1485.0,622,2021-11-01,360,262,177
178,200086,Magdalena,Maleeva,R,BUL,168,1685.0,1657.0,1589.0,1642.0,1672.0,690,2005-10-17,407,283,178
179,200113,Anna,Kournikova,R,RUS,173,1684.0,1642.0,1702.0,1597.0,1630.0,312,2003-04-07,186,126,179
180,201505,Kate,Makarova,L,RUS,178,1684.0,1588.0,1667.0,1612.0,1479.0,489,2019-02-18,258,231,180
181,214263,Catherine Cartan,Bellis,R,USA,0,1684.0,1541.0,1642.0,1516.0,1500.0,76,2020-09-28,40,36,181
182,200455,Katerina,Maleeva,R,BUL,168,1683.0,1609.0,1703.0,1601.0,1650.0,542,1996-10-14,346,196,182
183,201614,Caroline,Garcia,R,FRA,177,1683.0,1648.0,1680.0,1643.0,1487.0,621,2024-09-09,352,269,183
184,201593,Irina Camelia,Begu,R,ROU,181,1682.0,1670.0,1564.0,1470.0,1500.0,478,2024-10-07,245,233,184
185,200871,Tory Ann,Fretz,R,USA,0,1682.0,1612.0,1595.0,1538.0,1470.0,214,1981-09-12,107,107,185
186,213631,Marie,Bouzkova,R,CZE,180,1682.0,1553.0,1633.0,1523.0,1500.0,218,2024-11-13,113,105,186
187,201320,Svetlana,Kuznetsova,R,RUS,174,1681.0,1628.0,1714.0,1565.0,1524.0,949,2021-06-28,615,334,187
188,200653,Yayuk,Basuki,R,INA,164,1681.0,1508.0,1661.0,1705.0,1531.0,340,2000-11-11,193,147,188
189,202469,Garbine,Muguruza,R,ESP,182,1680.0,1689.0,1719.0,1587.0,1500.0,506,2023-01-30,320,186,189
190,200152,Gail,Sherriff,R,FRA,0,1679.0,1677.0,1580.0,1570.0,1500.0,521,1982-05-24,361,160,190
191,220548,Peyton,Stearns,R,USA,0,1679.0,1604.0,1598.0,1475.0,1500.0,74,2024-09-25,37,37,191
192,201662,Karolina,Pliskova,R,CZE,184,1677.0,1638.0,1675.0,1621.0,1500.0,664,2024-08-26,420,244,192
193,201256,Renee,Richards,L,USA,0,1677.0,1640.0,1607.0,1500.0,1527.0,216,1982-04-26,128,88,193
194,200011,Katarina,Srebotnik,R,SLO,180,1676.0,1678.0,1631.0,1484.0,1483.0,462,2010-08-16,244,218,194
195,200700,Silvia,Farina Elia,R,ITA,172,1676.0,1734.0,1612.0,1592.0,1576.0,712,2005-10-24,391,321,195
196,200275,Ann,Kiyomura Hayashi,R,USA,0,1676.0,1582.0,1556.0,1616.0,1546.0,409,1984-08-28,194,215,196
197,211701,Katerina,Siniakova,R,CZE,174,1675.0,1588.0,1629.0,1568.0,1500.0,414,2024-10-21,200,214,197
198,215785,Camila,Osorio,R,COL,162,1675.0,1670.0,1557.0,1440.0,1500.0,148,2024-11-15,82,66,198
199,200043,Virginie,Razzano,R,FRA,173,1675.0,1618.0,1610.0,1509.0,1448.0,431,2016-08-29,210,221,199
200,200428,Lori,Mcneil,U,USA,170,1674.0,1512.0,1577.0,1730.0,1665.0,664,1999-03-18,386,278,200
201,200651,Sabine,Hack,U,GER,170,1673.0,1771.0,1533.0,1491.0,1452.0,323,1997-01-13,187,136,201
202,201497,Agnes,Szavay,R,HUN,168,1672.0,1713.0,1606.0,1487.0,1547.0,219,2012-08-27,124,95,202
203,200860,Kristy,Pigeon,L,USA,0,1671.0,1500.0,1500.0,1649.0,1443.0,212,1974-10-07,115,97,203
204,201514,Sorana,Cirstea,R,ROU,176,1671.0,1558.0,1721.0,1477.0,1510.0,648,2024-07-01,324,324,204
205,203501,Taylor,Townsend,L,USA,170,1671.0,1511.0,1644.0,1468.0,1500.0,121,2024-11-13,52,69,205
206,200171,Janet,Young,U,AUS,0,1671.0,1528.0,1486.0,1620.0,1494.0,171,1977-01-03,83,88,206
207,200002,Mirjana,Lucic,R,CRO,181,1670.0,1613.0,1630.0,1497.0,1494.0,315,2018-01-15,148,167,207
208,201115,Victoria,Rogers,U,USA,0,1669.0,1530.0,1504.0,1637.0,1488.0,65,1969-01-12,40,25,208
209,201091,Christine,Truman,R,GBR,0,1669.0,1621.0,1487.0,1647.0,1549.0,154,1975-05-12,101,53,209
210,201450,Tsvetana,Pironkova,R,BUL,180,1669.0,1569.0,1584.0,1562.0,1467.0,435,2021-08-30,193,242,210
211,200501,Marianne,Werdel Witmeyer,U,USA,0,1668.0,1437.0,1595.0,1470.0,1607.0,384,1997-02-17,181,203,211
212,200017,Arantxa,Sanchez Vicario,R,ESP,168,1667.0,1772.0,1612.0,1762.0,1599.0,1066,2002-11-02,770,296,212
213,211684,Magdalena,Frech,R,POL,171,1667.0,1518.0,1601.0,1513.0,1500.0,166,2024-11-13,67,99,213
214,201545,Anastasija,Sevastova,R,LAT,169,1666.0,1646.0,1611.0,1571.0,1476.0,392,2024-02-26,218,174,214
215,200876,Denise,Carter,U,USA,0,1666.0,1486.0,1563.0,1589.0,1492.0,125,1974-09-30,67,58,215
216,201455,Elena,Vesnina,R,RUS,176,1666.0,1578.0,1631.0,1626.0,1484.0,530,2021-07-24,266,264,216
217,200421,Pascale,Paradis Mangon,R,FRA,0,1666.0,1457.0,1538.0,1592.0,1595.0,300,1993-10-11,141,159,217
218,200337,Virginia,Ruzici,R,ROU,173,1665.0,1753.0,1565.0,1667.0,1577.0,778,1987-10-12,485,293,218
219,200494,Dianne,Van Rensburg,R,RSA,0,1665.0,1474.0,1627.0,1523.0,1507.0,174,1995-01-02,82,92,219
220,216133,Xin Yu,Wang,R,CHN,182,1665.0,1493.0,1613.0,1489.0,1500.0,158,2024-10-28,71,87,220
221,200779,Maryna,Godwin,R,RSA,0,1665.0,1583.0,1562.0,1573.0,1500.0,108,1973-07-09,63,45,221
222,203094,Petra,Russegger,R,AUT,0,1663.0,1500.0,1662.0,1500.0,1500.0,31,2002-01-28,26,5,222
223,200808,Laura,Rossouw,U,RSA,0,1663.0,1607.0,1563.0,1562.0,1478.0,261,1974-08-12,129,132,223
224,200111,Lina,Krasnoroutskaya,R,RUS,174,1662.0,1552.0,1608.0,1508.0,1517.0,136,2005-01-03,65,71,224
225,200951,Mary,Struthers,U,USA,0,1660.0,1554.0,1531.0,1472.0,1518.0,229,1979-03-28,115,114,225
226,200897,Heide,Orth,R,GER,0,1659.0,1595.0,1569.0,1476.0,1536.0,126,1976-06-28,66,60,226
227,201006,Lea,Plchova,U,TCH,0,1658.0,1657.0,1489.0,1492.0,1500.0,90,1985-11-11,62,28,227
228,200472,Helen,Kelesi,R,CAN,0,1657.0,1689.0,1612.0,1504.0,1546.0,400,1994-08-29,228,172,228
229,201260,Kelly,Henry,U,USA,0,1657.0,1522.0,1566.0,1500.0,1499.0,46,1982-09-27,30,16,229
230,200288,Sue,Mappin,R,GBR,0,1657.0,1611.0,1500.0,1594.0,1555.0,223,1978-07-31,119,104,230
231,200905,Mariana,Simionescu,R,ROU,0,1657.0,1598.0,1553.0,1526.0,1456.0,173,1980-10-20,83,90,231
232,200693,Elena,Makarova,R,RUS,0,1656.0,1571.0,1537.0,1489.0,1598.0,153,1999-06-07,74,79,232
233,200887,Trudy,Groenman,L,NED,0,1656.0,1601.0,1520.0,1539.0,1500.0,79,1973-07-16,43,36,233
234,200955,Mary,Carillo,L,USA,183,1656.0,1599.0,1490.0,1496.0,1487.0,109,1982-04-15,56,53,234
235,201386,Jie,Zheng,R,CHN,164,1655.0,1556.0,1597.0,1555.0,1484.0,437,2015-01-19,234,203,235
236,206294,Yue,Yuan,R,CHN,184,1655.0,1503.0,1649.0,1458.0,1500.0,85,2024-10-28,43,42,236
237,200862,Valerie,Ziegenfuss,R,USA,173,1655.0,1608.0,1534.0,1599.0,1506.0,498,1979-03-28,252,246,237
238,200638,Stephanie,Rottier,U,NED,0,1653.0,1513.0,1590.0,1473.0,1545.0,125,1996-04-15,60,65,238
239,201025,Neige,Dias,U,BRA,0,1653.0,1631.0,1495.0,1490.0,1508.0,166,1989-07-17,83,83,239
240,200956,Carrie,Meyer,R,USA,0,1652.0,1571.0,1507.0,1535.0,1474.0,200,1980-12-15,93,107,240
241,200481,Elna,Reinach,U,RSA,0,1652.0,1485.0,1588.0,1634.0,1511.0,336,1995-08-28,160,176,241
242,200026,Florencia,Labat,L,ARG,170,1652.0,1631.0,1602.0,1529.0,1460.0,407,2000-09-19,210,197,242
243,213550,Sofia,Kenin,R,USA,170,1651.0,1586.0,1611.0,1544.0,1500.0,262,2024-10-28,146,116,243
244,200354,Claudia,Kohde Kilsch,R,GER,187,1650.0,1655.0,1646.0,1742.0,1598.0,660,1992-10-05,418,242,244
245,200782,Esme,Emmanuel,U,RSA,0,1650.0,1528.0,1521.0,1586.0,1456.0,164,1972-09-27,77,87,245
246,201253,Sally,Moore,R,USA,0,1650.0,1504.0,1493.0,1569.0,1512.0,55,1976-09-01,31,24,246
247,206368,Veronika,Kudermetova,R,RUS,175,1650.0,1646.0,1614.0,1577.0,1500.0,306,2024-10-21,173,133,247
248,200183,Elena,Subirats,U,MEX,0,1649.0,1604.0,1557.0,1497.0,1490.0,71,1973-05-03,43,28,248
249,200351,Lindsay,Morse,U,USA,0,1648.0,1533.0,1518.0,1567.0,1490.0,83,1981-09-14,45,38,249
250,200868,Brenda,Kirk,U,RSA,0,1648.0,1546.0,1596.0,1589.0,1515.0,235,1977-12-01,114,121,250
251,200377,Helena,Sukova,R,CZE,188,1647.0,1650.0,1584.0,1738.0,1654.0,938,1998-06-22,627,311,251
252,200759,Katja,Ebbinghaus,R,FRG,173,1647.0,1682.0,1443.0,1524.0,1509.0,345,1982-05-17,194,151,252
253,200048,Elena,Likhovtseva,R,RUS,174,1647.0,1610.0,1576.0,1610.0,1542.0,721,2008-03-24,370,351,253
254,200302,Linda,Mottram,R,GBR,0,1647.0,1682.0,1446.0,1498.0,1582.0,166,1979-05-06,106,60,254
255,215337,Olga,Danilovic,L,SRB,0,1647.0,1604.0,1529.0,1488.0,1500.0,70,2024-10-21,38,32,255
256,200424,Etsuko,Inoue,R,JPN,164,1646.0,1541.0,1570.0,1602.0,1503.0,270,1990-06-25,125,145,256
257,200027,Magui,Serna,L,ESP,167,1646.0,1704.0,1534.0,1565.0,1465.0,389,2005-03-23,193,196,257
258,200085,Ai,Sugiyama,R,JPN,163,1646.0,1530.0,1629.0,1560.0,1533.0,812,2009-09-28,429,383,258
259,200221,Dianne,Fromholtz,L,AUS,165,1645.0,1687.0,1539.0,1697.0,1659.0,801,1990-01-15,504,297,259
260,200315,Nina,Bohm,R,SWE,0,1645.0,1572.0,1457.0,1554.0,1461.0,126,1981-08-24,56,70,260
261,200032,Barbara,Schett,R,AUT,176,1644.0,1657.0,1573.0,1518.0,1569.0,520,2005-01-17,278,242,261
262,200041,Amy,Frazier,R,USA,175,1644.0,1530.0,1635.0,1554.0,1578.0,728,2006-08-28,420,308,262
263,200764,Elena,Bovina,R,RUS,189,1643.0,1642.0,1593.0,1504.0,1586.0,241,2011-09-12,130,111,263
264,201158,Karen,Susman,R,USA,170,1642.0,1478.0,1582.0,1487.0,1511.0,41,1980-08-26,23,18,264
265,200840,Eva,Szabo,U,HUN,0,1642.0,1597.0,1500.0,1500.0,1488.0,102,1977-05-09,49,53,265
266,200314,Brigitte,Simon Glinel,U,FRA,0,1642.0,1623.0,1513.0,1464.0,1499.0,99,1983-05-23,56,43,266
267,200179,Barbara,Hawcroft,R,AUS,0,1641.0,1558.0,1513.0,1611.0,1500.0,118,1973-12-26,64,54,267
268,200040,Anna,Smashnova,R,ISR,157,1641.0,1697.0,1585.0,1391.0,1412.0,526,2007-06-25,280,246,268
269,200899,Marina,Chuvirina,U,URS,0,1641.0,1604.0,1500.0,1498.0,1561.0,66,1975-08-17,38,28,269
270,200387,Anne,White,R,USA,180,1641.0,1547.0,1575.0,1613.0,1501.0,234,1990-02-12,110,124,270
271,200741,Renee,Reid,U,AUS,0,1640.0,1625.0,1493.0,1471.0,1576.0,49,1998-04-13,33,16,271
272,200496,Terry,Phelps,U,USA,0,1639.0,1581.0,1635.0,1500.0,1525.0,362,1990-08-27,189,173,272
273,201348,Casey,Dellacqua,L,AUS,165,1638.0,1501.0,1586.0,1568.0,1500.0,208,2015-10-05,94,114,273
274,200214,Christina,Sandberg,R,SWE,0,1638.0,1650.0,1495.0,1563.0,1589.0,236,1976-06-21,140,96,274
275,201603,Shelby,Rogers,R,USA,175,1638.0,1552.0,1638.0,1473.0,1500.0,269,2024-08-26,126,143,275
276,200067,Patty,Schnyder,L,SUI,168,1638.0,1613.0,1679.0,1483.0,1551.0,896,2018-08-27,530,366,276
277,200371,Mima,Jausovec,R,SLO,160,1637.0,1696.0,1544.0,1588.0,1597.0,608,1988-08-01,352,256,277
278,200004,Kerry Anne,Guse,R,AUS,159,1635.0,1454.0,1487.0,1596.0,1502.0,87,2000-01-17,38,49,278
279,202753,Esme,De Villiers,U,RSA,178,1635.0,1543.0,1500.0,1542.0,1621.0,50,2000-05-17,35,15,279
280,201492,Andrea,Petkovic,R,GER,180,1635.0,1607.0,1583.0,1492.0,1535.0,531,2022-08-29,292,239,280
281,204427,Sara,Sorribes Tormo,R,ESP,176,1634.0,1634.0,1582.0,1471.0,1500.0,296,2024-11-13,148,148,281
282,200660,Kimberly,Po Messerli,R,USA,157,1634.0,1449.0,1651.0,1505.0,1547.0,252,2000-06-12,119,133,282
283,200146,Cynthia,Doerner,R,AUS,168,1634.0,1607.0,1467.0,1585.0,1451.0,328,1980-06-30,158,170,283
284,201363,Gisela,Dulko,R,ARG,170,1634.0,1682.0,1569.0,1538.0,1489.0,396,2012-03-19,208,188,284
285,200209,Wendy,Turnbull,R,AUS,164,1633.0,1752.0,1582.0,1695.0,1664.0,967,1989-06-26,617,350,285
286,200241,Duk Hee,Lee,U,KOR,157,1633.0,1555.0,1521.0,1476.0,1414.0,163,1983-08-30,69,94,286
287,211843,Anhelina,Kalinina,R,UKR,179,1633.0,1626.0,1573.0,1506.0,1500.0,167,2024-09-25,81,86,287
288,200612,Natalia,Medvedeva,R,UKR,176,1633.0,1495.0,1640.0,1491.0,1526.0,228,1999-04-22,113,115,288
289,200263,Janet,Newberry,R,USA,170,1633.0,1675.0,1557.0,1681.0,1479.0,438,1980-10-06,243,195,289
291,200360,Pam,Shriver,R,USA,183,1632.0,1641.0,1564.0,1721.0,1640.0,957,1997-02-17,665,292,291
292,211713,Jaqueline,Cristian,R,ROU,180,1632.0,1589.0,1552.0,1470.0,1500.0,107,2024-11-13,53,54,292
293,201620,Monica,Puig,R,PUR,170,1632.0,1629.0,1592.0,1492.0,1500.0,306,2022-04-28,161,145,293
294,220589,Elina,Avanesyan,R,ARM,0,1631.0,1602.0,1526.0,1498.0,1500.0,76,2024-10-21,38,38,294
295,200356,Betty,Stove,R,NED,185,1631.0,1679.0,1563.0,1711.0,1513.0,773,1983-06-13,451,322,295
296,200936,Iris,Riedel Kuhn,R,FRG,0,1631.0,1650.0,1462.0,1471.0,1457.0,234,1982-07-05,120,114,296
297,200715,Mariaan,De Swardt,R,RSA,177,1629.0,1559.0,1564.0,1577.0,1495.0,168,2001-03-21,79,89,297
298,220348,Diane,Parry,R,FRA,170,1629.0,1558.0,1560.0,1519.0,1500.0,98,2024-11-15,48,50,298
300,202981,Melissa,Beadman,U,AUS,0,1628.0,1632.0,1500.0,1488.0,1500.0,35,1998-04-13,23,12,300
301,200932,Jeanne,Evert,U,USA,155,1628.0,1638.0,1498.0,1648.0,1395.0,245,1978-11-20,140,105,301
302,201035,Kate,Gompert,U,USA,0,1628.0,1629.0,1551.0,1452.0,1558.0,166,1990-07-16,85,81,302
303,201441,Emma,Laine,L,FIN,164,1627.0,1561.0,1586.0,1478.0,1500.0,101,2014-04-19,55,46,303
304,201498,Karin,Knapp,R,ITA,180,1627.0,1645.0,1539.0,1451.0,1489.0,224,2017-01-16,105,119,304
305,200240,Eugenia,Birioukova,R,AZE,0,1627.0,1560.0,1500.0,1495.0,1605.0,76,1991-07-15,41,35,305
306,200006,Karina,Habsudova,R,SVK,170,1627.0,1588.0,1645.0,1462.0,1509.0,373,2001-08-27,190,183,306
307,201696,Laura,Siegemund,R,GER,168,1627.0,1568.0,1590.0,1474.0,1500.0,261,2024-11-13,127,134,307
308,220704,Clara,Tauson,R,DEN,182,1627.0,1568.0,1589.0,1444.0,1500.0,113,2024-11-15,60,53,308
309,200465,Lisa,Bonder Kreiss,R,USA,0,1627.0,1618.0,1575.0,1503.0,1517.0,287,1991-08-26,150,137,309
310,200330,Sue,Saliba,U,AUS,0,1626.0,1570.0,1475.0,1571.0,1477.0,143,1982-11-29,76,67,310
311,205925,Aliaksandra,Sasnovich,R,BLR,174,1626.0,1576.0,1575.0,1528.0,1500.0,331,2024-10-21,165,166,311
312,200094,Barbara,Rittner,R,GER,173,1626.0,1584.0,1522.0,1513.0,1575.0,446,2004-07-19,220,226,312
313,201490,Timea,Bacsinszky,R,SUI,170,1625.0,1694.0,1602.0,1526.0,1464.0,342,2019-09-16,183,159,313
314,201585,Sloane,Stephens,R,USA,170,1625.0,1682.0,1572.0,1540.0,1500.0,541,2024-09-16,304,237,314
315,200697,Janette,Husarova,R,SVK,169,1624.0,1561.0,1546.0,1450.0,1526.0,200,2005-01-03,85,115,315
316,214459,Lucia,Bronzetti,R,ITA,0,1624.0,1533.0,1577.0,1498.0,1500.0,129,2024-11-13,61,68,316
317,224462,Elena,Granaturovna,U,URS,0,1623.0,1574.0,1500.0,1493.0,1564.0,54,1979-04-05,28,26,317
318,200453,Catarina,Lindqvist Ryan,R,SWE,165,1623.0,1539.0,1571.0,1679.0,1663.0,474,1992-08-31,272,202,318
319,200933,Laurie,Fleming,R,USA,0,1623.0,1588.0,1493.0,1577.0,1426.0,101,1979-08-01,47,54,319
320,200554,Brenda,Schultz Mccarthy,R,NED,188,1623.0,1616.0,1573.0,1678.0,1675.0,542,2008-02-25,311,231,320
321,200220,Patti,Hogan,R,USA,0,1623.0,1575.0,1564.0,1680.0,1405.0,481,1979-06-18,288,193,321
322,201444,Su Wei,Hsieh,R,TPE,169,1622.0,1474.0,1650.0,1508.0,1500.0,352,2023-05-22,167,185,322
323,200969,Jeanne,Duvall,U,USA,0,1622.0,1563.0,1529.0,1495.0,1458.0,131,1981-09-21,55,76,323
324,201204,Iroda,Tulyaganova,R,UZB,170,1621.0,1636.0,1556.0,1556.0,1481.0,201,2008-04-26,109,92,324
325,200945,Marita,Redondo,R,USA,165,1621.0,1522.0,1581.0,1561.0,1519.0,275,1981-02-23,151,124,325
326,200939,Alison,Mcmillan,U,RSA,0,1620.0,1507.0,1519.0,1530.0,1500.0,65,1979-11-26,32,33,326
327,203530,Viktorija,Golubic,R,SUI,169,1620.0,1450.0,1589.0,1509.0,1500.0,231,2024-11-15,105,126,327
328,200213,Jan,Lehane,R,AUS,0,1619.0,1556.0,1500.0,1521.0,1500.0,37,1977-12-12,21,16,328
329,200605,Regina,Rajchrtova,U,TCH,0,1619.0,1566.0,1584.0,1471.0,1484.0,132,1992-06-22,65,67,329
330,201297,Maja,Matevzic,L,SLO,175,1619.0,1552.0,1543.0,1497.0,1525.0,108,2005-08-08,54,54,330
331,215219,Kaja,Juvan,R,SLO,170,1619.0,1577.0,1546.0,1506.0,1500.0,108,2024-01-15,53,55,331
332,201030,Mariana,Perez Roldan,U,ARG,0,1617.0,1576.0,1503.0,1500.0,1490.0,66,1991-09-16,35,31,332
333,200705,Linda,Ferrando,U,ITA,170,1616.0,1579.0,1562.0,1460.0,1472.0,191,1995-01-16,88,103,333
335,200974,Lena,Sandin,U,SWE,0,1616.0,1662.0,1490.0,1494.0,1444.0,120,1983-10-17,65,55,335
336,200717,Anne,Miller,R,USA,0,1615.0,1536.0,1507.0,1491.0,1507.0,82,2000-08-14,29,53,336
337,200433,Kim,Jones,R,USA,0,1615.0,1472.0,1445.0,1525.0,1531.0,165,1987-03-23,60,105,337
338,200349,Diane,Morrison,U,USA,0,1614.0,1542.0,1453.0,1550.0,1458.0,87,1981-09-01,42,45,338
339,201508,Petra,Cetkovska,R,CZE,172,1614.0,1591.0,1569.0,1504.0,1478.0,157,2016-03-21,73,84,339
340,201466,Kaia,Kanepi,R,EST,181,1614.0,1571.0,1649.0,1463.0,1528.0,537,2023-08-28,290,247,340
341,200143,Kathleen,Harter,R,USA,0,1614.0,1487.0,1507.0,1599.0,1489.0,242,1978-10-30,125,117,341
342,200879,Wendy,Overton,U,USA,0,1614.0,1584.0,1529.0,1572.0,1474.0,274,1978-09-18,123,151,342
343,200954,Claudia,Casabianca,U,ARG,0,1614.0,1543.0,1487.0,1491.0,1500.0,58,1981-06-22,30,28,343
344,201118,Tine,Zwaan,R,NED,0,1614.0,1602.0,1520.0,1509.0,1473.0,108,1979-06-05,52,56,344
345,201729,Larissa,Schaerer,R,PAR,170,1613.0,1593.0,1560.0,1502.0,1500.0,71,2004-04-24,45,26,345
346,201335,Myriam,Casanova,R,SUI,172,1613.0,1637.0,1487.0,1500.0,1512.0,73,2005-07-09,37,36,346
347,200917,Veronica,Burton,U,GBR,0,1612.0,1611.0,1523.0,1565.0,1423.0,296,1980-04-14,156,140,347
348,200650,Isabel,Cueto,R,GER,0,1612.0,1621.0,1485.0,1501.0,1450.0,231,1992-04-28,130,101,348
349,201083,Daja,Bedanova,R,CZE,171,1612.0,1508.0,1609.0,1520.0,1466.0,139,2005-04-04,65,74,349
350,200942,Kathy,Kuykendall,R,USA,0,1612.0,1630.0,1525.0,1476.0,1480.0,168,1978-08-28,71,97,350
351,201397,Shuai,Peng,R,CHN,173,1612.0,1561.0,1602.0,1543.0,1478.0,584,2020-02-10,315,269,351
353,200365,Tanya,Harford,R,RSA,162,1611.0,1520.0,1500.0,1522.0,1510.0,131,1982-08-31,53,78,353
354,200935,Florenta,Mihai,R,ROU,165,1611.0,1632.0,1449.0,1480.0,1477.0,223,1983-05-30,116,107,354
355,201400,Nicole,Vaidisova,R,CZE,181,1611.0,1624.0,1636.0,1583.0,1567.0,252,2015-10-12,166,86,355
356,200318,Michelle,Tyler,U,GBR,0,1611.0,1649.0,1497.0,1568.0,1523.0,208,1983-05-30,113,95,356
357,200681,Natalia,Baudone,U,ITA,0,1610.0,1496.0,1561.0,1488.0,1501.0,97,1996-08-26,39,58,357
358,201387,Sofia,Arvidsson,R,SWE,176,1610.0,1499.0,1653.0,1418.0,1527.0,328,2015-07-13,149,179,358
359,201313,Yoon Jeong,Cho,R,KOR,167,1610.0,1458.0,1579.0,1483.0,1486.0,118,2007-08-27,54,64,359
360,200824,Galina,Baksheeva,R,URS,0,1609.0,1522.0,1500.0,1532.0,1554.0,63,1975-08-17,35,28,360
361,202238,Rita,Agassi,U,USA,0,1609.0,1488.0,1529.0,1500.0,1500.0,54,1982-06-21,32,22,361
362,200967,Zenda,Liess,U,USA,0,1608.0,1588.0,1462.0,1489.0,1482.0,118,1980-11-10,52,66,362
363,200117,Kveta,Peschke,R,CZE,165,1608.0,1561.0,1560.0,1504.0,1500.0,222,2007-05-28,98,124,363
364,216262,Clara,Burel,R,FRA,176,1608.0,1571.0,1584.0,1458.0,1500.0,118,2024-11-15,55,63,364
365,202393,Andrea,Koch Benvenuto,R,CHI,174,1607.0,1518.0,1608.0,1500.0,1500.0,48,2016-02-06,30,18,365
366,214452,Caroline,Dolehide,R,USA,178,1606.0,1525.0,1550.0,1479.0,1500.0,92,2024-10-21,37,55,366
367,200109,Nathalie,Dechy,R,FRA,177,1606.0,1556.0,1580.0,1538.0,1559.0,585,2009-06-22,306,279,367
368,200665,Yone,Kamio,R,JPN,164,1606.0,1495.0,1561.0,1520.0,1538.0,94,1996-09-16,43,51,368
369,200669,Debbie,Graham,R,USA,183,1605.0,1540.0,1574.0,1435.0,1524.0,175,1996-10-21,84,91,369
370,211095,Bernarda,Pera,L,USA,175,1605.0,1619.0,1527.0,1450.0,1500.0,202,2024-10-28,90,112,370
371,210886,Mayar,Sherif,R,EGY,180,1605.0,1648.0,1380.0,1477.0,1500.0,118,2024-11-25,49,69,371
373,215983,Ann,Li,R,USA,170,1605.0,1514.0,1580.0,1493.0,1500.0,80,2024-10-28,41,39,373
374,200118,Virginia,Ruano Pascual,R,ESP,169,1604.0,1506.0,1566.0,1508.0,1441.0,440,2010-05-10,200,240,374
375,200624,Tami,Whitlinger Jones,U,USA,0,1604.0,1511.0,1579.0,1484.0,1525.0,239,1997-08-25,105,134,375
376,200684,Shi Ting,Wang,R,TPE,171,1604.0,1522.0,1609.0,1477.0,1470.0,280,1999-08-30,162,118,376
377,200363,Hana,Strachonova,R,SUI,165,1604.0,1603.0,1474.0,1517.0,1492.0,139,1983-11-14,66,73,377
378,200503,Gretchen,Magers,R,USA,170,1603.0,1602.0,1565.0,1622.0,1535.0,280,1992-08-24,152,128,378
379,201517,Magdalena,Rybarikova,R,SVK,180,1603.0,1435.0,1590.0,1577.0,1487.0,412,2019-07-01,196,216,379
380,200058,Anna,Foldenyi Dicker,R,HUN,165,1603.0,1601.0,1460.0,1496.0,1500.0,46,2000-05-29,25,21,380
381,201153,Anthea,Stewart,U,GBR,0,1603.0,1482.0,1494.0,1488.0,1463.0,126,1982-06-14,61,65,381
384,200952,Mary,Hamm,U,USA,0,1602.0,1537.0,1541.0,1466.0,1498.0,110,1981-07-20,51,59,384
385,201416,Alona,Bondarenko,R,UKR,168,1602.0,1626.0,1596.0,1522.0,1477.0,322,2011-10-17,169,153,385
386,200265,Lindsey,Beaven,R,GBR,0,1602.0,1572.0,1434.0,1518.0,1503.0,304,1978-07-03,150,154,386
387,202446,Eugenie,Bouchard,R,CAN,178,1601.0,1650.0,1555.0,1498.0,1500.0,316,2023-09-18,166,150,387
388,202490,Rebecca,Peterson,R,SWE,173,1601.0,1493.0,1639.0,1447.0,1500.0,191,2023-08-28,88,103,388
389,201611,Daria,Saville,R,AUS,166,1601.0,1557.0,1605.0,1453.0,1500.0,319,2024-08-26,161,158,389
390,200595,Ann,Grossman,U,USA,0,1601.0,1587.0,1573.0,1487.0,1548.0,375,1998-05-25,189,186,390
391,200009,Tamarine,Tanasugarn,R,THA,165,1600.0,1364.0,1586.0,1620.0,1538.0,615,2015-02-09,322,293,391
392,202536,Ana,Bogdan,R,ROU,171,1600.0,1564.0,1539.0,1470.0,1500.0,204,2024-11-13,90,114,392
393,216016,Xiyu,Wang,L,CHN,0,1600.0,1547.0,1562.0,1459.0,1500.0,145,2024-11-15,65,80,393
394,200953,Viviana,Gonzalez,R,ARG,0,1600.0,1619.0,1485.0,1434.0,1485.0,74,1980-07-22,34,40,394
396,200127,Sarah,Pitkowski Malcor,R,FRA,0,1599.0,1568.0,1541.0,1470.0,1577.0,234,2001-06-25,110,124,396
397,200561,Cathy,Caverzasio,U,SUI,0,1599.0,1578.0,1516.0,1488.0,1490.0,90,1991-09-16,46,44,397
398,201503,Ayumi,Morita,R,JPN,163,1599.0,1507.0,1593.0,1440.0,1500.0,236,2015-04-18,100,136,398
399,200522,Nicole,Jagerman,R,NED,179,1599.0,1560.0,1540.0,1451.0,1492.0,187,1995-03-17,83,104,399
400,200559,Kristine,Kunce,R,AUS,177,1599.0,1460.0,1383.0,1696.0,1477.0,128,1998-06-08,61,67,400
401,201329,Vera,Zvonareva,R,RUS,172,1599.0,1623.0,1583.0,1614.0,1532.0,742,2023-10-16,472,270,401
402,201352,Akiko,Morigami,R,JPN,165,1599.0,1514.0,1573.0,1552.0,1508.0,234,2009-10-12,115,119,402
403,202684,Lin,Zhu,R,CHN,173,1599.0,1409.0,1609.0,1491.0,1500.0,197,2024-07-01,87,110,403
404,201446,Sybille,Bammer,L,AUT,174,1598.0,1546.0,1624.0,1473.0,1500.0,288,2011-07-11,142,146,404
405,200383,Anne,Hobbs,R,GBR,167,1598.0,1530.0,1441.0,1662.0,1448.0,367,1989-07-24,186,181,405
406,202492,Qiang,Wang,R,CHN,172,1598.0,1529.0,1603.0,1462.0,1500.0,284,2024-09-25,150,134,406
407,201584,Ksenia,Pervak,L,KAZ,170,1598.0,1496.0,1579.0,1506.0,1500.0,120,2014-09-08,56,64,407
409,200286,Peggy,Michel,R,USA,0,1598.0,1504.0,1504.0,1604.0,1455.0,152,1977-08-31,70,82,409
410,200940,Ilana,Kloss,L,RSA,164,1598.0,1544.0,1492.0,1584.0,1462.0,304,1983-06-27,146,158,410
411,201113,Shirley,Bloomer,R,GBR,0,1598.0,1637.0,1500.0,1506.0,1498.0,141,1979-10-01,85,56,411
412,200673,Susan,Sloane Lundy,R,USA,0,1598.0,1560.0,1559.0,1495.0,1536.0,191,1992-09-22,96,95,412
413,200743,Nirupama,Vaidyanathan,R,IND,170,1598.0,1532.0,1575.0,1500.0,1500.0,33,2001-04-13,21,12,413
414,200929,Elly,Appel,R,NED,0,1598.0,1575.0,1495.0,1452.0,1502.0,178,1982-05-24,83,95,414
415,211279,Harriet,Dart,R,GBR,175,1597.0,1434.0,1516.0,1547.0,1500.0,119,2024-10-14,46,73,415
416,200602,Shaun,Stafford,R,USA,180,1597.0,1567.0,1573.0,1467.0,1431.0,222,1996-05-27,90,132,416
417,201423,Yvonne,Meusburger,R,AUT,175,1597.0,1591.0,1507.0,1483.0,1484.0,162,2015-01-19,69,93,417
418,200982,Liliana,Giussani,U,ARG,0,1596.0,1572.0,1485.0,1500.0,1500.0,55,1983-05-23,31,24,418
419,200733,Trudi,Musgrave,L,AUS,170,1596.0,1531.0,1438.0,1637.0,1488.0,49,2006-09-11,29,20,419
420,220332,Eva,Lys,R,GER,165,1596.0,1529.0,1554.0,1486.0,1500.0,38,2024-10-14,20,18,420
421,200233,Chris,Matison,R,AUS,0,1595.0,1481.0,1444.0,1556.0,1500.0,130,1981-11-16,56,74,421
422,200139,Lita,Liem,L,INA,0,1595.0,1552.0,1479.0,1527.0,1464.0,170,1980-05-19,71,99,422
423,200015,Petra,Mandula,R,HUN,178,1595.0,1650.0,1471.0,1473.0,1486.0,166,2005-05-23,80,86,423
424,200720,Dally,Randriantefy,R,MAD,165,1595.0,1592.0,1514.0,1423.0,1489.0,118,2006-01-16,49,69,424
425,201548,Ajla,Tomljanovic,R,AUS,180,1595.0,1533.0,1531.0,1589.0,1500.0,375,2024-11-13,172,203,425
426,201102,Alice,Tym,R,USA,0,1595.0,1537.0,1512.0,1565.0,1488.0,106,1971-03-25,64,42,426
427,200818,Faye,Urban,R,CAN,0,1595.0,1545.0,1503.0,1509.0,1500.0,71,1970-05-20,39,32,427
428,201018,Rene,Uys,R,RSA,0,1594.0,1492.0,1495.0,1544.0,1412.0,104,1985-09-09,49,55,428
429,200034,Amanda,Grahame,L,AUS,0,1594.0,1537.0,1531.0,1592.0,1491.0,62,2003-01-06,38,24,429
431,200219,Patricia,Coleman,U,AUS,0,1594.0,1581.0,1535.0,1556.0,1500.0,128,1978-12-18,71,57,431
432,200882,Alena,Palmeova West,U,TCH,0,1594.0,1600.0,1490.0,1493.0,1493.0,174,1981-08-24,96,78,432
433,200131,Judith,Dibar,U,ROU,0,1593.0,1574.0,1500.0,1466.0,1479.0,75,1974-06-24,36,39,433
434,220714,Elisabetta,Cocciaretto,R,ITA,0,1593.0,1589.0,1481.0,1531.0,1500.0,119,2024-11-13,55,64,434
435,200357,Rosalyn,Fairbank,R,USA,173,1593.0,1496.0,1589.0,1680.0,1523.0,659,1995-10-30,345,314,435
436,200649,Ginger,Helgeson,R,USA,0,1593.0,1610.0,1564.0,1497.0,1457.0,189,1998-06-22,94,95,436
437,200450,Larisa,Savchenko,U,URS,169,1593.0,1489.0,1533.0,1623.0,1542.0,525,1999-06-21,269,256,437
438,201590,Alison,Riske Amritraj,R,USA,173,1593.0,1452.0,1601.0,1587.0,1500.0,395,2023-07-03,191,204,438
439,200702,Naoko,Kijimuta,R,JPN,164,1593.0,1538.0,1515.0,1513.0,1459.0,94,1998-09-21,37,57,439
440,200452,Tine,Scheuer Larsen,U,DEN,170,1592.0,1567.0,1497.0,1478.0,1514.0,198,1995-05-13,91,107,440
441,200908,Miroslava,Kozeluhova,U,CZE,0,1592.0,1627.0,1500.0,1500.0,1433.0,73,1978-10-09,34,39,441
442,200563,Jane,Taylor,U,AUS,0,1592.0,1500.0,1446.0,1623.0,1500.0,40,1997-04-22,23,17,442
443,200781,Edda,Buding,R,FRG,0,1592.0,1574.0,1486.0,1493.0,1554.0,64,1974-02-25,36,28,443
444,206374,Yafan,Wang,R,CHN,170,1591.0,1440.0,1597.0,1454.0,1500.0,155,2024-09-25,71,84,444
446,201518,Yanina,Wickmayer,R,BEL,182,1591.0,1530.0,1575.0,1530.0,1521.0,472,2024-02-26,247,225,446
447,202173,Joana,Cortez,L,BRA,170,1591.0,1492.0,1602.0,1500.0,1500.0,38,2003-07-19,22,16,447
448,200264,Helena,Anliot,R,SWE,168,1590.0,1597.0,1484.0,1512.0,1463.0,148,1980-08-27,72,76,448
449,201403,Anna,Chakvetadze,R,RUS,172,1589.0,1534.0,1616.0,1577.0,1613.0,327,2012-09-10,190,137,449
450,201541,Chanelle,Scheepers,R,RSA,176,1589.0,1602.0,1500.0,1466.0,1505.0,210,2015-04-06,96,114,450
451,211796,Francoise,Abanda,R,CAN,178,1589.0,1524.0,1543.0,1501.0,1500.0,40,2021-11-01,17,23,451
452,200020,Lisa,Raymond,R,USA,165,1589.0,1489.0,1590.0,1605.0,1636.0,609,2007-02-19,330,279,452
453,201796,Jane,Plackett,U,GBR,0,1589.0,1528.0,1525.0,1530.0,1488.0,79,1982-07-26,44,35,453
454,200355,Diane,Desfor,R,USA,165,1589.0,1461.0,1478.0,1548.0,1469.0,185,1982-08-31,83,102,454
455,201328,Milagros,Sequera,R,VEN,165,1588.0,1578.0,1466.0,1494.0,1542.0,112,2008-08-11,55,57,455
457,200298,Laura,Dupont,R,USA,0,1588.0,1532.0,1590.0,1535.0,1453.0,498,1983-08-30,240,258,457
458,221909,Ashlyn,Krueger,R,USA,185,1588.0,1492.0,1532.0,1503.0,1500.0,60,2024-10-14,23,37,458
459,202170,Paula,Cabezas,U,ESP,0,1588.0,1573.0,1532.0,1500.0,1500.0,41,1998-04-18,26,15,459
460,201311,Roberta,Vinci,R,ITA,163,1587.0,1571.0,1583.0,1551.0,1501.0,621,2018-05-14,324,297,460
461,200078,Barbara,Schwartz,L,AUT,181,1587.0,1547.0,1520.0,1468.0,1490.0,102,2006-07-15,43,59,461
463,200338,Elizabeth,Little,U,AUS,0,1587.0,1482.0,1494.0,1567.0,1500.0,41,1981-09-01,20,21,463
464,203533,Anna Karolina,Schmiedlova,R,SVK,176,1587.0,1566.0,1490.0,1404.0,1500.0,304,2024-09-09,130,174,464
465,211817,Elena Gabriela,Ruse,R,ROU,0,1586.0,1518.0,1549.0,1469.0,1500.0,90,2024-09-25,38,52,465
468,200283,Pam,Teeguarden,R,USA,178,1585.0,1585.0,1503.0,1647.0,1435.0,557,1985-05-27,255,302,468
469,201394,Anna Lena,Groenefeld,R,GER,180,1585.0,1594.0,1542.0,1429.0,1483.0,257,2011-05-16,120,137,469
470,200008,Alicia,Molik,R,AUS,182,1584.0,1493.0,1576.0,1501.0,1475.0,381,2011-01-17,196,185,470
471,201615,Lesia,Tsurenko,R,UKR,174,1584.0,1567.0,1559.0,1530.0,1500.0,408,2024-11-15,192,216,471
472,200832,Daniele,Bouteleux,U,FRA,0,1584.0,1550.0,1500.0,1511.0,1508.0,69,1980-07-05,36,33,472
474,201239,Emilie,Burrer,U,USA,0,1584.0,1522.0,1501.0,1556.0,1477.0,49,1969-08-28,25,24,474
475,202506,Margarita,Gasparyan,R,RUS,183,1584.0,1439.0,1593.0,1483.0,1500.0,109,2024-10-28,50,59,475
476,200089,Miriam,Oremans,R,NED,169,1584.0,1472.0,1535.0,1631.0,1553.0,387,2003-04-26,182,205,476
477,203089,Kristen,Van Elden,U,AUS,0,1583.0,1500.0,1500.0,1578.0,1500.0,51,2003-03-03,32,19,477
478,201556,Lucie,Hradecka,R,CZE,177,1583.0,1583.0,1525.0,1437.0,1500.0,217,2021-01-06,93,124,478
479,200044,Denisa,Chladkova,R,CZE,174,1583.0,1556.0,1551.0,1486.0,1448.0,302,2005-08-29,133,169,479
481,201306,Marie Gaiane,Mikaelian,R,SUI,172,1583.0,1532.0,1533.0,1502.0,1516.0,113,2010-04-30,53,60,481
482,201094,Lucia,Bassi,U,ITA,0,1582.0,1526.0,1500.0,1473.0,1500.0,49,1975-05-26,22,27,482
485,201301,Camille,Pin,R,FRA,162,1582.0,1412.0,1583.0,1472.0,1492.0,142,2009-08-31,54,88,485
486,200431,Lilian,Drescher,U,SUI,163,1582.0,1556.0,1562.0,1488.0,1458.0,141,1987-09-28,68,73,486
487,200676,Mana,Endo,R,JPN,160,1582.0,1489.0,1544.0,1554.0,1535.0,164,1998-04-13,81,83,487
488,201156,Stephanie,Tolleson,U,USA,0,1582.0,1521.0,1543.0,1481.0,1433.0,60,1979-02-12,25,35,488
490,200060,Tathiana,Garbin,R,ITA,172,1581.0,1549.0,1538.0,1416.0,1474.0,384,2011-01-17,172,212,490
491,215480,Suzan,Lamens,R,NED,0,1581.0,1514.0,1532.0,1485.0,1500.0,31,2024-11-25,17,14,491
493,203084,Daniela,Olivera,U,URU,0,1581.0,1475.0,1590.0,1500.0,1500.0,46,2002-04-27,29,17,493
494,200755,Daniela,Marzano,U,ITA,0,1581.0,1493.0,1479.0,1521.0,1489.0,122,1980-07-07,47,75,494
495,200340,Marcella,Mesker,U,NED,0,1580.0,1484.0,1500.0,1556.0,1561.0,259,1988-07-25,113,146,495
496,201418,Ting,Li,R,CHN,0,1580.0,1506.0,1553.0,1500.0,1500.0,34,2006-09-25,21,13,496
497,200671,Meike,Babel,R,GER,173,1580.0,1560.0,1520.0,1488.0,1517.0,160,2000-10-23,72,88,497
498,200394,Marjorie,Blackwood,R,CAN,0,1580.0,1541.0,1421.0,1549.0,1472.0,106,1985-08-05,40,66,498
499,200395,Catherine,Tanvier,R,FRA,174,1580.0,1512.0,1567.0,1560.0,1524.0,361,1993-10-18,175,186,499
500,201304,Elena,Baltacha,R,GBR,175,1580.0,1446.0,1577.0,1461.0,1500.0,150,2013-06-24,67,83,500
501,201420,Sania,Mirza,R,IND,153,1579.0,1470.0,1564.0,1480.0,1503.0,257,2012-05-21,134,123,501
502,200095,Linda,Wild,R,USA,0,1579.0,1466.0,1582.0,1535.0,1631.0,281,2000-04-10,135,146,502
504,200926,Donna,Ganz,U,USA,157,1578.0,1581.0,1458.0,1494.0,1463.0,97,1980-11-10,42,55,504
505,214149,Viktoria,Hruncakova,R,SVK,0,1578.0,1511.0,1536.0,1487.0,1500.0,147,2024-11-13,68,79,505
506,201093,Alex,Cowie,U,GBR,0,1578.0,1499.0,1492.0,1511.0,1469.0,103,1972-07-17,39,64,506
508,201465,Kirsten,Flipkens,R,BEL,165,1578.0,1445.0,1528.0,1587.0,1497.0,453,2022-06-27,213,240,508
509,201447,Vania,King,R,USA,165,1577.0,1535.0,1557.0,1418.0,1500.0,293,2018-09-17,129,164,509
510,201116,Maria Teresa,Riedl,R,ITA,0,1577.0,1578.0,1500.0,1484.0,1500.0,33,1970-05-20,19,14,510
511,200402,Wendy,White,R,USA,0,1577.0,1497.0,1484.0,1636.0,1562.0,358,1992-02-17,167,191,511
512,201150,Elizabeth,Vlotman,U,GBR,0,1577.0,1499.0,1508.0,1499.0,1509.0,91,1979-11-26,43,48,512
513,201008,Jill,Davis,U,USA,0,1577.0,1469.0,1490.0,1523.0,1500.0,44,1983-08-30,20,24,513
514,200530,Radomira,Zrubakova,R,SVK,169,1577.0,1589.0,1512.0,1517.0,1499.0,347,1997-08-25,187,160,514
515,200511,Amy,Jonsson,U,NOR,0,1576.0,1549.0,1467.0,1488.0,1489.0,44,1995-05-13,24,20,515
516,214906,Claire,Liu,R,USA,170,1576.0,1548.0,1534.0,1474.0,1500.0,93,2024-04-01,38,55,516
519,201535,Coco,Vandeweghe,R,USA,185,1576.0,1579.0,1510.0,1587.0,1500.0,302,2023-02-27,146,156,519
520,201390,Mervana,Jugic Salkic,R,BIH,179,1575.0,1565.0,1519.0,1489.0,1500.0,48,2013-02-11,27,21,520
522,202600,Viktoriya,Tomova,R,BUL,170,1575.0,1480.0,1498.0,1489.0,1500.0,142,2024-10-21,51,91,522
523,201360,Julia,Vakulenko,R,UKR,183,1575.0,1536.0,1547.0,1462.0,1488.0,127,2009-07-06,51,76,523
525,201019,Melissa,Gurney,R,USA,0,1575.0,1489.0,1562.0,1518.0,1498.0,128,1989-04-24,66,62,525
526,200100,Amanda,Hopmans,R,NED,167,1575.0,1552.0,1457.0,1484.0,1525.0,73,2003-04-25,31,42,526
528,200506,Wiltrud,Probst,R,GER,170,1575.0,1535.0,1566.0,1473.0,1422.0,280,1998-05-25,119,161,528
529,215872,Kamilla,Rakhimova,R,RUS,0,1575.0,1530.0,1508.0,1493.0,1500.0,91,2024-10-28,38,53,529
532,200791,Rosie,Reyes,R,FRA,0,1575.0,1520.0,1500.0,1496.0,1537.0,82,1976-08-09,42,40,532
533,201847,Mareze,Joubert,U,RSA,0,1574.0,1500.0,1488.0,1582.0,1500.0,45,2000-03-04,26,19,533
534,213525,Jil,Teichmann,L,SUI,170,1574.0,1569.0,1599.0,1433.0,1500.0,184,2024-10-28,88,96,534
536,201265,Phyllis,Blackwell,U,USA,0,1574.0,1505.0,1545.0,1500.0,1466.0,54,1983-10-10,28,26,536
537,200850,Monique,Salfati,R,ITA,0,1574.0,1549.0,1500.0,1478.0,1540.0,84,1976-05-24,45,39,537
539,201315,Ashley,Harkleroad,R,USA,165,1574.0,1500.0,1549.0,1456.0,1500.0,132,2010-07-26,53,79,539
541,200437,Annabel,Croft,R,GBR,0,1574.0,1542.0,1523.0,1444.0,1526.0,192,1988-02-01,93,99,541
542,200359,Christiane,Jolissaint,R,SUI,173,1573.0,1558.0,1497.0,1552.0,1444.0,255,1988-06-20,111,144,542
545,200070,Anne Gaelle,Sidot,L,FRA,172,1573.0,1493.0,1543.0,1500.0,1557.0,215,2002-05-27,90,125,545
546,202653,Denisa,Allertova,R,CZE,180,1573.0,1483.0,1568.0,1477.0,1500.0,89,2019-10-14,42,47,546
548,213889,Greet,Minnen,R,BEL,0,1572.0,1432.0,1536.0,1501.0,1500.0,113,2024-10-21,46,67,548
549,201347,Jelena,Jankovic,R,SRB,177,1572.0,1623.0,1612.0,1582.0,1516.0,927,2017-08-28,579,348,549
550,216083,Caty,Mcnally,R,USA,0,1572.0,1497.0,1536.0,1496.0,1500.0,70,2024-02-05,30,40,550
551,200723,Iva,Majoli,R,CRO,175,1572.0,1604.0,1520.0,1536.0,1567.0,483,2004-04-12,277,206,551
552,202348,Lina,Stanciute,R,LTU,0,1571.0,1528.0,1545.0,1500.0,1500.0,45,2015-04-18,25,20,552
553,200925,Beatriz,Araujo,U,ARG,0,1571.0,1557.0,1488.0,1512.0,1500.0,52,1976-11-19,25,27,553
555,223859,Linda,Lewis,U,USA,0,1571.0,1504.0,1565.0,1509.0,1500.0,43,1985-08-12,25,18,555
556,201587,Bojana,Jovanovski,R,SRB,175,1571.0,1474.0,1544.0,1464.0,1489.0,235,2018-09-24,101,134,556
557,201366,Barbora,Strycova,R,CZE,164,1570.0,1573.0,1536.0,1619.0,1477.0,606,2023-08-28,300,306,557
558,200266,Sue,Barker,R,GBR,165,1570.0,1611.0,1553.0,1661.0,1626.0,662,1984-11-19,413,249,558
559,200497,Patricia,Hy Boulais,R,CAN,163,1570.0,1525.0,1491.0,1618.0,1509.0,347,1998-06-22,161,186,559
561,200491,Christina,Singer,U,GER,176,1570.0,1396.0,1504.0,1579.0,1496.0,142,1997-02-17,56,86,561
562,200986,Barbara,Rossi,U,ITA,0,1570.0,1474.0,1522.0,1502.0,1476.0,55,1983-05-23,24,31,562
563,201291,Nuria,Llagostera Vives,R,ESP,156,1570.0,1546.0,1526.0,1445.0,1500.0,200,2011-09-19,83,117,563
564,201610,Zarina,Diyas,R,KAZ,172,1570.0,1498.0,1552.0,1498.0,1500.0,246,2024-11-15,113,133,564
565,215898,Jule,Niemeier,R,GER,178,1570.0,1510.0,1479.0,1512.0,1500.0,89,2024-11-13,37,52,565
566,200125,Corina,Morariu,R,USA,174,1570.0,1615.0,1523.0,1471.0,1487.0,196,2003-09-08,92,104,566
570,200758,Rayni,Fox,R,USA,163,1569.0,1474.0,1477.0,1541.0,1455.0,91,1981-07-27,33,58,570
571,201407,Evgenia,Linetskaya,R,ISR,0,1569.0,1515.0,1547.0,1491.0,1489.0,44,2008-01-14,21,23,571
573,200364,Barbara,Hallquist,R,USA,173,1568.0,1432.0,1520.0,1520.0,1455.0,171,1983-09-26,75,96,573
574,201302,Clarisa,Fernandez,L,ARG,179,1568.0,1626.0,1453.0,1493.0,1489.0,96,2008-01-14,47,49,574
575,200576,Nathalie,Herreman,L,FRA,0,1568.0,1467.0,1519.0,1474.0,1516.0,257,1995-05-29,103,154,575
577,201996,Clare,Harrison,U,GBR,0,1568.0,1450.0,1500.0,1541.0,1443.0,73,1981-05-11,35,38,577
578,201547,Michelle,Larcher De Brito,R,POR,165,1568.0,1524.0,1482.0,1557.0,1500.0,101,2017-02-11,46,55,578
579,200617,Kimiko,Date Krumm,R,JPN,163,1567.0,1555.0,1531.0,1591.0,1656.0,459,2017-09-11,261,198,579
581,201044,Catherine,Mothes Jobkel,U,FRA,0,1567.0,1533.0,1492.0,1500.0,1461.0,54,1996-05-27,22,32,581
583,200806,Birgitta,Lindstrom,L,FIN,0,1567.0,1583.0,1488.0,1477.0,1476.0,54,1985-09-09,27,27,583
584,212165,Anneliese,Rose,U,TTO,0,1567.0,1542.0,1549.0,1500.0,1500.0,40,2019-04-20,25,15,584
585,200589,Halle,Cioffi,U,USA,0,1567.0,1584.0,1498.0,1461.0,1486.0,186,1993-10-05,88,98,585
586,200462,Belinda,Cordwell,L,NZL,175,1566.0,1483.0,1518.0,1577.0,1439.0,182,1991-09-23,86,96,586
588,200467,Janine,Tremelling,U,AUS,0,1566.0,1534.0,1507.0,1524.0,1451.0,101,1990-06-11,40,61,588
590,201379,Mara,Santangelo,R,ITA,181,1566.0,1531.0,1525.0,1530.0,1478.0,173,2009-06-15,76,97,590
591,201513,Sabine,Lisicki,R,GER,178,1566.0,1498.0,1609.0,1645.0,1500.0,398,2023-06-26,216,182,591
592,201368,Karolina,Sprem,R,CRO,174,1566.0,1535.0,1507.0,1528.0,1521.0,208,2011-01-17,99,109,592
593,200614,Elena,Pampoulova,U,BUL,0,1566.0,1500.0,1548.0,1495.0,1406.0,166,2001-02-19,63,103,593
594,203143,Nicole,Sewell,R,AUS,0,1565.0,1491.0,1500.0,1567.0,1500.0,49,2003-03-03,26,23,594
595,202503,Luksika,Kumkhum,R,THA,167,1565.0,1450.0,1566.0,1487.0,1500.0,76,2023-04-15,33,43,595
596,202705,Veronica,Cepede Royg,R,PAR,163,1565.0,1605.0,1489.0,1462.0,1500.0,118,2021-07-24,61,57,596
598,200374,Helga,Lutten,R,GER,0,1564.0,1508.0,1500.0,1504.0,1493.0,58,1983-07-18,31,27,598
599,200358,Marcie,Louie,R,USA,0,1564.0,1582.0,1463.0,1485.0,1489.0,256,1982-10-11,106,150,599
600,201549,Petra,Martic,R,CRO,181,1564.0,1614.0,1531.0,1560.0,1501.0,439,2024-10-28,219,220,600
604,200418,Amanda,Brown,U,GBR,0,1564.0,1516.0,1490.0,1502.0,1474.0,117,1986-06-30,58,59,604
607,201292,Martina,Sucha,R,SVK,170,1563.0,1472.0,1553.0,1446.0,1531.0,227,2007-06-25,99,128,607
608,200031,Meilen,Tu,R,USA,163,1563.0,1500.0,1475.0,1530.0,1480.0,267,2008-03-10,103,164,608
609,206904,Yoannis,Montesino,U,CUB,0,1563.0,1538.0,1542.0,1500.0,1500.0,33,2000-04-29,21,12,609
610,200672,Barbara,Mulej,R,SLO,0,1563.0,1544.0,1486.0,1500.0,1492.0,42,1998-04-16,21,21,610
611,201371,Vera,Dushevina,R,RUS,180,1563.0,1505.0,1553.0,1477.0,1491.0,316,2014-04-07,143,173,611
612,201281,Laura,Granville,R,USA,175,1563.0,1425.0,1525.0,1557.0,1532.0,194,2010-03-01,86,108,612
613,200238,Nathalie,Fuchs,R,FRA,0,1563.0,1579.0,1527.0,1452.0,1506.0,224,1980-08-27,111,113,613
614,226592,Anna,Yeremeyeva,U,URS,0,1563.0,1557.0,1500.0,1500.0,1471.0,32,1973-02-26,16,16,614
615,201129,Marilyn,Pryde,R,NZL,0,1562.0,1436.0,1482.0,1556.0,1500.0,122,1974-01-01,58,64,615
616,200682,Joannette,Kruger,R,RSA,179,1562.0,1522.0,1586.0,1459.0,1459.0,325,2003-05-26,153,172,616
617,204590,Gina,Niland,U,IRL,0,1562.0,1546.0,1504.0,1500.0,1500.0,36,1999-04-30,22,14,617
619,201263,Jodi,Appelbaum,U,USA,165,1562.0,1530.0,1515.0,1494.0,1500.0,38,1981-09-01,21,17,619
620,200718,Ludmila,Richterova,U,CZE,180,1562.0,1615.0,1453.0,1470.0,1461.0,95,1998-08-31,40,55,620
621,200801,Kora,Schediwy,U,FRG,0,1562.0,1541.0,1514.0,1473.0,1492.0,152,1980-08-20,71,81,621
625,201114,Robin,Lloyd,U,GBR,0,1561.0,1589.0,1500.0,1471.0,1478.0,130,1973-02-19,69,61,625
626,206329,Montserrat,Gonzalez,R,PAR,170,1561.0,1549.0,1509.0,1500.0,1500.0,39,2019-02-09,21,18,626
628,201331,Iveta,Benesova,L,CZE,170,1561.0,1494.0,1610.0,1410.0,1456.0,414,2014-05-26,182,232,628
629,200884,Marijke,Jansen,U,NED,0,1561.0,1574.0,1490.0,1506.0,1446.0,193,1980-05-22,106,87,629
630,202292,Ayami,Takase,U,JPN,0,1561.0,1500.0,1560.0,1500.0,1500.0,39,2002-09-09,22,17,630
631,200346,Anne,Minter,R,AUS,165,1561.0,1567.0,1512.0,1630.0,1457.0,466,1993-03-29,236,230,631
632,200679,Caroline,Kuhlman,U,USA,0,1561.0,1461.0,1540.0,1471.0,1481.0,115,1995-02-06,49,66,632
633,201017,Angelika,Kanellopoulou,R,GRE,0,1560.0,1510.0,1440.0,1491.0,1500.0,188,1991-07-26,83,105,633
634,200725,Sandra,Cecchini,R,ITA,170,1560.0,1526.0,1500.0,1479.0,1553.0,541,1998-07-27,313,228,634
635,200975,Julie,Harrington,U,USA,0,1560.0,1493.0,1515.0,1456.0,1462.0,139,1984-08-28,57,82,635
636,200405,Susan,Mascarin,R,USA,173,1560.0,1550.0,1491.0,1508.0,1522.0,260,1988-09-19,115,145,636
637,200023,Bryanne,Stewart,R,AUS,174,1560.0,1532.0,1519.0,1456.0,1505.0,57,2003-01-06,28,29,637
638,200046,Meghann,Shaughnessy,R,USA,180,1560.0,1616.0,1505.0,1518.0,1502.0,473,2009-10-19,236,237,638
639,201408,Jamea,Jackson,R,USA,163,1560.0,1509.0,1485.0,1559.0,1500.0,86,2008-08-25,35,51,639
640,200021,Alexia,Dechaume Balleret,R,FRA,0,1560.0,1536.0,1499.0,1488.0,1468.0,313,2000-01-17,131,182,640
642,201551,Arantxa,Rus,L,NED,180,1560.0,1528.0,1514.0,1424.0,1510.0,278,2024-11-15,106,172,642
644,200943,Jane,Stratton,U,USA,0,1559.0,1451.0,1416.0,1544.0,1575.0,136,1981-06-01,65,71,644
645,201963,Sofia,Prazeres,U,POR,0,1559.0,1560.0,1514.0,1500.0,1488.0,33,1998-04-17,17,16,645
646,202303,Carla,Tiene,L,BRA,0,1559.0,1554.0,1512.0,1500.0,1500.0,31,2006-02-27,18,13,646
647,203463,Nuria,Parrizas Diaz,R,ESP,167,1559.0,1493.0,1554.0,1444.0,1500.0,97,2024-10-28,42,55,647
648,200460,Regina,Marsikova,U,CZE,0,1559.0,1577.0,1574.0,1552.0,1516.0,484,1989-07-17,282,202,648
649,200429,Elizabeth,Minter,L,AUS,0,1559.0,1446.0,1492.0,1497.0,1504.0,135,1989-06-12,57,78,649
650,201318,Bethanie,Mattek Sands,R,USA,168,1559.0,1574.0,1513.0,1513.0,1513.0,312,2023-01-30,134,178,650
652,200628,Sabrina,Goles,U,YUG,0,1558.0,1551.0,1575.0,1466.0,1472.0,261,1990-09-10,133,128,652
653,200480,Claudia,Porwik,U,GER,0,1558.0,1487.0,1528.0,1480.0,1504.0,262,1996-06-24,116,146,653
655,202774,Ka Po,Tong,U,HKG,0,1558.0,1500.0,1566.0,1487.0,1500.0,32,2006-04-21,18,14,655
657,201972,Helen,Park,U,KOR,0,1558.0,1552.0,1518.0,1500.0,1487.0,40,1984-10-08,23,17,657
658,200560,Rene,Simpson,L,CAN,165,1557.0,1534.0,1483.0,1462.0,1469.0,145,1998-01-19,54,91,658
659,200634,Elena,Brioukhovets,U,UKR,0,1557.0,1519.0,1494.0,1514.0,1492.0,114,1997-02-17,48,66,659
662,202509,Joelle,Schad,U,DOM,0,1557.0,1540.0,1532.0,1500.0,1500.0,32,2001-04-26,21,11,662
663,201555,Polona,Hercog,R,SLO,182,1557.0,1587.0,1485.0,1457.0,1499.0,396,2021-10-25,177,219,663
664,201667,Ling,Zhang,R,HKG,178,1557.0,1500.0,1547.0,1500.0,1500.0,52,2018-10-08,30,22,664
665,200036,Nicole,Pratt,R,AUS,163,1557.0,1458.0,1521.0,1514.0,1460.0,404,2008-01-14,173,231,665
666,201309,Tatiana,Perebiynis,R,UKR,173,1556.0,1483.0,1509.0,1476.0,1487.0,124,2009-06-22,44,80,666
668,202440,Paula,Ormaechea,R,ARG,170,1556.0,1550.0,1470.0,1466.0,1476.0,93,2023-04-03,44,49,668
670,200864,Tiiu,Kivi,U,EST,0,1556.0,1577.0,1500.0,1500.0,1494.0,51,1975-08-17,26,25,670
671,200419,Kathy,Rinaldi Stunkel,U,USA,0,1556.0,1606.0,1505.0,1583.0,1565.0,500,1996-08-26,284,216,671
673,201146,Annette,Coe,L,GBR,0,1555.0,1464.0,1505.0,1501.0,1468.0,149,1980-02-12,67,82,673
676,200957,Ruta,Gerulaitis,U,USA,0,1555.0,1592.0,1451.0,1530.0,1424.0,133,1981-09-01,58,75,676
678,201431,Aravane,Rezai,R,FRA,165,1555.0,1579.0,1555.0,1511.0,1485.0,230,2013-05-27,111,119,678
680,200042,Els,Callens,R,BEL,178,1554.0,1474.0,1465.0,1493.0,1539.0,227,2005-10-24,92,135,680
681,221024,Hailey,Baptiste,R,USA,0,1554.0,1500.0,1519.0,1487.0,1500.0,49,2024-10-21,18,31,681
682,200025,Ludmila,Cervanova,R,SVK,171,1554.0,1590.0,1411.0,1475.0,1488.0,177,2006-02-20,77,100,682
686,200104,Emilie,Loit,L,FRA,167,1554.0,1560.0,1483.0,1481.0,1485.0,345,2009-05-25,164,181,686
687,200443,Sara,Gomer,L,GBR,188,1554.0,1453.0,1503.0,1584.0,1486.0,258,1992-08-31,114,144,687
688,200708,Sandra,Cacic,R,USA,0,1554.0,1417.0,1538.0,1493.0,1478.0,154,2003-03-05,58,96,688
690,213646,Dalma,Galfi,R,HUN,178,1554.0,1467.0,1489.0,1521.0,1500.0,69,2024-09-25,28,41,690
691,200735,Miho,Saeki,R,JPN,168,1554.0,1486.0,1454.0,1586.0,1478.0,104,2005-02-01,43,61,691
693,201506,Sara,Errani,R,ITA,164,1553.0,1526.0,1515.0,1427.0,1540.0,719,2024-10-14,401,318,693
694,202421,Alison,Van Uytvanck,R,BEL,173,1553.0,1452.0,1585.0,1466.0,1500.0,293,2024-07-22,134,159,694
697,215035,Dayana,Yastremska,R,UKR,175,1553.0,1531.0,1504.0,1507.0,1500.0,214,2024-10-07,103,111,697
698,202484,Nicole,Gibbs,R,USA,168,1553.0,1437.0,1538.0,1466.0,1500.0,96,2020-01-06,36,60,698
700,201586,Heather,Watson,R,GBR,170,1553.0,1428.0,1530.0,1492.0,1500.0,372,2024-10-28,166,206,700
701,200498,Michelle,Jaggard Lai,R,AUS,146,1553.0,1441.0,1527.0,1502.0,1436.0,174,1994-11-14,66,108,701
702,200392,Jo,Durie,R,GBR,163,1553.0,1535.0,1530.0,1583.0,1489.0,629,1995-06-26,332,297,702
703,200833,Judith,Szorenyi,U,HUN,0,1553.0,1536.0,1490.0,1488.0,1500.0,73,1980-07-07,31,42,703
704,201022,Debbie,Spence Nasim,U,USA,0,1553.0,1604.0,1509.0,1455.0,1461.0,119,1989-02-27,56,63,704
707,201290,Daniela,Hantuchova,R,SVK,181,1552.0,1606.0,1507.0,1598.0,1568.0,872,2017-02-27,493,379,707
709,202453,Saisai,Zheng,R,CHN,170,1552.0,1448.0,1541.0,1427.0,1500.0,232,2024-10-28,97,135,709
710,200445,Svetlana,Cherneva,U,RUS,0,1552.0,1455.0,1470.0,1571.0,1464.0,79,1992-02-17,32,47,710
714,201126,Carole,Graebner,R,USA,0,1551.0,1475.0,1517.0,1523.0,1494.0,69,1975-01-06,31,38,714
718,200789,Lea,Pericoli,R,ITA,0,1551.0,1531.0,1524.0,1510.0,1500.0,118,1976-04-12,63,55,718
720,201322,Eva,Dyrberg,R,DEN,175,1551.0,1528.0,1551.0,1473.0,1499.0,51,2008-01-30,26,25,720
723,200889,Miroslava,Holubova,U,TCH,0,1551.0,1572.0,1500.0,1487.0,1470.0,55,1977-03-03,23,32,723
724,200098,Henrieta,Nagyova,R,SVK,177,1551.0,1554.0,1528.0,1446.0,1528.0,392,2006-03-06,215,177,724
725,200678,Gloria,Pizzichini,R,ITA,163,1551.0,1591.0,1409.0,1512.0,1491.0,77,2002-07-08,31,46,725
728,200411,Jane,Preyer,U,USA,0,1550.0,1478.0,1425.0,1559.0,1481.0,84,1983-06-20,36,48,728
729,200382,Isabelle,Villiger,R,SUI,0,1550.0,1532.0,1488.0,1451.0,1504.0,60,1983-07-04,26,34,729
732,201051,Laura,Lapi,U,ITA,0,1550.0,1523.0,1504.0,1492.0,1489.0,86,1994-07-05,37,49,732
735,200203,Vicki,Lancaster Kerr,U,AUS,0,1550.0,1551.0,1487.0,1481.0,1488.0,94,1980-01-07,41,53,735
736,203575,Danka,Kovinic,R,MNE,169,1549.0,1584.0,1453.0,1430.0,1500.0,216,2024-07-29,92,124,736
738,200763,Cathy,Drury,R,GBR,0,1549.0,1456.0,1487.0,1495.0,1464.0,117,1983-09-19,59,58,738
740,200593,Karine,Quentrec,U,FRA,0,1549.0,1576.0,1500.0,1473.0,1504.0,131,1994-10-31,56,75,740
741,202434,Aleksandra,Krunic,R,SRB,163,1549.0,1575.0,1478.0,1521.0,1500.0,222,2024-09-09,98,124,741
743,200120,Jelena,Dokic,R,AUS,175,1549.0,1506.0,1552.0,1593.0,1580.0,406,2012-04-02,227,179,743
744,200690,Kyoko,Nagatsuka,U,JPN,166,1549.0,1499.0,1511.0,1460.0,1471.0,104,1997-02-17,42,62,744
747,202489,Carina,Witthoeft,R,GER,176,1548.0,1437.0,1571.0,1491.0,1500.0,118,2018-10-15,49,69,747
749,213710,Cristina,Bucsa,R,ESP,0,1548.0,1475.0,1529.0,1465.0,1500.0,86,2024-10-28,30,56,749
750,201085,Shinobu,Asagoe,R,JPN,170,1548.0,1529.0,1537.0,1544.0,1549.0,267,2006-08-28,133,134,750
751,201427,Alize,Cornet,R,FRA,173,1548.0,1492.0,1524.0,1548.0,1505.0,764,2024-05-27,386,378,751
752,200035,Maria,Sanchez Lorenzo,R,ESP,171,1548.0,1548.0,1498.0,1481.0,1439.0,313,2006-08-28,129,184,752
753,200114,Patricia,Wartusch,R,AUT,175,1548.0,1572.0,1440.0,1488.0,1474.0,115,2004-11-24,47,68,753
754,200599,Carrie,Cunningham,U,USA,0,1548.0,1532.0,1528.0,1477.0,1475.0,130,1994-08-29,55,75,754
756,200076,Laurence,Courtois,R,BEL,172,1548.0,1534.0,1492.0,1498.0,1495.0,180,2001-05-14,83,97,756
757,214119,Rebeka,Masarova,R,ESP,186,1548.0,1500.0,1530.0,1464.0,1500.0,62,2024-09-16,26,36,757
758,214839,Jodie,Burrage,R,GBR,0,1548.0,1500.0,1483.0,1520.0,1500.0,35,2024-01-29,15,20,758
759,201638,Estrella,Cabeza Candela,R,ESP,173,1548.0,1522.0,1514.0,1492.0,1500.0,56,2015-02-16,26,30,759
761,202265,Mirielle,Dittmann,U,AUS,0,1548.0,1500.0,1474.0,1578.0,1500.0,43,2002-09-09,24,19,761
762,200416,Robin,White,R,USA,164,1548.0,1503.0,1495.0,1612.0,1492.0,309,1994-08-01,147,162,762
763,201452,Lourdes,Dominguez Lino,R,ESP,163,1547.0,1583.0,1438.0,1479.0,1490.0,298,2016-05-23,133,165,763
764,201486,Aleksandra,Wozniak,R,CAN,175,1547.0,1565.0,1526.0,1508.0,1501.0,274,2017-09-11,134,140,764
765,201327,Angelique,Widjaja,R,INA,173,1547.0,1462.0,1540.0,1462.0,1502.0,104,2006-09-25,52,52,765
766,201570,Vesna,Dolonc,R,SRB,170,1547.0,1488.0,1512.0,1496.0,1479.0,65,2014-09-08,24,41,766
767,214541,Fanny,Stollar,R,HUN,172,1547.0,1523.0,1496.0,1501.0,1500.0,35,2024-07-15,17,18,767
770,200674,Bettina,Fulco,R,ARG,0,1547.0,1512.0,1454.0,1507.0,1476.0,301,1997-04-07,145,156,770
771,200989,Leigh Anne,Thompson,U,USA,0,1547.0,1483.0,1454.0,1451.0,1514.0,117,1986-08-26,43,74,771
772,200990,Claudia,Pasquale,U,SUI,0,1547.0,1503.0,1457.0,1545.0,1511.0,48,1983-09-19,20,28,772
775,201512,Monica,Niculescu,R,ROU,168,1547.0,1451.0,1532.0,1461.0,1505.0,419,2021-06-28,194,225,775
778,200907,Carmen,Perea Alcala,U,ESP,0,1546.0,1529.0,1470.0,1465.0,1487.0,140,1983-07-17,63,77,778
779,201531,Mariana,Duque Marino,R,COL,169,1546.0,1543.0,1451.0,1462.0,1500.0,173,2018-07-16,73,100,779
780,200059,Ruxandra,Dragomir Ilie,R,ROU,168,1546.0,1604.0,1579.0,1552.0,1439.0,396,2004-03-24,207,189,780
781,200014,Tzipi,Obziler,R,ISR,172,1546.0,1502.0,1564.0,1468.0,1512.0,123,2009-04-25,57,66,781
782,200390,Mary Lou,Piatek,R,USA,0,1546.0,1476.0,1478.0,1430.0,1529.0,365,1993-02-22,157,208,782
783,200533,Pam,Casale,R,USA,0,1546.0,1604.0,1549.0,1521.0,1528.0,324,1990-04-16,175,149,783
784,201296,Bianka,Lamade,R,GER,184,1546.0,1514.0,1505.0,1487.0,1500.0,51,2003-02-17,22,29,784
786,200012,Jana,Nejedly,R,CAN,175,1546.0,1539.0,1493.0,1425.0,1454.0,179,2003-04-26,68,111,786
788,200888,Joan,Wilshere,U,RSA,0,1546.0,1530.0,1501.0,1467.0,1488.0,33,1974-01-07,15,18,788
789,200585,Kathy,Horvath,R,USA,170,1546.0,1615.0,1493.0,1524.0,1554.0,357,1989-04-17,199,158,789
791,200090,Anca,Barna,L,GER,175,1545.0,1506.0,1496.0,1468.0,1464.0,180,2005-05-02,71,109,791
792,201483,Madison,Brengle,R,USA,168,1545.0,1489.0,1525.0,1467.0,1500.0,246,2023-08-28,94,152,792
793,219875,Varvara,Gracheva,R,FRA,0,1545.0,1502.0,1510.0,1493.0,1500.0,160,2024-11-15,67,93,793
794,200296,Belinda,Thompson,U,GBR,0,1545.0,1522.0,1475.0,1495.0,1477.0,187,1982-04-26,90,97,794
795,220465,Katie,Volynets,R,USA,0,1545.0,1476.0,1523.0,1442.0,1500.0,68,2024-10-14,23,45,795
797,201424,Shahar,Peer,R,ISR,170,1545.0,1582.0,1517.0,1483.0,1520.0,517,2016-02-06,296,221,797
798,200687,Katarzyna,Nowak,U,POL,173,1545.0,1533.0,1391.0,1492.0,1472.0,96,1996-09-10,35,61,798
799,201003,Renata,Sasak,U,YUG,0,1545.0,1479.0,1486.0,1493.0,1488.0,59,1985-07-15,26,33,799
800,201084,Nadejda,Ostrovskaya,R,BLR,177,1545.0,1517.0,1520.0,1489.0,1500.0,37,2004-10-11,17,20,800
801,200075,Jing Qian,Yi,R,CHN,168,1545.0,1539.0,1518.0,1506.0,1500.0,71,2001-09-24,35,36,801
804,200335,Judy,Chaloner,U,NZL,0,1544.0,1501.0,1436.0,1535.0,1453.0,178,1981-11-09,80,98,804
805,200514,Monique,Javer,R,GBR,0,1544.0,1465.0,1514.0,1417.0,1442.0,181,1996-10-07,70,111,805
806,200281,Jackie,Fayter,U,GBR,0,1544.0,1597.0,1482.0,1525.0,1402.0,299,1979-07-02,136,163,806
808,200380,Nancy,Yeargin,R,USA,0,1544.0,1412.0,1471.0,1545.0,1424.0,123,1984-06-25,46,77,808
809,201317,Aniko,Kapros,R,HUN,173,1544.0,1564.0,1460.0,1518.0,1510.0,79,2010-02-05,36,43,809
810,201212,Francesca,Schiavone,R,ITA,166,1544.0,1625.0,1471.0,1492.0,1559.0,859,2018-07-16,468,391,810
812,200106,Angeles,Montolio,R,ESP,157,1543.0,1590.0,1458.0,1480.0,1487.0,181,2002-08-26,86,95,812
813,200959,Mareen,Louie Harper,R,USA,0,1543.0,1502.0,1491.0,1482.0,1496.0,432,1994-08-08,187,245,813
816,200997,Kate,Brasher,U,GBR,0,1543.0,1536.0,1485.0,1412.0,1470.0,146,1985-07-21,80,66,816
820,200495,Akiko,Kijimuta,U,JPN,0,1543.0,1517.0,1454.0,1531.0,1496.0,165,1993-05-17,63,102,820
821,200881,Edith,Winkens,U,FRG,0,1543.0,1520.0,1500.0,1500.0,1510.0,66,1981-12-09,31,35,821
824,200573,Cecilia,Dahlman,R,SWE,178,1543.0,1549.0,1462.0,1465.0,1497.0,111,1993-07-21,44,67,824
827,200748,Venus,Williams,R,USA,185,1543.0,1602.0,1566.0,1713.0,1739.0,1092,2024-03-18,806,286,827
828,206292,Astra,Sharma,R,AUS,178,1543.0,1561.0,1438.0,1472.0,1500.0,72,2024-07-22,29,43,828
830,200883,Marianna,Brummer,U,RSA,0,1542.0,1483.0,1511.0,1488.0,1500.0,47,1976-11-22,18,29,830
831,200410,Yvonne,Vermaak,R,RSA,156,1542.0,1561.0,1563.0,1608.0,1442.0,526,1988-02-08,263,263,831
832,200101,Jana,Kandarr,R,GER,181,1542.0,1496.0,1486.0,1461.0,1433.0,190,2003-02-17,69,121,832
834,200894,Isabel,Fernandez De Soto,U,COL,0,1542.0,1652.0,1468.0,1540.0,1372.0,228,1979-02-26,108,120,834
835,200740,Elena,Tatarkova,L,UKR,170,1542.0,1518.0,1476.0,1498.0,1471.0,94,2004-08-02,38,56,835
836,201410,Monique,Adamczak,R,AUS,170,1542.0,1524.0,1443.0,1605.0,1500.0,51,2010-04-12,26,25,836
840,200291,Dianne,Evers,R,AUS,0,1542.0,1507.0,1494.0,1458.0,1512.0,102,1980-12-08,38,64,840
841,200977,Dana,Gilbert,U,USA,0,1541.0,1529.0,1487.0,1455.0,1420.0,141,1983-10-17,61,80,841
843,203521,Andrea,Gamiz,R,VEN,162,1541.0,1442.0,1612.0,1500.0,1500.0,37,2020-02-08,21,16,843
844,200311,Cecilia,Martinez,U,USA,0,1541.0,1421.0,1458.0,1598.0,1427.0,296,1976-12-13,128,168,844
845,201229,Louise,Gonnerman,U,USA,0,1541.0,1549.0,1500.0,1432.0,1511.0,41,1972-08-21,22,19,845
846,214040,Kimberly,Birrell,R,AUS,170,1541.0,1492.0,1514.0,1514.0,1500.0,52,2024-11-13,22,30,846
849,201045,Natalia,Egorova,U,RUS,0,1541.0,1490.0,1532.0,1479.0,1487.0,51,1996-05-14,22,29,849
851,201237,Pam,Richmond,R,USA,154,1541.0,1522.0,1491.0,1505.0,1488.0,45,1975-01-20,20,25,851
852,206255,Patricia Maria,Tig,R,ROU,0,1541.0,1542.0,1503.0,1476.0,1500.0,90,2023-10-16,40,50,852
853,200148,Marilyn,Tesch,U,AUS,0,1540.0,1496.0,1502.0,1485.0,1500.0,69,1977-12-05,27,42,853
854,200091,Janet,Lee,R,TPE,175,1540.0,1420.0,1537.0,1464.0,1481.0,121,2005-09-26,51,70,854
857,201293,Catalina,Castano,R,COL,171,1540.0,1558.0,1452.0,1416.0,1500.0,243,2014-02-07,116,127,857
859,200320,Renata,Tomanova,R,GER,168,1540.0,1539.0,1493.0,1544.0,1450.0,464,1986-09-15,241,223,859
861,200993,Cornelia,Dries,U,GER,0,1540.0,1480.0,1500.0,1487.0,1501.0,47,1983-06-20,20,27,861
862,200994,Michelle,Torres,R,USA,0,1540.0,1552.0,1481.0,1438.0,1456.0,205,1989-05-29,93,112,862
863,200878,Katalin,Borka,U,HUN,0,1539.0,1513.0,1500.0,1500.0,1500.0,69,1976-06-28,33,36,863
864,200030,Miroslava,Vavrinec,R,SUI,173,1539.0,1468.0,1546.0,1459.0,1500.0,61,2001-10-15,24,37,864
865,202596,Mihaela,Buzarnescu,L,ROU,175,1539.0,1570.0,1471.0,1541.0,1500.0,132,2022-07-25,62,70,865
866,201086,Greta,Arn,R,HUN,180,1539.0,1523.0,1511.0,1475.0,1489.0,160,2019-09-09,64,96,866
867,200473,Beverly,Bowes,R,USA,0,1539.0,1486.0,1514.0,1417.0,1450.0,192,1994-03-11,70,122,867
868,200316,Heidi,Eisterlehner,R,GER,172,1539.0,1526.0,1480.0,1436.0,1551.0,249,1984-10-08,116,133,868
869,215020,Anna,Blinkova,R,RUS,179,1539.0,1494.0,1529.0,1516.0,1500.0,196,2024-10-28,78,118,869
870,200643,Petra,Kamstra,U,NED,0,1539.0,1469.0,1474.0,1542.0,1482.0,57,1996-07-15,21,36,870
871,201087,Mashona,Washington,R,USA,168,1539.0,1461.0,1473.0,1516.0,1488.0,120,2010-04-12,42,78,871
873,200722,Francesca,Lubiani,L,ITA,168,1538.0,1464.0,1517.0,1472.0,1512.0,82,2000-07-10,29,53,873
874,222258,Linda,Fruhvirtova,R,CZE,0,1538.0,1454.0,1525.0,1508.0,1500.0,73,2024-10-28,32,41,874
875,200626,Emanuela,Zardo,L,SUI,0,1538.0,1547.0,1483.0,1481.0,1471.0,164,1996-04-24,79,85,875
876,200188,Helen,Amos,R,AUS,0,1538.0,1420.0,1530.0,1513.0,1502.0,104,1973-01-22,42,62,876
879,201367,Arantxa,Parra Santonja,R,ESP,176,1538.0,1531.0,1406.0,1464.0,1483.0,192,2013-10-14,72,120,879
881,200400,Kate,Latham,R,USA,168,1538.0,1473.0,1508.0,1572.0,1497.0,429,1985-09-23,216,213,881
884,201344,Klara,Koukalova,R,CZE,166,1538.0,1608.0,1477.0,1562.0,1494.0,576,2016-04-04,283,293,884
885,200749,Samantha,Reeves,R,USA,173,1538.0,1476.0,1489.0,1483.0,1491.0,89,2004-08-09,30,59,885
887,200736,Li Ling,Chen,U,CHN,165,1538.0,1484.0,1511.0,1500.0,1500.0,34,1997-03-15,13,21,887
888,200978,Roberta,Mccallum,U,USA,0,1538.0,1476.0,1474.0,1476.0,1500.0,67,1982-06-14,24,43,888
890,200641,Patricia,Tarabini,R,ARG,165,1538.0,1533.0,1480.0,1485.0,1457.0,233,1995-05-29,107,126,890
891,201472,Romina,Oprandi,R,SUI,172,1538.0,1547.0,1487.0,1481.0,1500.0,146,2016-04-11,57,89,891
894,200992,Elizabeth,Jones,U,GBR,0,1537.0,1487.0,1477.0,1501.0,1506.0,50,1984-07-02,28,22,894
895,200507,Kathrin,Keil,U,USA,0,1537.0,1499.0,1482.0,1486.0,1510.0,100,1989-08-14,45,55,895
896,201103,Pixie,Lamm,U,USA,0,1537.0,1501.0,1556.0,1470.0,1500.0,31,1970-09-14,16,15,896
910,202477,Dinah,Pfizenmaier,R,GER,171,1536.0,1520.0,1484.0,1487.0,1500.0,35,2015-05-25,14,21,910
911,211951,Ana,Konjuh,R,CRO,174,1536.0,1514.0,1544.0,1558.0,1500.0,180,2023-02-20,93,87,911
912,200547,Sandra,Wasserman,R,BEL,173,1536.0,1498.0,1492.0,1479.0,1476.0,183,1994-04-25,84,99,912
913,200007,Silvija,Talaja,R,CRO,173,1536.0,1568.0,1483.0,1490.0,1438.0,295,2005-08-08,138,157,913
919,201157,Susan,Hagey,R,USA,0,1535.0,1477.0,1510.0,1505.0,1459.0,61,1986-07-28,30,31,919
923,200921,Patricia,Reese,R,USA,0,1535.0,1514.0,1454.0,1483.0,1452.0,120,1975-07-07,45,75,923
924,200760,Pauline,Elliott,U,NZL,0,1535.0,1451.0,1536.0,1524.0,1488.0,48,1980-01-27,22,26,924
925,202470,Annika,Beck,R,GER,170,1535.0,1549.0,1499.0,1502.0,1500.0,206,2017-08-28,91,115,925
926,200361,Marie,Pinterova,R,HUN,175,1535.0,1501.0,1504.0,1538.0,1511.0,301,1985-09-23,144,157,926
927,201097,Marilyn,Aschner,L,USA,0,1535.0,1540.0,1470.0,1441.0,1519.0,96,1972-08-28,43,53,927
928,207947,Yamile,Fors Guerra,U,CUB,0,1535.0,1430.0,1647.0,1500.0,1500.0,49,2010-02-06,29,20,928
930,201523,Marina,Erakovic,R,NZL,174,1535.0,1505.0,1525.0,1515.0,1490.0,262,2017-09-11,122,140,930
933,200123,Marlene,Weingartner,R,GER,174,1534.0,1494.0,1540.0,1442.0,1459.0,222,2005-07-11,85,137,933
934,200442,Andrea,Temesvari,R,HUN,182,1534.0,1559.0,1450.0,1523.0,1468.0,397,1997-04-22,201,196,934
935,200621,Isabelle,Demongeot,R,FRA,0,1534.0,1485.0,1538.0,1519.0,1486.0,282,1996-06-10,122,160,935
938,204411,Storm,Hunter,L,AUS,166,1534.0,1462.0,1534.0,1475.0,1500.0,58,2024-03-18,20,38,938
939,201616,Lauren,Davis,R,USA,157,1534.0,1475.0,1550.0,1466.0,1500.0,322,2024-08-26,141,181,939
941,200565,Nathalie,Guerree Spitzer,U,FRA,0,1534.0,1501.0,1474.0,1496.0,1495.0,52,1992-07-06,20,32,941
945,200391,Sherry,Acker,R,USA,173,1533.0,1492.0,1453.0,1504.0,1509.0,163,1984-07-30,63,100,945
947,212119,Luisa Elfride,Lopez,U,GUA,0,1533.0,1473.0,1561.0,1500.0,1500.0,33,2004-04-23,18,15,947
949,201599,Andrea,Hlavackova,R,CZE,174,1533.0,1463.0,1507.0,1482.0,1500.0,101,2018-06-25,37,64,949
950,201442,Yung Jan,Chan,R,TPE,170,1533.0,1514.0,1490.0,1440.0,1500.0,143,2015-02-09,53,90,950
951,200627,Petra,Schwarz,R,AUT,168,1533.0,1539.0,1425.0,1476.0,1492.0,137,1997-07-28,54,83,951
952,200162,Judith,Salome,U,NED,0,1533.0,1465.0,1488.0,1516.0,1489.0,68,1973-07-16,27,41,952
954,202512,Lucia,Gongora,U,MEX,0,1533.0,1550.0,1500.0,1500.0,1500.0,33,1971-04-05,18,15,954
957,201567,Alexandra,Dulgheru,R,ROU,172,1532.0,1503.0,1533.0,1521.0,1487.0,196,2021-08-02,87,109,957
961,200632,Andrea,Strnadova,U,CZE,175,1532.0,1528.0,1525.0,1487.0,1475.0,138,1994-09-26,65,73,961
963,200703,Katarina,Studenikova,R,SVK,172,1532.0,1480.0,1482.0,1481.0,1524.0,160,1999-06-21,66,94,963
966,200579,Karin,Kschwendt,R,AUT,175,1532.0,1496.0,1530.0,1489.0,1458.0,212,2000-06-12,91,121,966
967,200468,Hu,Na,U,USA,0,1532.0,1477.0,1454.0,1533.0,1474.0,158,1991-02-25,63,95,967
970,200796,Sally,Holdsworth,U,GBR,0,1532.0,1518.0,1472.0,1435.0,1490.0,115,1972-06-12,44,71,970
971,201038,Karen,Schimper,U,RSA,0,1532.0,1530.0,1487.0,1461.0,1498.0,68,1990-04-02,24,44,971
976,201597,Kurumi,Nara,R,JPN,155,1532.0,1514.0,1505.0,1447.0,1500.0,218,2021-06-07,93,125,976
977,200658,Fang,Li,R,CHN,166,1532.0,1551.0,1544.0,1440.0,1479.0,172,2001-03-21,78,94,977
978,200122,Tina,Pisnik,R,SLO,172,1532.0,1566.0,1461.0,1514.0,1530.0,234,2005-04-23,108,126,978
980,200464,Ann,Henricksson,U,USA,0,1531.0,1470.0,1460.0,1590.0,1463.0,361,1994-08-01,148,213,980
981,201414,Michaella,Krajicek,R,NED,177,1531.0,1478.0,1521.0,1509.0,1492.0,208,2017-02-11,99,109,981
982,200575,Anna,Ivan,U,USA,0,1531.0,1567.0,1472.0,1490.0,1469.0,53,1990-06-25,22,31,982
985,200734,Tatjana,Jecmenica,R,SRB,180,1531.0,1546.0,1493.0,1493.0,1465.0,36,1998-04-14,14,22,985
986,200770,Stephanie,Cohen Aloro,R,FRA,175,1531.0,1534.0,1457.0,1437.0,1482.0,125,2011-02-07,45,80,986
991,203514,Katarzyna,Kawa,R,POL,178,1531.0,1564.0,1444.0,1492.0,1500.0,36,2024-11-25,16,20,991
992,201697,Kristyna,Pliskova,L,CZE,184,1531.0,1536.0,1485.0,1438.0,1500.0,231,2021-09-27,92,139,992
995,215988,Mai,Hontama,R,JPN,0,1530.0,1511.0,1507.0,1499.0,1500.0,45,2024-10-28,22,23,995
996,200629,Cristina,Tessi,U,ARG,0,1530.0,1496.0,1500.0,1488.0,1503.0,62,1992-06-22,25,37,996
997,200388,Leslie,Allen,R,USA,0,1530.0,1494.0,1383.0,1570.0,1605.0,219,1987-04-13,90,129,997
999,201370,Anastasia,Rodionova,R,AUS,167,1530.0,1479.0,1488.0,1450.0,1509.0,239,2017-04-03,87,152,999
1003,200451,Beverly,Mould,R,RSA,160,1530.0,1517.0,1449.0,1514.0,1477.0,79,1985-09-23,32,47,1003
1005,200010,Rita,Grande,R,ITA,177,1530.0,1540.0,1445.0,1497.0,1489.0,406,2005-08-29,178,228,1005
1006,201573,Laura,Robson,L,GBR,180,1530.0,1527.0,1526.0,1463.0,1500.0,108,2017-07-03,43,65,1006
1012,200490,Michaela,Pazderova,U,TCH,0,1529.0,1511.0,1465.0,1488.0,1484.0,42,1987-05-18,21,21,1012
1014,201027,Gabriela,Dinu,U,FRG,0,1529.0,1512.0,1482.0,1500.0,1491.0,100,1988-04-26,53,47,1014
1015,200329,Mary,Sawyer,U,AUS,169,1529.0,1459.0,1525.0,1507.0,1500.0,58,1981-01-12,24,34,1015
1018,200430,Marcela,Skuherska,U,TCH,0,1529.0,1504.0,1510.0,1470.0,1470.0,112,1986-05-26,51,61,1018
1020,200991,Joanne,Russell,R,USA,173,1529.0,1532.0,1526.0,1554.0,1556.0,412,1987-09-01,209,203,1020
1021,200082,Kristie,Boogert,R,NED,178,1529.0,1461.0,1559.0,1545.0,1510.0,265,2003-05-05,117,148,1021
1025,200061,Gala,Leon Garcia,L,ESP,163,1528.0,1550.0,1494.0,1462.0,1471.0,259,2004-06-21,117,142,1025
1028,200813,Ingrid,Bentzer,R,SWE,0,1528.0,1539.0,1455.0,1514.0,1494.0,196,1983-11-21,85,111,1028
1030,201142,Kathy,Blake,R,USA,0,1528.0,1500.0,1484.0,1493.0,1478.0,34,1974-09-09,12,22,1030
1031,200542,Clare,Wood,R,GBR,0,1528.0,1481.0,1501.0,1376.0,1499.0,196,1997-06-23,69,127,1031
1034,200334,Sabina,Simmonds,R,ITA,170,1528.0,1496.0,1488.0,1567.0,1490.0,257,1988-07-11,124,133,1034
1036,200308,Kym,Ruddell,U,AUS,0,1528.0,1499.0,1466.0,1444.0,1521.0,106,1980-12-08,44,62,1036
1039,201009,Ginny,Purdy,U,USA,0,1527.0,1473.0,1483.0,1477.0,1528.0,62,1987-10-25,26,36,1039
1040,206219,Oceane,Dodin,R,FRA,0,1527.0,1478.0,1525.0,1440.0,1500.0,130,2024-08-26,50,80,1040
1041,200322,Karen,Gulley,U,AUS,0,1527.0,1495.0,1500.0,1472.0,1500.0,57,1981-11-30,28,29,1041
1043,200256,Chris,Oneil,R,AUS,175,1527.0,1449.0,1430.0,1562.0,1472.0,237,1983-11-21,115,122,1043
1045,201089,Lucie,Ahl,R,GBR,159,1527.0,1488.0,1527.0,1458.0,1500.0,39,2003-06-23,17,22,1045
1046,201295,Wynne,Prakusya,R,INA,160,1527.0,1425.0,1534.0,1471.0,1487.0,111,2005-10-03,50,61,1046
1047,201286,Anabel,Medina Garrigues,R,ESP,169,1527.0,1598.0,1493.0,1464.0,1424.0,611,2014-05-05,320,291,1047
1051,200045,Tara,Snyder,R,USA,175,1527.0,1539.0,1485.0,1474.0,1512.0,112,2004-06-21,45,67,1051
1052,200370,Marie Christine,Calleja,U,FRA,0,1527.0,1483.0,1473.0,1494.0,1468.0,125,1989-03-20,46,79,1052
1053,201428,Mathilde,Johansson,R,FRA,173,1527.0,1489.0,1425.0,1502.0,1500.0,119,2015-05-25,44,75,1053
1054,201529,Kristie,Ahn,R,USA,165,1527.0,1490.0,1503.0,1494.0,1500.0,45,2021-06-28,16,29,1054
1057,200869,Maria Eugenia,Guzman,U,ECU,0,1527.0,1485.0,1518.0,1452.0,1500.0,127,1974-03-11,61,66,1057
1058,200731,Gail,Biggs,U,AUS,0,1527.0,1469.0,1455.0,1527.0,1550.0,43,1998-03-02,21,22,1058
1060,201640,Maria Teresa,Torro Flor,R,ESP,173,1527.0,1494.0,1483.0,1489.0,1500.0,84,2016-07-11,32,52,1060
1061,201489,Mariya,Koryttseva,R,UKR,172,1526.0,1449.0,1544.0,1464.0,1500.0,101,2011-09-19,41,60,1061
1062,200594,Iwona,Kuczynska,U,POL,0,1526.0,1510.0,1429.0,1519.0,1484.0,81,1989-10-16,29,52,1062
1064,200987,Yvona,Brzakova,U,TCH,175,1526.0,1525.0,1460.0,1460.0,1480.0,63,1985-09-23,23,40,1064
1067,200696,Christina,Papadaki,R,GRE,0,1526.0,1562.0,1422.0,1464.0,1500.0,84,1999-08-30,34,50,1067
1069,206404,Elizaveta,Kulichkova,R,RUS,0,1526.0,1480.0,1528.0,1486.0,1500.0,45,2017-07-24,17,28,1069
1071,200262,Jenny,Walker,U,AUS,0,1526.0,1583.0,1488.0,1322.0,1500.0,110,1983-01-03,47,63,1071
1075,200024,Maria,Vento Kabchi,R,VEN,168,1526.0,1458.0,1496.0,1506.0,1522.0,287,2006-09-11,118,169,1075
1077,201137,Sandy,Stap,U,USA,0,1526.0,1469.0,1485.0,1521.0,1463.0,58,1979-03-28,25,33,1077
1080,200099,Sonya,Jeyaseelan,R,CAN,157,1525.0,1572.0,1457.0,1471.0,1427.0,120,2003-10-20,45,75,1080
1083,200385,Brenda,Remilton,U,AUS,0,1525.0,1476.0,1476.0,1475.0,1500.0,90,1985-07-01,42,48,1083
1086,201911,Nina,Bland,R,CAN,0,1525.0,1465.0,1487.0,1497.0,1500.0,32,1982-05-03,16,16,1086
1091,201591,Margalita,Chakhnashvili,R,GEO,172,1525.0,1528.0,1507.0,1500.0,1500.0,43,2013-02-08,24,19,1091
1094,200863,Zaiga,Yansone,U,URS,0,1525.0,1501.0,1500.0,1522.0,1447.0,40,1973-02-26,16,24,1094
1095,201448,Galina,Voskoboeva,R,KAZ,183,1525.0,1502.0,1486.0,1449.0,1500.0,206,2017-02-11,78,128,1095
1096,200698,Petra,Begerow,R,GER,178,1525.0,1523.0,1477.0,1459.0,1436.0,100,1999-07-12,34,66,1096
1108,206124,Tereza,Martincova,R,CZE,178,1524.0,1422.0,1550.0,1480.0,1500.0,169,2024-02-26,68,101,1108
1109,201308,Maria Elena,Camerin,R,ITA,164,1524.0,1455.0,1523.0,1382.0,1477.0,250,2013-06-24,98,152,1109
1110,200223,Sharon,Walsh Pete,R,USA,174,1524.0,1473.0,1464.0,1519.0,1516.0,688,1988-06-20,332,356,1110
1117,201020,Petra,Huber,U,AUT,0,1524.0,1548.0,1413.0,1470.0,1467.0,150,1989-05-01,65,85,1117
1118,200983,Susan,Rollinson,U,RSA,0,1524.0,1566.0,1476.0,1467.0,1444.0,82,1983-05-23,36,46,1118
1130,201648,Naomi,Broady,R,GBR,189,1523.0,1475.0,1531.0,1383.0,1500.0,66,2018-09-10,24,42,1130
1131,201533,Shuai,Zhang,R,CHN,177,1523.0,1425.0,1545.0,1522.0,1500.0,492,2024-10-28,218,274,1131
1132,201262,Lucy,Gordon,U,USA,0,1523.0,1498.0,1535.0,1479.0,1500.0,33,1983-06-27,16,17,1132
1136,200415,Catherine,Suire,R,FRA,167,1523.0,1444.0,1484.0,1530.0,1465.0,214,1993-08-16,83,131,1136
1140,215306,Emiliana,Arango,R,COL,0,1523.0,1502.0,1548.0,1489.0,1500.0,47,2024-11-25,22,25,1140
1145,203751,Eva,Rozsavolgyi,U,HUN,0,1523.0,1514.0,1500.0,1500.0,1500.0,34,1984-07-15,18,16,1145
1150,200436,Carina,Karlsson,U,SWE,0,1523.0,1521.0,1457.0,1497.0,1474.0,118,1987-09-21,45,73,1150
1151,200928,Paulina,Peisachov,U,ISR,0,1523.0,1474.0,1504.0,1547.0,1479.0,117,1980-05-19,56,61,1151
1152,200706,Catalina,Cristea,R,ROU,178,1523.0,1542.0,1437.0,1447.0,1463.0,163,2000-09-23,60,103,1152
1159,201426,Pauline,Parmentier,R,FRA,175,1522.0,1474.0,1523.0,1404.0,1487.0,329,2020-09-28,127,202,1159
1165,202993,Sachie,Umehara,U,JPN,0,1522.0,1500.0,1523.0,1500.0,1500.0,31,1999-09-06,18,13,1165
1170,200353,Lele,Forood,U,USA,0,1522.0,1472.0,1463.0,1527.0,1424.0,160,1984-09-24,60,100,1170
1172,201082,Lorna,Woodroffe,U,GBR,168,1522.0,1500.0,1500.0,1487.0,1500.0,31,2001-06-25,14,17,1172
1181,200661,Samantha,Smith,R,GBR,0,1522.0,1509.0,1440.0,1501.0,1485.0,88,2000-06-26,31,57,1181
1187,200606,Nana,Smith,R,JPN,163,1522.0,1445.0,1501.0,1445.0,1485.0,182,2000-04-28,67,115,1187
1193,222965,Erika,Andreeva,R,RUS,0,1521.0,1468.0,1502.0,1504.0,1500.0,41,2024-10-21,15,26,1193
1197,200979,Joyce,Portman,U,USA,0,1521.0,1550.0,1446.0,1498.0,1450.0,47,1982-04-19,17,30,1197
1201,204431,Anna Lena,Friedsam,R,GER,0,1521.0,1482.0,1540.0,1477.0,1487.0,149,2024-04-12,64,85,1201
1203,202309,Ana Lucia,Migliarini De Leon,L,URU,0,1521.0,1497.0,1524.0,1500.0,1500.0,32,2012-04-19,17,15,1203
1205,200328,Patricia,Bostrom,U,USA,0,1521.0,1418.0,1534.0,1455.0,1498.0,169,1979-07-02,67,102,1205
1209,200826,Greta,Delport,U,RSA,0,1521.0,1488.0,1481.0,1500.0,1500.0,34,1973-01-01,13,21,1209
1214,200362,Liz,Smylie,R,AUS,170,1520.0,1454.0,1425.0,1611.0,1464.0,369,1994-10-31,170,199,1214
1219,200306,Jan,Wilton,U,AUS,0,1520.0,1496.0,1500.0,1527.0,1488.0,35,1977-12-19,15,20,1219
1221,201375,Shenay,Perry,R,USA,170,1520.0,1452.0,1489.0,1526.0,1488.0,101,2010-09-13,39,62,1221
1227,200350,Felicia,Hutnick,U,USA,0,1520.0,1470.0,1457.0,1478.0,1500.0,32,1981-09-21,13,19,1227
1230,200903,Hideko,Goto,U,JPN,0,1520.0,1516.0,1500.0,1479.0,1500.0,33,1974-05-13,15,18,1230
1232,200586,Federica,Bonsignori,U,ITA,0,1520.0,1503.0,1394.0,1484.0,1486.0,189,1995-05-08,76,113,1232
1235,201349,Melinda,Czink,L,HUN,178,1520.0,1431.0,1521.0,1497.0,1500.0,253,2013-06-10,109,144,1235
1237,200694,Elly,Hakami,U,USA,0,1520.0,1480.0,1511.0,1475.0,1480.0,98,1995-03-17,43,55,1237
1238,201850,Nino,Louarsabishvili,U,GEO,0,1520.0,1512.0,1477.0,1500.0,1477.0,34,1999-04-21,14,20,1238
1239,200753,Cindy,Watson,R,AUS,0,1520.0,1541.0,1474.0,1476.0,1530.0,60,2005-01-17,29,31,1239
1247,202498,Julia,Glushko,R,ISR,171,1519.0,1500.0,1484.0,1482.0,1487.0,75,2019-04-22,29,46,1247
1250,201457,Jarmila,Gajdosova,R,AUS,174,1519.0,1516.0,1536.0,1484.0,1489.0,254,2016-01-18,110,144,1250
1251,200971,Lucia,Romanov,U,ROU,0,1519.0,1555.0,1446.0,1490.0,1448.0,137,1984-09-24,55,82,1251
1254,201528,Melanie,Oudin,R,USA,168,1519.0,1473.0,1468.0,1540.0,1532.0,144,2014-09-08,58,86,1254
1259,204291,Na Lae,Han,L,KOR,0,1519.0,1536.0,1465.0,1500.0,1500.0,39,2023-10-09,16,23,1259
1264,200013,Angelica,Gavaldon,R,MEX,0,1519.0,1512.0,1517.0,1476.0,1439.0,205,2000-01-17,87,118,1264
1265,200325,Leanne,Harrison Austin,L,AUS,168,1519.0,1489.0,1500.0,1501.0,1500.0,39,1980-11-03,15,24,1265
1266,200463,Terry,Holladay,L,USA,180,1519.0,1476.0,1475.0,1543.0,1545.0,396,1987-07-13,190,206,1266
1273,200427,Beth,Herr,R,USA,170,1518.0,1439.0,1505.0,1472.0,1514.0,237,1990-05-21,108,129,1273
1274,214304,Vera,Lapko,R,BLR,184,1518.0,1492.0,1512.0,1478.0,1500.0,52,2021-09-27,22,30,1274
1280,200823,Eva,Lundquist,U,SWE,0,1518.0,1473.0,1489.0,1443.0,1504.0,62,1971-07-05,23,39,1280
1281,200622,Maya,Kidowaki,U,JPN,0,1518.0,1525.0,1467.0,1495.0,1451.0,90,1994-02-14,34,56,1281
1283,201148,Roberta,Stark,U,USA,0,1518.0,1468.0,1500.0,1468.0,1471.0,59,1976-09-01,20,39,1283
1286,200333,Betsy,Nagelsen,R,USA,175,1518.0,1420.0,1460.0,1611.0,1467.0,643,1994-02-21,296,347,1286
1289,214604,Maria Lourdes,Carle,R,ARG,0,1518.0,1521.0,1479.0,1486.0,1500.0,35,2024-11-25,14,21,1289
1291,201494,Raluca,Olaru,R,ROU,173,1518.0,1481.0,1512.0,1474.0,1487.0,100,2014-07-07,40,60,1291
1294,201596,Johanna,Larsson,R,SWE,174,1517.0,1572.0,1502.0,1410.0,1507.0,384,2020-02-08,185,199,1294
1298,223489,Julia,Lloyd,U,GBR,0,1517.0,1474.0,1500.0,1415.0,1497.0,41,1980-04-14,18,23,1298
1299,200591,Ronni,Reis,U,USA,0,1517.0,1500.0,1455.0,1490.0,1496.0,82,1990-03-16,29,53,1299
1300,214461,Tamara,Zidansek,R,SLO,168,1517.0,1580.0,1490.0,1480.0,1500.0,182,2024-11-15,85,97,1300
1303,202302,Maria Fernanda,Alves,L,BRA,174,1517.0,1495.0,1569.0,1500.0,1500.0,66,2016-08-01,38,28,1303
1304,200569,Petra,Langrova,U,TCH,0,1517.0,1489.0,1489.0,1449.0,1483.0,201,1998-04-13,82,119,1304
1305,200730,Min,Tang,U,HKG,0,1517.0,1487.0,1497.0,1489.0,1500.0,37,1998-02-18,16,21,1305
1308,201470,Kristina,Barrois,R,GER,183,1517.0,1538.0,1394.0,1499.0,1494.0,94,2013-07-08,34,60,1308
1310,201159,Sheila,Mcinerney,U,USA,0,1517.0,1493.0,1422.0,1525.0,1500.0,74,1983-06-27,31,43,1310
1311,201216,Marjory,Gengler,U,USA,0,1517.0,1555.0,1499.0,1431.0,1500.0,56,1976-11-22,25,31,1311
1313,201175,Joy,Tacon,R,HKG,0,1517.0,1442.0,1478.0,1532.0,1500.0,48,1987-01-25,21,27,1313
1323,202418,Lara,Arruabarrena,R,ESP,166,1516.0,1527.0,1442.0,1490.0,1488.0,224,2021-08-02,100,124,1323
1325,200028,Maureen,Drake,R,CAN,175,1516.0,1508.0,1438.0,1468.0,1480.0,146,2005-05-02,50,96,1325
1334,200724,Lea,Ghirardi,R,FRA,173,1516.0,1467.0,1513.0,1464.0,1487.0,69,1999-05-24,23,46,1334
1337,201462,Alberta,Brianti,R,ITA,165,1516.0,1491.0,1505.0,1419.0,1487.0,146,2015-04-20,53,93,1337
1338,203354,Martina,Trevisan,L,ITA,160,1516.0,1513.0,1502.0,1433.0,1500.0,150,2024-10-28,59,91,1338
1339,211411,Nina,Stojanovic,R,SRB,176,1516.0,1465.0,1498.0,1513.0,1500.0,69,2024-11-25,26,43,1339
1342,200126,Marissa,Irvin,R,USA,170,1516.0,1521.0,1447.0,1442.0,1468.0,117,2005-08-29,37,80,1342
1343,200821,Monica,Giorgi,U,ITA,0,1516.0,1501.0,1480.0,1495.0,1500.0,58,1975-07-07,21,37,1343
1345,200052,Olga,Barabanschikova,R,BLR,172,1516.0,1489.0,1475.0,1524.0,1485.0,160,2003-10-06,71,89,1345
1350,200732,Magdalena,Grzybowska,R,POL,184,1516.0,1509.0,1500.0,1484.0,1488.0,137,2002-11-04,55,82,1350
1354,200054,Sylvia,Plischke,R,AUT,177,1515.0,1521.0,1494.0,1489.0,1455.0,148,2001-07-09,58,90,1354
1357,200898,Erzsebet,Szell,U,HUN,0,1515.0,1503.0,1500.0,1500.0,1500.0,34,1975-07-07,13,21,1357
1358,201970,Vicki,Beggs,U,USA,0,1515.0,1499.0,1546.0,1500.0,1500.0,67,1986-07-07,36,31,1358
1379,200834,Suzana,Gesteira,U,BRA,0,1514.0,1516.0,1500.0,1525.0,1500.0,102,1975-01-13,50,52,1379
1391,201605,Mandy,Minella,R,LUX,180,1514.0,1508.0,1500.0,1438.0,1512.0,194,2022-04-15,78,116,1391
1401,200584,Laura,Golarsa,R,ITA,165,1514.0,1394.0,1460.0,1585.0,1464.0,313,1999-08-30,132,181,1401
1404,200675,Eugenia,Maniokova,R,RUS,178,1514.0,1481.0,1472.0,1466.0,1480.0,85,1995-09-18,29,56,1404
1405,200709,Rossana,De Los Rios,R,PAR,170,1514.0,1458.0,1482.0,1470.0,1496.0,215,2010-08-02,86,129,1405
1411,200854,Maria Teresa,Nasuelli,R,ITA,0,1513.0,1485.0,1497.0,1444.0,1488.0,174,1980-07-28,71,103,1411
1412,200115,Brie,Rippner,R,USA,175,1513.0,1468.0,1467.0,1512.0,1494.0,53,2002-09-16,17,36,1412
1413,201681,Suchanun,Viratprasert,R,THA,168,1513.0,1500.0,1493.0,1513.0,1500.0,48,2010-02-08,23,25,1413
1415,200578,Rennae,Stubbs,R,AUS,178,1513.0,1454.0,1436.0,1499.0,1474.0,108,1998-06-22,34,74,1415
1421,201312,Sarah,Taylor,R,USA,0,1513.0,1469.0,1527.0,1488.0,1482.0,47,2003-10-27,18,29,1421
1425,203125,Rochelle,Rosenfield,R,AUS,0,1513.0,1459.0,1500.0,1528.0,1502.0,47,2002-03-04,22,25,1425
1430,207166,Ismet Duygu,Aksit Oal,U,TUR,0,1513.0,1530.0,1457.0,1500.0,1500.0,34,2001-05-17,15,19,1430
1441,202946,Christina,Zachariadou,R,GRE,0,1512.0,1488.0,1510.0,1500.0,1500.0,39,2004-04-24,19,20,1441
1447,200574,Eva,Sviglerova,U,CZE,0,1512.0,1520.0,1474.0,1476.0,1481.0,105,1994-04-25,42,63,1447
1452,211539,Fiona,Ferro,R,FRA,170,1512.0,1539.0,1477.0,1451.0,1500.0,115,2024-05-27,48,67,1452
1457,202359,Chin Wei,Chan,R,TPE,169,1512.0,1488.0,1492.0,1544.0,1500.0,40,2014-02-08,20,20,1457
1476,200984,Deborah,Jevans,U,GBR,0,1512.0,1523.0,1511.0,1413.0,1465.0,128,1983-06-27,58,70,1476
1478,201524,Urszula,Radwanska,R,POL,177,1512.0,1433.0,1523.0,1517.0,1481.0,257,2021-10-25,112,145,1478
1480,201323,Saori,Obata,L,JPN,165,1512.0,1486.0,1449.0,1466.0,1509.0,140,2006-03-06,56,84,1480
1485,200707,Romana,Tedjakusuma,R,INA,0,1512.0,1504.0,1477.0,1500.0,1500.0,53,2006-04-22,21,32,1485
1513,202900,Maria Fernanda,Alvarez Teran,R,BOL,174,1511.0,1487.0,1521.0,1500.0,1500.0,35,2019-04-19,18,17,1513
1521,200444,Elise,Burgin,L,USA,0,1511.0,1602.0,1452.0,1510.0,1456.0,300,1993-07-26,133,167,1521
1544,200204,Sandra,Walsham,U,AUS,0,1511.0,1516.0,1477.0,1495.0,1500.0,42,1973-01-02,19,23,1544
1545,201384,Chia Jung,Chuang,R,TPE,168,1511.0,1497.0,1480.0,1538.0,1500.0,37,2017-06-05,19,18,1545
1547,201485,Alla,Kudryavtseva,R,RUS,178,1511.0,1445.0,1476.0,1496.0,1500.0,225,2017-09-11,85,140,1547
1567,200483,Kumiko,Okamoto,U,JPN,0,1511.0,1450.0,1541.0,1460.0,1415.0,73,1992-02-04,24,49,1567
1568,200072,Cara,Black,R,ZIM,167,1511.0,1485.0,1468.0,1524.0,1467.0,275,2008-08-11,118,157,1568
1569,201488,Jorgelina,Cravero,R,ARG,163,1511.0,1526.0,1509.0,1496.0,1476.0,31,2010-04-24,15,16,1569
1582,200557,Katrina,Adams,R,USA,165,1510.0,1399.0,1520.0,1483.0,1396.0,169,1998-02-23,55,114,1582
1584,200407,Camille,Benjamin,L,USA,175,1510.0,1547.0,1464.0,1491.0,1428.0,406,1994-06-13,181,225,1584
1587,200846,Michelle,Rodriguez,U,CHI,0,1510.0,1472.0,1503.0,1483.0,1500.0,78,1980-06-30,28,50,1587
1594,200103,Evie,Dominikovic,R,AUS,173,1510.0,1468.0,1453.0,1508.0,1608.0,125,2005-09-26,55,70,1594
1598,200999,Felicia,Raschiatore,U,USA,0,1510.0,1432.0,1545.0,1499.0,1460.0,60,1984-10-08,28,32,1598
1603,200773,Stephanie,Foretz Gacon,R,FRA,166,1510.0,1444.0,1462.0,1477.0,1497.0,177,2015-01-19,62,115,1603
1614,200166,Patricia,Edwards,U,AUS,0,1510.0,1508.0,1500.0,1472.0,1500.0,50,1972-01-04,17,33,1614
1617,200092,Sandra,Nacuk,R,SCG,0,1510.0,1467.0,1491.0,1512.0,1502.0,52,2001-07-09,18,34,1617
1625,200376,Katerina,Bohmova,L,CZE,0,1509.0,1484.0,1428.0,1470.0,1473.0,119,1987-09-21,39,80,1625
1626,200988,Jenny,Klitch,R,USA,0,1509.0,1517.0,1451.0,1472.0,1449.0,127,1988-08-01,48,79,1626
1630,201303,Anne,Keothavong,R,GBR,175,1509.0,1453.0,1518.0,1374.0,1541.0,178,2013-06-24,69,109,1630
1636,200344,Barbara,Jordan,R,USA,165,1509.0,1510.0,1425.0,1555.0,1414.0,178,1985-10-07,71,107,1636
1637,200440,Shawn,Foltz,R,USA,0,1509.0,1477.0,1514.0,1469.0,1500.0,47,1990-11-26,18,29,1637
1638,211814,Julia,Grabher,R,AUT,170,1509.0,1547.0,1427.0,1476.0,1500.0,59,2024-11-15,22,37,1638
1653,201381,Tian Tian,Sun,R,CHN,175,1509.0,1481.0,1491.0,1480.0,1500.0,95,2009-02-07,35,60,1653
1655,200964,Anne,Chevalier,U,FRA,0,1509.0,1513.0,1500.0,1514.0,1500.0,38,1980-08-04,17,21,1655
1658,200610,Stacey,Martin,U,USA,0,1509.0,1487.0,1472.0,1486.0,1481.0,96,1993-07-26,37,59,1658
1663,201162,Linda,Geeves,U,GBR,0,1509.0,1527.0,1500.0,1358.0,1477.0,109,1982-06-01,44,65,1663
1669,200680,Nadin,Ercegovic,R,CRO,177,1509.0,1485.0,1493.0,1487.0,1479.0,79,1996-04-29,33,46,1669
1674,202331,Vilmarie,Castellvi,R,PUR,0,1508.0,1512.0,1493.0,1500.0,1500.0,43,2008-02-02,21,22,1674
1675,201459,Zi,Yan,R,CHN,171,1508.0,1476.0,1503.0,1454.0,1500.0,97,2010-02-22,35,62,1675
1683,200062,Kristina,Brandi,R,PUR,168,1508.0,1510.0,1457.0,1528.0,1458.0,273,2007-06-25,118,155,1683
1690,200919,Elvira,Weisenberger,R,ARG,0,1508.0,1502.0,1465.0,1478.0,1495.0,78,1978-04-17,31,47,1690
1691,200461,Lisa,Spain Short,R,USA,0,1508.0,1491.0,1449.0,1488.0,1499.0,66,1986-07-14,24,42,1691
1693,201997,Debbie,Stewart,U,GBR,0,1508.0,1467.0,1500.0,1492.0,1500.0,46,1982-02-15,22,24,1693
1698,201540,Kristina,Mladenovic,R,FRA,184,1508.0,1522.0,1547.0,1561.0,1526.0,468,2024-11-25,223,245,1698
1709,201365,Edina,Gallovits Hall,R,ROU,165,1508.0,1533.0,1459.0,1441.0,1500.0,136,2015-06-29,53,83,1709
1710,200842,Evelyne,Terras,U,FRA,0,1508.0,1512.0,1507.0,1446.0,1525.0,69,1977-05-16,30,39,1710
1715,200398,Iva,Budarova,U,TCH,0,1507.0,1506.0,1476.0,1498.0,1379.0,359,1990-09-10,150,209,1715
1720,200435,Barbara,Gerken,U,USA,0,1507.0,1453.0,1453.0,1416.0,1543.0,164,1989-07-24,66,98,1720
1735,200570,Veronika,Martinek,U,GER,160,1507.0,1513.0,1438.0,1435.0,1500.0,178,1998-02-16,73,105,1735
1742,203435,Dalila,Jakupovic,R,SLO,178,1507.0,1481.0,1491.0,1514.0,1500.0,66,2023-07-24,26,40,1742
1744,201013,Rina,Einy,U,GBR,0,1507.0,1500.0,1473.0,1511.0,1500.0,53,1985-08-12,23,30,1744
1748,201209,Selima,Sfar,R,TUN,166,1507.0,1521.0,1451.0,1451.0,1500.0,114,2010-04-26,45,69,1748
1750,200812,Odile,De Roubin,U,FRA,0,1507.0,1522.0,1481.0,1436.0,1505.0,199,1976-05-31,106,93,1750
1753,200799,Christiane,Spinoza,U,FRA,0,1507.0,1501.0,1490.0,1440.0,1500.0,77,1971-05-24,27,50,1753
1759,200271,Margareta,Strandberg,U,SWE,0,1506.0,1463.0,1488.0,1454.0,1521.0,74,1977-07-04,28,46,1759
1762,200756,Bunny,Bruning,U,USA,0,1506.0,1443.0,1455.0,1532.0,1490.0,133,1981-04-29,53,80,1762
1764,201391,Sanda,Mamic,U,CRO,179,1506.0,1504.0,1463.0,1487.0,1501.0,42,2009-02-07,15,27,1764
1770,200486,Csilla,Cserepy,U,SUI,0,1506.0,1531.0,1460.0,1472.0,1472.0,84,1991-08-26,34,50,1770
1771,200063,Tatiana,Panova,R,RUS,154,1506.0,1473.0,1503.0,1535.0,1487.0,337,2006-05-08,139,198,1771
1775,200074,Jane,Chi,R,USA,165,1506.0,1479.0,1500.0,1476.0,1525.0,35,2000-10-28,14,21,1775
1776,200691,Flora,Perfetti,R,ITA,159,1506.0,1463.0,1491.0,1483.0,1485.0,92,1999-07-12,33,59,1776
1789,203500,Sachia,Vickery,R,USA,162,1506.0,1460.0,1509.0,1482.0,1500.0,95,2024-09-09,38,57,1789
1805,202628,Maryna,Zanevska,R,BEL,175,1505.0,1524.0,1450.0,1442.0,1500.0,84,2023-08-28,29,55,1805
1810,212001,Natalia,Vikhlyantseva,R,RUS,185,1505.0,1476.0,1491.0,1496.0,1500.0,97,2022-07-25,39,58,1810
1814,203462,Kateryna,Baindl,R,UKR,175,1505.0,1559.0,1449.0,1440.0,1500.0,186,2024-08-26,77,109,1814
1824,201061,Eva,Martincova,U,CZE,170,1505.0,1520.0,1452.0,1479.0,1505.0,32,2002-06-17,10,22,1824
1829,201021,Laura,Garrone,R,ITA,166,1505.0,1466.0,1498.0,1513.0,1459.0,246,1997-07-28,113,133,1829
1832,206447,Ingrid,Gonzalez,U,ESA,0,1505.0,1461.0,1527.0,1500.0,1500.0,36,2001-05-19,17,19,1832
1837,201481,Tamira,Paszek,R,AUT,165,1504.0,1430.0,1475.0,1537.0,1479.0,254,2024-11-15,109,145,1837
1842,200088,Adriana,Gersi,R,CZE,166,1504.0,1559.0,1444.0,1425.0,1480.0,150,2002-08-26,56,94,1842
1852,204294,Su Jeong,Jang,R,KOR,0,1504.0,1536.0,1454.0,1500.0,1500.0,48,2024-10-28,20,28,1852
1860,200254,Michele,Gurdal,U,BEL,0,1504.0,1492.0,1434.0,1507.0,1419.0,276,1981-05-25,111,165,1860
1870,201862,Vanessa,Menga,R,BRA,173,1504.0,1511.0,1492.0,1500.0,1500.0,34,2002-01-28,15,19,1870
1873,214593,Lucrezia,Stefanini,R,ITA,0,1504.0,1461.0,1503.0,1481.0,1500.0,32,2024-10-28,12,20,1873
1883,200712,Katerina,Kroupova,U,CZE,0,1503.0,1503.0,1446.0,1491.0,1489.0,50,1996-09-10,19,31,1883
1884,202504,Ying Ying,Duan,R,CHN,186,1503.0,1466.0,1486.0,1486.0,1500.0,96,2020-01-06,39,57,1884
1892,200449,Petra,Keppeler,U,GER,0,1503.0,1517.0,1480.0,1461.0,1479.0,59,1986-09-15,25,34,1892
1926,200141,Wendy,Gilchrist,L,AUS,0,1503.0,1531.0,1448.0,1441.0,1477.0,307,1983-01-03,135,172,1926
1927,201392,Severine,Beltrame,R,FRA,171,1503.0,1421.0,1524.0,1465.0,1464.0,132,2009-09-14,47,85,1927
1944,200726,Nancy,Feber,L,BEL,160,1502.0,1487.0,1439.0,1509.0,1460.0,76,1997-06-23,27,49,1944
1952,219917,Alycia,Parks,R,USA,185,1502.0,1499.0,1488.0,1466.0,1500.0,60,2024-10-28,22,38,1952
1961,201376,Angela,Haynes,L,USA,173,1502.0,1456.0,1499.0,1496.0,1500.0,51,2009-09-21,15,36,1961
1964,201249,Rosalba,Vido,U,ITA,0,1502.0,1484.0,1519.0,1474.0,1500.0,37,1976-08-22,14,23,1964
1971,213887,Renata,Zarazua,R,MEX,0,1502.0,1471.0,1466.0,1490.0,1500.0,61,2024-11-15,22,39,1971
1986,202694,Teliana,Pereira,R,BRA,168,1502.0,1559.0,1434.0,1458.0,1500.0,99,2020-02-07,47,52,1986
1991,200466,Molly,Van Nostrand,R,USA,0,1501.0,1454.0,1466.0,1469.0,1458.0,108,1989-10-16,39,69,1991
1997,201029,Kathleen,Cummings,R,USA,165,1501.0,1491.0,1465.0,1451.0,1472.0,89,1986-03-03,38,51,1997
2034,201234,Pat,Stewart,R,USA,173,1501.0,1538.0,1489.0,1471.0,1487.0,35,1975-08-18,19,16,2034
2040,203290,Piia,Suomalainen,R,FIN,172,1501.0,1530.0,1479.0,1500.0,1500.0,34,2015-02-07,17,17,2040
2047,200399,Jennifer,Mundel,L,RSA,178,1501.0,1478.0,1436.0,1537.0,1437.0,192,1990-11-05,82,110,2047
2079,201325,Samantha,Stosur,R,AUS,172,1500.0,1680.0,1473.0,1490.0,1527.0,861,2022-05-16,493,368,2079
2087,201343,Maret,Ani,R,EST,176,1500.0,1476.0,1503.0,1466.0,1500.0,104,2011-04-16,43,61,2087
2091,201794,Monica,Alvarez,U,ESP,0,1500.0,1500.0,1500.0,1476.0,1500.0,34,1980-08-04,16,18,2091
2105,201580,Xinyun,Han,L,CHN,172,1500.0,1511.0,1469.0,1489.0,1500.0,58,2020-02-10,22,36,2105
64511,200659,Rika,Hiraki,R,JPN,157,1500.0,1430.0,1504.0,1465.0,1436.0,141,2001-04-16,48,93,64511
64515,200886,Becky,Vest,U,USA,0,1500.0,1519.0,1473.0,1453.0,1487.0,68,1973-04-09,24,44,64515
64521,200367,Nanette,Schutte,U,NED,0,1500.0,1489.0,1473.0,1509.0,1493.0,55,1987-07-06,23,32,64521
64546,200019,Alexandra,Fusai,R,FRA,176,1500.0,1547.0,1436.0,1415.0,1416.0,238,2002-06-24,90,148,64546
64567,200668,Silke,Frankl,U,GER,0,1500.0,1501.0,1444.0,1496.0,1416.0,119,1995-06-26,42,77,64567
64582,200857,Wendy,Tomlinson,U,RSA,0,1499.0,1474.0,1503.0,1462.0,1500.0,54,1970-06-22,20,34,64582
64593,200777,Marta,Marrero,R,ESP,173,1499.0,1541.0,1472.0,1436.0,1482.0,178,2007-02-19,74,104,64593
64602,200855,Erzsebet,Polgar,U,HUN,0,1499.0,1470.0,1500.0,1500.0,1500.0,63,1977-06-28,30,33,64602
64675,200493,Marianne,Van Der Torre,U,NED,0,1499.0,1483.0,1434.0,1490.0,1443.0,71,1988-02-01,28,43,64675
64682,200324,Beth,Norton,R,USA,0,1499.0,1554.0,1450.0,1479.0,1503.0,166,1986-02-10,68,98,64682
64683,200615,Kristin,Godridge,U,HKG,0,1499.0,1477.0,1436.0,1531.0,1516.0,132,2003-04-24,53,79,64683
64687,200151,Ada,Bakker,U,NED,0,1498.0,1497.0,1492.0,1457.0,1477.0,57,1972-07-25,20,37,64687
64700,201176,Jane,Forman,U,USA,0,1498.0,1467.0,1450.0,1504.0,1472.0,48,1988-08-01,19,29,64700
64723,200434,Shelley,Solomon,U,USA,0,1498.0,1494.0,1461.0,1481.0,1455.0,89,1985-05-27,40,49,64723
64727,200729,Lindsay,Lee Waters,R,USA,0,1498.0,1461.0,1479.0,1471.0,1538.0,101,2005-08-29,36,65,64727
64754,201257,Carol,Baily,U,USA,0,1498.0,1471.0,1501.0,1509.0,1431.0,57,1981-11-23,19,38,64754
64777,200250,Lindsay,Blachford,U,GBR,0,1498.0,1491.0,1478.0,1498.0,1441.0,139,1977-05-29,57,82,64777
64780,201259,Sonoe,Yonezawa,U,JPN,155,1498.0,1524.0,1454.0,1488.0,1500.0,42,1983-10-17,17,25,64780
64799,200751,Conchita,Martinez Granados,R,ESP,0,1497.0,1470.0,1540.0,1488.0,1500.0,91,2007-07-16,40,51,64799
64814,200159,Rosie,Casals,R,USA,157,1497.0,1605.0,1502.0,1660.0,1549.0,962,1991-02-11,614,348,64814
64817,201409,Michaela,Pastikova,R,CZE,176,1497.0,1470.0,1468.0,1500.0,1491.0,36,2006-05-08,11,25,64817
64819,200457,Andrea,Holikova,U,TCH,0,1497.0,1468.0,1441.0,1522.0,1489.0,94,1989-04-24,33,61,64819
64826,201668,Alexandra,Panova,R,RUS,179,1497.0,1489.0,1466.0,1487.0,1500.0,84,2017-06-05,32,52,64826
64847,200534,Melissa,Brown,R,USA,0,1497.0,1513.0,1449.0,1521.0,1479.0,46,1988-08-01,17,29,64847
64848,200625,Jana,Pospisilova,U,CZE,0,1497.0,1487.0,1498.0,1475.0,1513.0,74,1994-05-10,31,43,64848
64880,200657,Radka,Bobkova,R,CZE,172,1497.0,1492.0,1481.0,1463.0,1458.0,122,2000-11-11,48,74,64880
64911,202305,Manisha,Malhotra,R,IND,0,1496.0,1489.0,1468.0,1545.0,1500.0,31,2003-04-23,15,16,64911
64929,200562,Martina,Pawlik,U,GER,0,1496.0,1500.0,1469.0,1508.0,1486.0,31,1990-05-28,12,19,64929
64946,200745,Andrea,Glass,R,GER,168,1496.0,1495.0,1413.0,1445.0,1440.0,129,2002-06-17,38,91,64946
64951,212458,Robyn,Legge,R,NZL,0,1496.0,1416.0,1476.0,1505.0,1500.0,64,1980-02-03,24,40,64951
64970,201429,Rika,Fujiwara,R,JPN,155,1496.0,1472.0,1482.0,1493.0,1476.0,65,2011-08-01,24,41,64970
64977,200312,Frederique,Thibault,U,FRA,0,1496.0,1428.0,1477.0,1453.0,1498.0,77,1983-05-23,27,50,64977
64978,202450,Jana,Cepelova,R,SVK,168,1496.0,1511.0,1453.0,1480.0,1500.0,157,2019-10-14,59,98,64978
64999,200607,Beate,Reinstadler,U,AUT,168,1495.0,1420.0,1475.0,1482.0,1473.0,108,1996-05-27,36,72,64999
65005,200896,Nancy,Ornstein,R,USA,0,1495.0,1416.0,1423.0,1427.0,1442.0,138,1981-08-11,46,92,65005
65007,200047,Pavlina,Nola,R,NZL,0,1495.0,1529.0,1440.0,1444.0,1500.0,88,2002-01-14,29,59,65007
65009,200623,Petra,Thoren,U,FIN,0,1495.0,1476.0,1465.0,1502.0,1447.0,117,1995-05-29,44,73,65009
65044,201445,Viktoria,Kutuzova,R,UKR,170,1495.0,1516.0,1442.0,1466.0,1500.0,62,2011-05-23,21,41,65044
65046,200962,Patricia,Medrado,U,BRA,0,1495.0,1500.0,1422.0,1425.0,1394.0,382,1988-12-04,183,199,65046
65062,200084,Asa,Carlsson,R,SWE,178,1495.0,1581.0,1432.0,1452.0,1438.0,329,2004-08-02,143,186,65062
65066,201072,Eva,Bes Ostariz,R,ESP,0,1495.0,1490.0,1483.0,1494.0,1500.0,42,2002-08-05,14,28,65066
65101,201708,Natalie,Grandin,L,RSA,175,1494.0,1521.0,1412.0,1532.0,1488.0,61,2013-04-19,26,35,65101
65121,201440,Laura,Pous Tio,U,ESP,173,1494.0,1532.0,1404.0,1459.0,1500.0,103,2016-08-01,41,62,65121
65128,200646,Francesca,Romano,U,ITA,0,1494.0,1480.0,1490.0,1479.0,1488.0,47,1994-03-11,18,29,65128
65136,200567,Jennifer,Santrock,L,USA,0,1494.0,1453.0,1500.0,1448.0,1493.0,66,1993-08-01,20,46,65136
65138,200947,Susie,Mehmedbasich,R,USA,0,1494.0,1395.0,1508.0,1466.0,1444.0,95,1977-03-28,34,61,65138
65163,201411,Aiko,Nakamura,R,JPN,163,1494.0,1475.0,1458.0,1478.0,1475.0,137,2011-10-10,56,81,65163
65189,200910,Janet,Haas,R,USA,0,1494.0,1508.0,1475.0,1467.0,1504.0,74,1980-07-07,30,44,65189
65193,200336,Keryn,Pratt,U,AUS,0,1494.0,1483.0,1500.0,1486.0,1500.0,65,1982-08-02,29,36,65193
65198,211736,Ivana,Jorovic,R,SRB,174,1494.0,1458.0,1503.0,1504.0,1500.0,45,2021-10-25,18,27,65198
65202,203071,Jenny Ann,Fetch,U,AUS,0,1494.0,1480.0,1526.0,1459.0,1546.0,38,1998-04-13,19,19,65202
65205,202266,Kelly,Liggan,R,IRL,0,1494.0,1520.0,1494.0,1500.0,1477.0,39,2008-02-01,20,19,65205
65208,200485,Manon,Bollegraf,R,NED,173,1494.0,1476.0,1494.0,1512.0,1497.0,227,1995-09-25,101,126,65208
65218,201604,Irina,Falconi,R,USA,163,1493.0,1543.0,1431.0,1479.0,1500.0,114,2018-06-11,42,72,65218
65251,201479,Olga,Puchkova,R,RUS,180,1493.0,1473.0,1486.0,1452.0,1490.0,114,2014-03-31,47,67,65251
65257,200900,Barbara,Downs,R,USA,0,1493.0,1446.0,1453.0,1476.0,1423.0,110,1979-06-05,32,78,65257
65302,204434,Ysaline,Bonaventure,L,BEL,178,1493.0,1429.0,1538.0,1461.0,1500.0,88,2023-07-03,34,54,65302
65305,200923,Maria Victoria,Baldovinos Cibeira,U,ESP,0,1493.0,1505.0,1488.0,1464.0,1476.0,80,1982-07-19,31,49,65305
65310,214388,Anna,Bondar,R,HUN,0,1493.0,1570.0,1415.0,1466.0,1500.0,101,2024-10-28,43,58,65310
65311,201164,Glaucia,Langela,U,BRA,0,1493.0,1500.0,1489.0,1461.0,1500.0,55,1982-07-26,21,34,65311
65320,201468,Yaroslava,Shvedova,R,KAZ,180,1493.0,1533.0,1458.0,1582.0,1500.0,343,2021-08-30,154,189,65320
65327,200692,Marzia,Grossi,U,ITA,0,1492.0,1509.0,1458.0,1494.0,1478.0,38,1995-05-15,13,25,65327
65334,201578,Kai Chen,Chang,R,TPE,167,1492.0,1451.0,1504.0,1437.0,1500.0,107,2018-01-29,41,66,65334
65347,201435,Kateryna,Bondarenko,R,UKR,175,1492.0,1446.0,1536.0,1518.0,1521.0,349,2024-08-19,149,200,65347
65389,200071,Lenka,Nemeckova,R,CZE,170,1492.0,1516.0,1429.0,1475.0,1514.0,73,2005-02-07,27,46,65389
65396,200927,Linda,Thomas,U,USA,0,1492.0,1473.0,1488.0,1464.0,1466.0,86,1982-07-12,32,54,65396
65408,200323,Rene,Blount,U,USA,0,1492.0,1411.0,1434.0,1490.0,1430.0,129,1986-07-14,38,91,65408
65416,206408,Nadia,Podoroska,R,ARG,170,1492.0,1482.0,1494.0,1493.0,1500.0,149,2024-10-28,65,84,65416
65429,201380,Claudine,Schaul,R,LUX,169,1492.0,1574.0,1468.0,1485.0,1467.0,120,2017-04-22,57,63,65429
65454,201516,Evgeniya,Rodina,R,RUS,170,1492.0,1386.0,1495.0,1526.0,1487.0,192,2023-07-24,74,118,65454
65471,201214,Farel,Footman,R,USA,0,1491.0,1511.0,1467.0,1466.0,1497.0,32,1973-04-11,10,22,65471
65479,201402,Sesil,Karatantcheva,R,KAZ,171,1491.0,1481.0,1525.0,1504.0,1503.0,143,2018-09-10,63,80,65479
65481,200976,Stacy,Margolin,L,USA,161,1491.0,1457.0,1481.0,1473.0,1527.0,189,1985-07-23,82,107,65481
65514,204430,Antonia,Lottner,R,GER,185,1491.0,1440.0,1470.0,1505.0,1500.0,39,2020-03-02,12,27,65514
65517,200582,Maria,Strandlund Tomsvik,U,SWE,0,1491.0,1455.0,1507.0,1503.0,1429.0,138,1997-04-25,49,89,65517
65534,201438,Ekaterina,Bychkova,R,RUS,171,1491.0,1391.0,1504.0,1471.0,1508.0,101,2013-02-11,34,67,65534
65542,201406,Shikha,Uberoi,R,IND,173,1491.0,1464.0,1480.0,1500.0,1500.0,33,2008-03-03,13,20,65542
65558,201765,Brenda,Perry,U,NZL,0,1491.0,1476.0,1529.0,1505.0,1500.0,65,1987-01-25,29,36,65558
65562,200890,Sonja,Pachta,R,AUT,0,1491.0,1469.0,1494.0,1492.0,1500.0,44,1976-07-12,17,27,65562
65641,206037,Daniela,Seguel,U,CHI,171,1490.0,1487.0,1493.0,1500.0,1500.0,39,2024-01-01,18,21,65641
65673,204481,Kylie,Moulds,R,AUS,0,1490.0,1477.0,1539.0,1461.0,1492.0,36,1999-02-27,16,20,65673
65674,201666,Cagla,Buyukakcay,R,TUR,172,1490.0,1484.0,1484.0,1483.0,1500.0,118,2023-05-22,47,71,65674
65700,200050,Sandra,Kleinova,R,CZE,177,1490.0,1394.0,1453.0,1419.0,1560.0,180,2005-08-08,59,121,65700
65704,201537,Patricia,Mayr Achleitner,R,AUT,169,1490.0,1456.0,1508.0,1452.0,1500.0,143,2015-07-20,58,85,65704
65730,200119,Rita,Kuti Kis,L,HUN,176,1490.0,1541.0,1381.0,1464.0,1495.0,144,2003-08-04,68,76,65730
65958,200587,Silke,Meier,U,GER,0,1489.0,1447.0,1475.0,1439.0,1416.0,222,1997-07-14,81,141,65958
65973,201469,Melanie,South,R,GBR,175,1489.0,1487.0,1501.0,1449.0,1500.0,31,2013-06-10,10,21,65973
65988,200958,Helle,Sparre,U,DEN,0,1489.0,1479.0,1449.0,1467.0,1457.0,91,1978-12-18,32,59,65988
66020,200208,Mandy,Morgan,U,AUS,0,1489.0,1480.0,1500.0,1486.0,1500.0,57,1974-12-02,24,33,66020
66086,201132,Susan,Minford,U,IRL,0,1489.0,1498.0,1482.0,1499.0,1474.0,113,1974-06-10,50,63,66086
66089,203780,Amreeta,Ahluwalia,U,IND,0,1489.0,1479.0,1500.0,1456.0,1500.0,41,1982-07-22,17,24,66089
66201,200639,Claudine,Toleafoa,U,NZL,0,1488.0,1464.0,1475.0,1477.0,1500.0,75,1996-02-23,28,47,66201
66782,201004,Catrin,Jexell,U,SWE,0,1487.0,1498.0,1499.0,1449.0,1494.0,110,1987-07-06,47,63,66782
66786,204394,Valentini,Grammatikopoulou,U,GRE,0,1487.0,1510.0,1467.0,1489.0,1500.0,37,2023-07-24,16,21,66786
66855,200068,Lilia,Osterloh,R,USA,170,1487.0,1404.0,1505.0,1457.0,1458.0,221,2010-10-11,83,138,66855
66907,200055,Mariana,Diaz Oliva,R,ARG,172,1487.0,1521.0,1452.0,1444.0,1478.0,241,2006-10-09,99,142,66907
66975,200299,Kaye,Hallam,U,AUS,0,1487.0,1509.0,1491.0,1440.0,1477.0,56,1979-12-24,20,36,66975
66998,200282,Jenny,Dimond,U,AUS,0,1487.0,1442.0,1470.0,1522.0,1488.0,89,1980-12-01,36,53,66998
67014,200321,Elisabeth,Ekblom,U,SWE,0,1487.0,1466.0,1471.0,1488.0,1501.0,109,1987-07-06,41,68,67014
67073,212081,Helen,Asciak,U,MLT,0,1487.0,1499.0,1477.0,1500.0,1500.0,37,2001-05-17,16,21,67073
67125,200549,Penny,Barg,R,USA,0,1487.0,1458.0,1497.0,1464.0,1500.0,56,1990-04-09,20,36,67125
67154,201482,Andreja,Klepac,R,SLO,0,1487.0,1501.0,1443.0,1499.0,1489.0,61,2015-02-07,22,39,67154
67158,200980,Debbie,Freeman,R,AUS,0,1487.0,1503.0,1479.0,1478.0,1500.0,55,1983-07-03,23,32,67158
67221,200616,Pascale,Etchemendy,U,FRA,0,1486.0,1508.0,1473.0,1499.0,1429.0,54,1992-05-04,18,36,67221
67270,200737,Aleksandra,Olsza,R,POL,165,1486.0,1465.0,1490.0,1477.0,1506.0,50,1999-07-12,19,31,67270
67272,200934,Beatrix,Klein,U,HUN,0,1486.0,1485.0,1483.0,1500.0,1501.0,51,1981-09-01,20,31,67272
67405,201454,Akgul,Amanmuradova,R,UZB,190,1485.0,1456.0,1487.0,1420.0,1500.0,205,2020-03-05,85,120,67405
67414,200716,Sung Hee,Park,R,KOR,165,1485.0,1571.0,1468.0,1483.0,1490.0,117,1999-09-20,53,64,67414
67427,200581,Tamaka,Takagi,U,JPN,0,1485.0,1488.0,1486.0,1501.0,1454.0,34,1993-02-09,12,22,67427
67435,201032,Cecilia,Fernandez Parker,U,USA,0,1485.0,1479.0,1480.0,1481.0,1489.0,41,1987-04-13,17,24,67435
67461,213583,Tatjana,Maria,R,GER,172,1484.0,1489.0,1490.0,1525.0,1523.0,364,2024-10-28,140,224,67461
67464,200711,Tatiana,Ignatieva,U,BLR,173,1484.0,1526.0,1420.0,1465.0,1481.0,55,1996-04-23,18,37,67464
67470,200403,Andrea,Leand,R,USA,173,1484.0,1544.0,1485.0,1482.0,1472.0,195,1994-02-08,84,111,67470
67474,201730,Karin,Stampfli,R,SUI,0,1484.0,1512.0,1464.0,1489.0,1486.0,46,1986-07-07,20,26,67474
67499,200803,Raquel,Giscafre,U,ARG,0,1484.0,1620.0,1424.0,1422.0,1430.0,254,1980-06-02,106,148,67499
67504,200817,Judy,Congdon,U,GBR,0,1484.0,1485.0,1500.0,1423.0,1487.0,85,1978-07-17,35,50,67504
67508,201565,Katarzyna,Piter,R,POL,173,1484.0,1488.0,1478.0,1484.0,1500.0,35,2021-06-21,12,23,67508
67531,200222,Anne,Coleman,U,AUS,0,1483.0,1492.0,1493.0,1456.0,1500.0,34,1972-05-29,10,24,67531
67535,200454,Myriam,Schropp,U,GER,0,1483.0,1423.0,1491.0,1467.0,1509.0,93,1987-01-12,37,56,67535
67543,201300,Maria Emilia,Salerni,R,ARG,174,1483.0,1482.0,1441.0,1496.0,1478.0,111,2009-05-25,43,68,67543
67553,200066,Cristina,Torrens Valero,R,ESP,171,1483.0,1527.0,1427.0,1458.0,1441.0,270,2004-01-19,117,153,67553
67569,200073,Julie,Pullin,L,GBR,173,1483.0,1492.0,1513.0,1418.0,1492.0,34,2003-06-23,11,23,67569
67582,201346,Lubomira,Kurhajcova,R,SVK,180,1483.0,1497.0,1451.0,1492.0,1518.0,78,2005-10-31,31,47,67582
67599,212082,Lisa,Camenzuli,U,MLT,0,1482.0,1437.0,1527.0,1500.0,1500.0,37,2005-04-27,16,21,67599
67621,200784,Fay,Toyne,U,AUS,0,1482.0,1532.0,1488.0,1462.0,1476.0,140,1975-07-07,73,67,67621
67636,201539,Christina,Mchale,R,USA,170,1482.0,1472.0,1541.0,1421.0,1500.0,387,2022-06-27,172,215,67636
67650,202702,Tereza,Smitkova,R,CZE,176,1481.0,1457.0,1485.0,1474.0,1500.0,49,2021-07-12,16,33,67650
67663,200685,Christelle,Fauche,R,SUI,0,1481.0,1500.0,1460.0,1484.0,1488.0,32,1993-07-22,11,21,67663
67667,201015,Grace,Kim,U,USA,0,1481.0,1416.0,1469.0,1458.0,1493.0,129,1988-08-01,47,82,67667
67669,200526,Carol,Christian,U,USA,0,1481.0,1501.0,1464.0,1504.0,1489.0,31,1989-07-24,13,18,67669
67670,200895,Marilyn,Greenwood,U,GBR,0,1481.0,1406.0,1477.0,1501.0,1509.0,55,1971-09-28,17,38,67670
67694,201478,Varvara,Lepchenko,L,USA,180,1481.0,1484.0,1505.0,1415.0,1488.0,372,2024-11-25,156,216,67694
67706,200765,Katalin,Marosi,R,HUN,178,1481.0,1498.0,1421.0,1489.0,1500.0,54,2012-07-09,18,36,67706
67727,200922,Laurie,Tenney,U,USA,0,1480.0,1465.0,1551.0,1456.0,1472.0,160,1977-05-29,70,90,67727
67733,201046,Silvia,La Fratta,R,ITA,0,1480.0,1461.0,1489.0,1487.0,1498.0,46,1991-04-15,17,29,67733
67735,200280,Joy,Schwikert,U,USA,0,1480.0,1486.0,1498.0,1453.0,1508.0,58,1975-10-06,19,39,67735
67745,202480,Richel,Hogenkamp,R,NED,168,1480.0,1476.0,1476.0,1481.0,1500.0,58,2019-08-26,22,36,67745
67748,201401,Abigail,Spears,R,USA,175,1480.0,1475.0,1480.0,1448.0,1489.0,65,2012-06-11,22,43,67748
67751,200544,Celine,Cohen,U,SUI,0,1480.0,1474.0,1454.0,1500.0,1480.0,71,1991-04-29,25,46,67751
67766,200456,Masako,Yanagi,L,JPN,0,1480.0,1522.0,1417.0,1437.0,1473.0,129,1993-04-26,50,79,67766
67797,200583,Laxmi,Poruri,U,USA,0,1480.0,1500.0,1478.0,1489.0,1463.0,44,1996-11-11,14,30,67797
67805,201244,Sue,Stap,U,USA,0,1479.0,1506.0,1455.0,1481.0,1384.0,142,1979-02-26,51,91,67805
67809,201002,Barbi,Bramblett,U,USA,0,1479.0,1482.0,1472.0,1483.0,1491.0,41,1985-08-12,14,27,67809
67816,200343,Susan,Leo,R,AUS,0,1479.0,1466.0,1430.0,1462.0,1427.0,157,1987-07-13,61,96,67816
67846,211702,Nao,Hibino,R,JPN,163,1479.0,1416.0,1501.0,1413.0,1500.0,210,2024-11-13,89,121,67846
67854,201168,Micki,Schillig,U,USA,0,1479.0,1463.0,1462.0,1465.0,1488.0,57,1986-09-15,26,31,67854
67881,201191,Shirli Ann,Siddall,U,GBR,0,1479.0,1483.0,1500.0,1465.0,1486.0,37,1997-06-23,14,23,67881
67885,201333,Angelika,Roesch,R,GER,172,1478.0,1453.0,1459.0,1479.0,1513.0,37,2007-05-07,10,27,67885
67905,201460,Meng,Yuan,U,CHN,0,1478.0,1460.0,1486.0,1463.0,1500.0,55,2009-01-19,17,38,67905
67912,216630,Gwynn,Sammel,U,RSA,0,1478.0,1435.0,1473.0,1533.0,1500.0,40,1979-11-26,14,26,67912
67914,202493,Ekaterine,Gorgodze,L,GEO,0,1478.0,1491.0,1468.0,1487.0,1477.0,44,2023-04-15,17,27,67914
67917,201047,Andrea,Vieira,U,BRA,0,1478.0,1459.0,1472.0,1487.0,1500.0,90,1995-05-22,32,58,67917
67934,211552,Harmony,Tan,R,FRA,0,1478.0,1465.0,1440.0,1524.0,1500.0,41,2023-04-03,12,29,67934
67935,211901,Aliona,Bolsova,R,MDA,172,1478.0,1472.0,1479.0,1487.0,1500.0,35,2023-10-16,12,23,67935
67954,200386,Corinne,Vanier,U,FRA,0,1478.0,1411.0,1459.0,1456.0,1433.0,143,1986-09-29,47,96,67954
67956,200105,Rachel,Mcquillan,U,AUS,170,1478.0,1464.0,1470.0,1410.0,1533.0,384,2003-01-13,169,215,67956
67961,201589,Sharon,Fichman,R,CAN,163,1478.0,1501.0,1468.0,1476.0,1500.0,44,2015-09-14,16,28,67961
67975,200793,Mabel,Vrancovich,U,ARG,0,1477.0,1469.0,1500.0,1488.0,1500.0,55,1973-11-18,23,32,67975
67982,201043,Barbara,Romano,U,ITA,0,1477.0,1465.0,1483.0,1480.0,1500.0,54,1993-07-26,19,35,67982
68023,201674,Sabina,Sharipova,R,UZB,174,1477.0,1500.0,1473.0,1500.0,1500.0,46,2020-03-07,20,26,68023
68071,200550,Emmanuelle,Derly,U,FRA,0,1477.0,1433.0,1514.0,1476.0,1515.0,45,1990-09-17,16,29,68071
68115,201595,Misaki,Doi,L,JPN,159,1476.0,1429.0,1500.0,1480.0,1500.0,282,2023-09-25,106,176,68115
68152,200083,Alexandra,Stevenson,R,USA,185,1476.0,1415.0,1488.0,1500.0,1498.0,215,2011-06-06,86,129,68152
68154,201361,Julia,Schruff,R,GER,166,1476.0,1471.0,1466.0,1445.0,1488.0,132,2010-07-26,49,83,68154
68238,200273,Nerida,Gregory,U,AUS,0,1475.0,1461.0,1471.0,1447.0,1474.0,177,1984-07-09,73,104,68238
68259,200648,Marketa,Kochta,R,GER,168,1475.0,1462.0,1460.0,1467.0,1478.0,99,1997-09-22,32,67,68259
68312,200754,Jill,Craybas,R,USA,160,1475.0,1445.0,1490.0,1437.0,1446.0,424,2013-04-08,163,261,68312
68357,202443,Valeria,Savinykh,R,RUS,167,1474.0,1477.0,1477.0,1487.0,1500.0,31,2023-10-16,10,21,68357
68381,200835,Janine,Lieffrig,R,FRA,0,1474.0,1458.0,1474.0,1499.0,1521.0,44,1974-01-01,18,26,68381
68390,200695,Tina,Krizan,R,SLO,175,1474.0,1477.0,1478.0,1487.0,1489.0,83,2005-04-22,34,49,68390
68407,200484,Ann,Devries,R,BEL,0,1474.0,1453.0,1486.0,1487.0,1476.0,101,1993-05-03,40,61,68407
68438,200500,Pilar,Vasquez,U,PER,0,1473.0,1397.0,1472.0,1471.0,1459.0,245,1993-07-26,105,140,68438
68441,200713,Yuka,Yoshida,R,JPN,161,1473.0,1450.0,1483.0,1455.0,1470.0,111,2005-02-14,42,69,68441
68445,203552,Risa,Ozaki,R,JPN,163,1473.0,1477.0,1474.0,1463.0,1500.0,58,2019-09-09,19,39,68445
68452,200608,Audra,Keller,U,USA,0,1473.0,1410.0,1475.0,1490.0,1472.0,130,1995-08-28,42,88,68452
68456,200005,Jolene,Watanabe,R,USA,0,1473.0,1419.0,1468.0,1465.0,1517.0,125,2000-01-17,45,80,68456
68458,200944,Rowena,Sanders,R,RSA,0,1473.0,1494.0,1422.0,1473.0,1500.0,66,1977-12-01,23,43,68458
68461,220416,Moyuka,Uchijima,R,JPN,171,1473.0,1530.0,1441.0,1483.0,1500.0,42,2024-11-13,15,27,68461
68462,200022,Emmanuelle,Gagliardi,R,SUI,171,1473.0,1520.0,1397.0,1470.0,1441.0,318,2008-04-26,128,190,68462
68464,200056,Jelena,Kostanic Tosic,L,CRO,168,1473.0,1484.0,1510.0,1405.0,1479.0,289,2010-08-30,124,165,68464
68479,200053,Lubomira,Bacheva,R,BUL,0,1473.0,1472.0,1420.0,1450.0,1463.0,87,2004-05-24,27,60,68479
68498,213544,Jana,Fett,R,CRO,168,1472.0,1497.0,1440.0,1456.0,1500.0,65,2024-10-28,23,42,68498
68509,201034,Helena,Dahlstrom,U,SWE,0,1472.0,1448.0,1475.0,1500.0,1500.0,33,1988-08-08,14,19,68509
68520,203564,Chloe,Paquet,R,FRA,179,1472.0,1512.0,1377.0,1491.0,1500.0,57,2024-08-26,17,40,68520
68523,200285,Mimi,Wikstedt,U,SWE,163,1472.0,1384.0,1420.0,1554.0,1470.0,192,1981-11-09,77,115,68523
68544,201356,Eva,Birnerova,R,CZE,170,1471.0,1421.0,1469.0,1475.0,1500.0,93,2013-09-09,32,61,68544
68547,200412,Vicki,Nelson,R,USA,168,1471.0,1555.0,1369.0,1399.0,1476.0,223,1989-07-24,87,136,68547
68551,200797,Anne Marie,Studer,U,SUI,0,1471.0,1473.0,1488.0,1480.0,1500.0,31,1971-03-21,11,20,68551
68555,212452,Almut,Sturm,R,GER,0,1471.0,1479.0,1494.0,1500.0,1452.0,117,1981-08-31,49,68,68555
68556,211337,Tamara,Korpatsch,R,GER,170,1471.0,1473.0,1476.0,1427.0,1500.0,98,2024-10-28,36,62,68556
68558,200769,Giulia,Casoni,R,ITA,169,1471.0,1473.0,1486.0,1479.0,1489.0,36,2004-07-19,11,25,68558
68567,200093,Amelie,Cocheteux,L,FRA,0,1470.0,1439.0,1503.0,1443.0,1491.0,81,2000-09-23,28,53,68567
68568,201606,Rebecca,Marino,R,CAN,183,1470.0,1471.0,1445.0,1471.0,1500.0,128,2024-11-13,49,79,68568
68591,207956,Yanet,Nunez Mojarena,U,CUB,0,1470.0,1444.0,1524.0,1500.0,1500.0,39,2008-04-26,17,22,68591
68597,200332,Amanda,Tobin,R,AUS,168,1470.0,1445.0,1450.0,1463.0,1474.0,131,1988-01-11,51,80,68597
68599,201310,Martina,Muller,R,GER,165,1470.0,1495.0,1398.0,1472.0,1492.0,178,2008-08-18,64,114,68599
68604,200663,Nanne,Dahlman,U,FIN,163,1470.0,1369.0,1490.0,1472.0,1541.0,127,1999-04-19,48,79,68604
68610,200918,Robin,Tenney,L,USA,0,1470.0,1469.0,1500.0,1444.0,1426.0,97,1977-06-26,31,66,68610
68614,200384,Eva,Pfaff,R,GER,175,1469.0,1478.0,1436.0,1543.0,1529.0,358,1992-02-03,156,202,68614
68621,200689,Tessa,Price,U,RSA,0,1469.0,1500.0,1443.0,1466.0,1486.0,32,1995-09-25,8,24,68621
68628,201935,Monica,Simmen,U,SUI,0,1469.0,1453.0,1500.0,1459.0,1506.0,32,1981-04-20,11,21,68628
68632,200728,Melanie,Schnell,R,AUT,0,1469.0,1509.0,1469.0,1480.0,1472.0,32,2000-06-26,10,22,68632
68633,201843,Suzanna,Anggarkusuma,U,INA,0,1469.0,1466.0,1460.0,1491.0,1500.0,38,1991-07-26,14,24,68633
68636,201112,Wendy,Hall,U,GBR,0,1469.0,1473.0,1500.0,1456.0,1490.0,43,1973-08-20,17,26,68636
68638,210705,Irina,Bara,R,ROU,0,1469.0,1473.0,1438.0,1500.0,1500.0,48,2024-07-22,16,32,68638
68642,200532,Maider,Laval,U,FRA,0,1469.0,1471.0,1449.0,1500.0,1492.0,36,1991-07-08,11,25,68642
68651,201456,Olga,Savchuk,R,UKR,175,1469.0,1484.0,1436.0,1487.0,1500.0,118,2016-08-01,39,79,68651
68658,224910,Yevgenia,Izopaitis,U,URS,0,1468.0,1499.0,1500.0,1507.0,1450.0,37,1973-07-05,16,21,68658
68669,200253,Kiyoko,Nomura,U,JPN,0,1468.0,1433.0,1480.0,1474.0,1500.0,45,1981-11-09,13,32,68669
68673,200704,Maria Jose,Gaidano,U,ARG,171,1468.0,1435.0,1473.0,1505.0,1464.0,66,1999-04-05,19,47,68673
68682,201385,Yuliana,Fedak,R,UKR,166,1468.0,1499.0,1394.0,1483.0,1501.0,115,2010-09-20,41,74,68682
68686,201568,Kristina,Kucova,R,SVK,163,1468.0,1476.0,1457.0,1484.0,1500.0,112,2023-10-16,41,71,68686
68693,201621,Mona,Barthel,R,GER,185,1468.0,1467.0,1540.0,1410.0,1553.0,334,2024-07-22,153,181,68693
68710,200809,Johanne,Venturino,U,FRA,0,1468.0,1468.0,1500.0,1500.0,1500.0,43,1978-04-17,19,24,68710
68724,212772,Linda,Stewart,U,NZL,0,1467.0,1469.0,1487.0,1522.0,1500.0,35,1982-07-19,15,20,68724
68737,201897,Helena,Manset,U,USA,0,1467.0,1503.0,1494.0,1474.0,1500.0,36,1986-12-08,16,20,68737
68758,211635,Louisa,Chirico,R,USA,175,1467.0,1488.0,1443.0,1477.0,1500.0,60,2024-08-05,17,43,68758
68764,201240,Margaret,Cooper,U,USA,0,1467.0,1488.0,1485.0,1437.0,1500.0,55,1973-07-25,16,39,68764
68771,200252,Monique,Van Haver,U,BEL,0,1466.0,1490.0,1517.0,1442.0,1496.0,96,1981-03-29,40,56,68771
68772,200747,Haruka,Inoue,R,JPN,168,1466.0,1490.0,1454.0,1517.0,1488.0,41,2001-09-24,15,26,68772
68780,200666,Marion,Maruska,R,AUT,172,1466.0,1434.0,1499.0,1466.0,1463.0,85,2001-04-28,28,57,68780
68800,200441,Louise,Field,U,AUS,0,1466.0,1370.0,1429.0,1488.0,1463.0,179,1994-06-20,58,121,68800
68801,201001,Jean,Hepner,U,USA,0,1466.0,1503.0,1418.0,1490.0,1493.0,52,1985-09-23,19,33,68801
68802,200158,Carol,Sherriff,R,AUS,0,1466.0,1499.0,1478.0,1413.0,1500.0,73,1977-01-03,26,47,68802
68806,201936,Anne Mette,Sorensen,U,DEN,0,1466.0,1458.0,1431.0,1483.0,1518.0,55,1982-07-19,20,35,68806
68811,200645,Maja,Zivec Skulj,U,GER,0,1466.0,1486.0,1449.0,1487.0,1463.0,41,1996-08-05,11,30,68811
68819,202456,Alexandra,Cadantu Ignatik,R,ROU,170,1466.0,1471.0,1461.0,1455.0,1500.0,98,2022-07-25,36,62,68819
68821,200752,Raluca,Sandu,R,ROU,177,1466.0,1447.0,1491.0,1500.0,1489.0,36,2002-02-18,12,24,68821
68827,201128,Jane,Ohara,U,CAN,0,1466.0,1447.0,1483.0,1468.0,1500.0,68,1976-08-21,23,45,68827
68836,201298,Zsofia,Gubacsi,R,HUN,173,1466.0,1487.0,1424.0,1488.0,1506.0,67,2007-04-23,24,43,68836
68847,200439,Jenny,Byrne,U,AUS,0,1465.0,1372.0,1436.0,1520.0,1469.0,183,1995-01-02,62,121,68847
68850,201284,Tatiana,Poutchek,R,BLR,176,1465.0,1417.0,1459.0,1456.0,1470.0,169,2010-04-26,60,109,68850
68905,201588,Anna,Tatishvili,R,GEO,171,1465.0,1518.0,1419.0,1470.0,1500.0,148,2019-05-27,53,95,68905
68937,201098,Mimi,Wheeler,U,USA,155,1464.0,1500.0,1489.0,1474.0,1500.0,33,1976-12-13,16,17,68937
68963,201501,Olga,Govortsova,R,BLR,182,1464.0,1387.0,1494.0,1444.0,1479.0,337,2021-09-27,140,197,68963
68968,200520,Sarah,Loosemore,U,GBR,0,1464.0,1448.0,1535.0,1427.0,1471.0,62,1992-06-22,23,39,68968
68979,206102,Ankita,Raina,R,IND,163,1463.0,1504.0,1441.0,1476.0,1500.0,53,2023-10-16,21,32,68979
68980,200590,Gisele,Miro,U,BRA,0,1463.0,1467.0,1455.0,1508.0,1477.0,52,1993-10-25,18,34,68980
68989,200124,Anne,Kremer,R,LUX,165,1463.0,1544.0,1416.0,1547.0,1532.0,407,2014-02-09,193,214,68989
68991,200161,Janine,Whyte,U,AUS,0,1463.0,1478.0,1500.0,1470.0,1500.0,37,1972-12-26,13,24,68991
69008,201473,Vasilisa,Bardina,R,RUS,0,1463.0,1461.0,1522.0,1452.0,1500.0,34,2008-09-08,11,23,69008
69012,202128,Riei,Kawamata,U,JPN,0,1462.0,1500.0,1477.0,1476.0,1500.0,33,2001-03-05,14,19,69012
69015,200331,Kim,Sands,U,USA,0,1462.0,1425.0,1430.0,1441.0,1428.0,177,1987-04-06,53,124,69015
69021,202482,Barbara,Haas,R,AUT,165,1462.0,1440.0,1499.0,1500.0,1500.0,34,2021-07-12,12,22,69021
69029,216627,Wendy,Slaughter,U,GBR,0,1462.0,1447.0,1500.0,1480.0,1441.0,49,1978-07-17,17,32,69029
69040,202671,Cristina Andreea,Mitu,R,ROU,175,1462.0,1477.0,1452.0,1469.0,1500.0,39,2024-02-05,12,27,69040
69055,200413,Heather,Ludloff,R,USA,165,1461.0,1468.0,1363.0,1507.0,1436.0,164,1992-06-15,52,112,69055
69056,203816,Siobhan,Nicholson,R,GBR,0,1461.0,1469.0,1485.0,1502.0,1500.0,33,1993-05-15,13,20,69056
69057,200087,Seda,Noorlander,R,NED,166,1461.0,1440.0,1457.0,1483.0,1482.0,86,2005-02-14,28,58,69057
69058,202123,Suvimol,Duangchan,U,THA,163,1461.0,1467.0,1484.0,1500.0,1488.0,33,1999-02-26,14,19,69058
69062,202410,Sofia,Shapatava,R,GEO,170,1461.0,1484.0,1467.0,1500.0,1500.0,41,2023-04-15,17,24,69062
69063,202604,Despina,Papamichail,R,GRE,178,1461.0,1500.0,1453.0,1500.0,1500.0,39,2023-09-25,15,24,69063
69069,200476,Cammy,Macgregor,U,USA,168,1461.0,1445.0,1466.0,1443.0,1456.0,138,1993-10-05,50,88,69069
69100,200425,Sophie,Amiach,R,FRA,165,1460.0,1481.0,1455.0,1497.0,1413.0,152,1995-06-19,58,94,69100
69103,216623,Beverley,Vercoe,U,NZL,0,1460.0,1493.0,1486.0,1441.0,1500.0,58,1975-01-20,26,32,69103
69106,203080,Nadia,Johnston,R,AUS,0,1460.0,1508.0,1500.0,1471.0,1466.0,34,2003-03-03,13,21,69106
69110,201690,Nina,Bratchikova,R,RUS,178,1459.0,1425.0,1497.0,1473.0,1500.0,49,2013-07-15,14,35,69110
69111,200243,Glynis,Coles,R,GBR,173,1459.0,1450.0,1429.0,1491.0,1444.0,382,1986-06-30,164,218,69111
69117,200300,Sally,Greer,U,USA,0,1459.0,1400.0,1438.0,1510.0,1512.0,86,1978-06-05,27,59,69117
69119,201054,Katia,Piccolini,R,ITA,168,1459.0,1438.0,1475.0,1494.0,1500.0,72,1993-07-26,31,41,69119
69130,201871,Kate,Glancy,L,CAN,0,1459.0,1513.0,1442.0,1470.0,1484.0,55,1982-07-26,20,35,69130
69137,200519,Sybille,Niox Chateau,U,FRA,0,1458.0,1460.0,1459.0,1487.0,1488.0,51,1992-07-06,16,35,69137
69139,200564,Hester,Witvoet,L,NED,0,1458.0,1485.0,1431.0,1508.0,1497.0,34,1989-07-03,11,23,69139
69142,201334,Zuzana,Ondraskova,R,CZE,174,1458.0,1476.0,1434.0,1442.0,1501.0,98,2012-06-11,31,67,69142
69147,215290,Katarina,Zavatska,R,UKR,173,1458.0,1438.0,1474.0,1500.0,1500.0,41,2024-11-15,12,29,69147
69164,201042,Andrea,Tiezzi,U,ARG,0,1457.0,1445.0,1489.0,1499.0,1500.0,52,1990-11-26,22,30,69164
69167,200432,Laura,Bernstein,U,USA,0,1457.0,1447.0,1448.0,1473.0,1488.0,45,1986-10-20,18,27,69167
69194,200406,Claudia,Monteiro,U,BRA,0,1456.0,1473.0,1366.0,1511.0,1469.0,168,1987-12-07,64,104,69194
69197,201096,Rita,Bentley,U,GBR,0,1456.0,1527.0,1500.0,1418.0,1489.0,46,1981-06-01,16,30,69197
69209,200474,Louise,Allen,U,USA,0,1456.0,1437.0,1464.0,1456.0,1415.0,167,1993-11-01,67,100,69209
69217,200774,Vanessa,Webb,L,CAN,180,1456.0,1490.0,1441.0,1473.0,1488.0,33,2003-06-09,8,25,69217
69220,200471,Jamie,Golder,U,USA,0,1456.0,1466.0,1459.0,1515.0,1465.0,73,1988-04-18,28,45,69220
69226,201005,Amy,Holton,U,USA,0,1456.0,1441.0,1407.0,1490.0,1496.0,89,1987-03-30,27,62,69226
69253,200540,Amy,Schwartz,U,USA,0,1455.0,1468.0,1461.0,1500.0,1494.0,41,1993-10-25,14,27,69253
69254,201417,Marta,Domachowska,R,POL,176,1455.0,1475.0,1468.0,1467.0,1466.0,177,2013-05-20,72,105,69254
69282,201754,Leanne,Baker,L,NZL,173,1454.0,1488.0,1434.0,1550.0,1477.0,65,2007-05-21,28,37,69282
69304,200396,Kim,Steinmetz,U,USA,0,1453.0,1488.0,1408.0,1486.0,1455.0,136,1991-02-11,53,83,69304
69306,200566,Donna,Faber,U,USA,0,1453.0,1486.0,1454.0,1496.0,1465.0,165,1993-10-25,68,97,69306
69316,200535,Jo Anne,Faull,U,AUS,0,1453.0,1497.0,1424.0,1487.0,1471.0,94,1993-10-05,32,62,69316
69328,201048,Leona,Laskova,U,CZE,0,1453.0,1448.0,1500.0,1500.0,1488.0,31,1993-10-25,11,20,69328
69333,200766,Jennifer,Hopkins,R,USA,170,1452.0,1452.0,1437.0,1458.0,1502.0,108,2005-05-16,37,71,69333
69336,201261,Lisa,Doherty,U,USA,0,1452.0,1431.0,1466.0,1500.0,1482.0,41,1982-08-02,13,28,69336
69341,201305,Eleni,Daniilidou,R,GRE,182,1452.0,1430.0,1471.0,1515.0,1492.0,418,2014-06-09,201,217,69341
69360,200640,Mercedes,Paz,R,ARG,180,1451.0,1446.0,1465.0,1439.0,1447.0,347,1996-08-05,153,194,69360
69366,200234,Pam,Whytcross,U,AUS,0,1451.0,1464.0,1427.0,1461.0,1473.0,209,1984-11-12,76,133,69366
69368,200326,Naoko,Sato,U,JPN,163,1451.0,1458.0,1408.0,1441.0,1444.0,187,1986-12-29,72,115,69368
69370,201526,Julie,Coin,R,FRA,172,1451.0,1431.0,1482.0,1438.0,1488.0,48,2015-10-19,12,36,69370
69372,223572,Rosemary,Pearson,U,GBR,0,1451.0,1449.0,1500.0,1478.0,1500.0,32,1974-06-03,12,20,69372
69387,200165,Lany,Kaligis,U,INA,0,1450.0,1489.0,1461.0,1320.0,1486.0,122,1975-06-30,31,91,69387
69398,201613,Arina,Rodionova,R,AUS,168,1450.0,1470.0,1418.0,1485.0,1500.0,63,2024-09-25,17,46,69398
69403,201039,Caterina,Nozzoli,U,ITA,0,1449.0,1424.0,1503.0,1500.0,1510.0,31,1990-07-09,11,20,69403
69405,200985,Trey,Lewis,U,USA,0,1449.0,1462.0,1401.0,1478.0,1441.0,78,1985-02-25,24,54,69405
69407,200215,Susan,Alexander,R,AUS,0,1449.0,1427.0,1488.0,1471.0,1500.0,54,1972-04-09,18,36,69407
69409,200949,Silvana,Urroz,U,CHI,0,1449.0,1478.0,1475.0,1486.0,1490.0,56,1981-08-18,19,37,69409
69413,200478,Caryn,Copeland Wilson,U,USA,0,1449.0,1500.0,1494.0,1452.0,1500.0,31,1987-01-12,11,20,69413
69419,211880,Priscilla,Hon,R,AUS,171,1449.0,1506.0,1433.0,1475.0,1500.0,46,2024-10-28,12,34,69419
69427,215910,Panna,Udvardy,R,HUN,170,1448.0,1460.0,1451.0,1469.0,1500.0,38,2024-11-25,11,27,69427
69440,200342,Chris,Newton,U,NZL,181,1448.0,1431.0,1509.0,1458.0,1488.0,107,1984-07-02,47,60,69440
69464,201127,Gail,Hansen,U,USA,0,1447.0,1477.0,1485.0,1422.0,1501.0,56,1971-09-20,17,39,69464
69470,206007,Laura,Pigossi,R,BRA,164,1447.0,1484.0,1459.0,1487.0,1500.0,47,2024-11-25,18,29,69470
69487,200379,Paula,Smith,R,USA,170,1446.0,1535.0,1391.0,1387.0,1420.0,189,1988-04-04,62,127,69487
69494,201125,Elizabeth,Ernest,U,GBR,0,1446.0,1452.0,1477.0,1452.0,1453.0,67,1973-07-09,19,48,69494
69496,200479,Emiko,Okagawa,U,JPN,163,1446.0,1455.0,1433.0,1472.0,1477.0,59,1992-09-25,19,40,69496
69500,200839,Ingrid,Loeys,U,BEL,0,1446.0,1428.0,1500.0,1470.0,1523.0,41,1970-05-23,15,26,69500
69515,200686,Sandra,Dopfer,U,AUT,174,1446.0,1453.0,1425.0,1449.0,1455.0,104,1999-04-19,31,73,69515
69528,204246,Lesley,Pattinama Kerkhove,R,NED,172,1445.0,1441.0,1449.0,1480.0,1500.0,39,2023-06-12,10,29,69528
69545,200489,Yukie,Koizumi,U,JPN,0,1444.0,1489.0,1423.0,1506.0,1488.0,32,1991-01-29,10,22,69545
69562,202479,Grace,Min,R,USA,163,1443.0,1437.0,1453.0,1477.0,1500.0,45,2023-09-18,12,33,69562
69563,200811,Junko,Sawamatsu,U,JPN,0,1443.0,1434.0,1500.0,1455.0,1500.0,35,1971-09-01,8,27,69563
69573,201321,Antonella,Serra Zanetti,R,ITA,168,1443.0,1412.0,1459.0,1456.0,1500.0,144,2007-07-16,50,94,69573
69579,201598,Noppawan,Lertcheewakarn,R,THA,167,1443.0,1500.0,1446.0,1466.0,1500.0,35,2014-04-19,11,24,69579
69584,204479,Vanessa,Kendall,U,AUS,0,1442.0,1481.0,1500.0,1451.0,1505.0,32,1999-02-27,13,19,69584
69585,200521,Hellas,Ter Riet,U,NED,0,1442.0,1423.0,1491.0,1476.0,1482.0,62,1991-04-29,22,40,69585
69586,201059,Misumi,Miyauchi,U,JPN,0,1442.0,1480.0,1396.0,1499.0,1515.0,48,1999-04-12,16,32,69586
69591,200914,Daryl,Gralka,U,USA,0,1442.0,1457.0,1469.0,1454.0,1500.0,38,1974-08-18,12,26,69591
69598,200588,Renata,Baranski,U,POL,0,1442.0,1442.0,1427.0,1485.0,1498.0,64,1991-12-02,19,45,69598
69601,201151,Mary,Mclean,U,USA,0,1441.0,1433.0,1466.0,1461.0,1490.0,62,1977-05-29,19,43,69601
69606,200701,Caroline,Vis,R,NED,180,1441.0,1480.0,1424.0,1503.0,1459.0,32,1996-02-26,6,26,69606
69607,201453,Hana,Sromova,R,CZE,168,1441.0,1470.0,1432.0,1497.0,1500.0,43,2008-08-25,13,30,69607
69608,200447,Adriana,Villagran Reami,U,ARG,0,1441.0,1469.0,1335.0,1449.0,1527.0,194,1990-04-23,70,124,69608
69609,201107,Nadine,Netter,U,USA,0,1441.0,1474.0,1500.0,1440.0,1500.0,32,1971-06-07,10,22,69609
69617,202436,Reka Luca,Jani,R,HUN,161,1441.0,1418.0,1496.0,1500.0,1500.0,48,2023-07-24,18,30,69617
69621,201443,Alexa,Glatch,R,USA,183,1440.0,1458.0,1438.0,1477.0,1500.0,65,2021-08-23,18,47,69621
69622,201510,Julie,Ditty,L,USA,168,1440.0,1448.0,1470.0,1465.0,1495.0,38,2011-02-14,10,28,69622
69639,201412,Anastasia,Yakimova,R,BLR,165,1439.0,1411.0,1427.0,1461.0,1500.0,119,2012-06-25,34,85,69639
69643,201484,Sandra,Zahlavova,U,CZE,0,1439.0,1435.0,1443.0,1467.0,1500.0,50,2013-07-08,12,38,69643
69648,213033,Kay,Mcdaniel,U,USA,0,1438.0,1477.0,1458.0,1489.0,1437.0,67,1987-03-23,22,45,69648
69651,200393,Lea,Antonoplis,R,USA,165,1438.0,1458.0,1403.0,1504.0,1396.0,341,1990-04-23,150,191,69651
69654,200552,Maria,Lindstrom,U,SWE,178,1438.0,1465.0,1442.0,1465.0,1474.0,106,1992-02-17,39,67,69654
69655,208531,Kirsten Andrea,Weedon,U,GUA,0,1438.0,1441.0,1506.0,1500.0,1500.0,41,2023-04-15,19,22,69655
69658,200727,Adriana,Serra Zanetti,R,ITA,160,1438.0,1435.0,1431.0,1471.0,1522.0,185,2005-07-11,64,121,69658
69667,200369,Candy,Reynolds,R,USA,173,1437.0,1402.0,1428.0,1500.0,1537.0,256,1989-04-10,96,160,69667
69673,200057,Erika,De Lone,R,USA,0,1437.0,1444.0,1436.0,1426.0,1410.0,142,2002-04-15,42,100,69673
69675,201152,Aleida,Spex,U,USA,0,1437.0,1489.0,1478.0,1478.0,1466.0,32,1981-08-11,8,24,69675
69676,200543,Jill,Hetherington,R,CAN,170,1437.0,1494.0,1369.0,1489.0,1477.0,104,1993-07-26,37,67,69676
69680,201219,Jade,Schiffman,U,USA,0,1436.0,1439.0,1489.0,1486.0,1464.0,32,1972-08-01,9,23,69680
69719,212324,Ellen,Grindvold,U,NOR,0,1434.0,1417.0,1447.0,1491.0,1482.0,45,1983-07-17,11,34,69719
69722,200477,Susan,Rimes,U,USA,0,1434.0,1469.0,1458.0,1484.0,1492.0,33,1987-03-23,9,24,69722
69727,201138,Tam,Oshaughnessy,U,USA,0,1434.0,1444.0,1391.0,1436.0,1510.0,68,1974-06-10,16,52,69727
69729,201664,Pemra,Ozgen,R,TUR,170,1434.0,1458.0,1429.0,1500.0,1500.0,56,2022-04-18,20,36,69729
69730,201033,Kristin,Kinney,U,USA,0,1434.0,1420.0,1428.0,1479.0,1477.0,60,1987-03-30,16,44,69730
69731,201672,Nigina,Abduraimova,R,UZB,184,1434.0,1487.0,1433.0,1500.0,1500.0,50,2023-07-24,16,34,69731
69734,200647,Noelle,Van Lottum,U,FRA,170,1433.0,1432.0,1437.0,1431.0,1530.0,152,1999-02-15,56,96,69734
69735,201339,Renata,Voracova,R,CZE,0,1433.0,1470.0,1399.0,1484.0,1500.0,78,2017-06-05,24,54,69735
69736,201134,Andree,Martin,U,CAN,0,1433.0,1457.0,1487.0,1405.0,1500.0,65,1975-05-05,20,45,69736
69738,201139,Vicky,Berner,U,CAN,0,1433.0,1450.0,1426.0,1441.0,1477.0,56,1973-09-24,14,42,69738
69740,201998,Julie,Filkoff,U,USA,0,1433.0,1490.0,1477.0,1500.0,1500.0,33,1982-08-02,11,22,69740
69741,200420,Anna Maria,Fernandez,U,USA,0,1433.0,1463.0,1397.0,1456.0,1424.0,156,1988-07-11,56,100,69741
69742,201532,Anastasia,Pivovarova,R,RUS,181,1433.0,1491.0,1421.0,1483.0,1500.0,35,2016-09-19,8,27,69742
69746,201124,Ana Maria,Estalella Manso,U,ESP,0,1432.0,1444.0,1499.0,1478.0,1500.0,39,1976-03-15,11,28,69746
69759,200965,Emilse,Raponi Longo,R,USA,0,1431.0,1427.0,1459.0,1492.0,1486.0,106,1988-11-07,40,66,69759
69760,200831,Carmen,Coronado,U,ESP,0,1431.0,1482.0,1434.0,1473.0,1500.0,43,1976-03-15,12,31,69760
69774,200487,Eva,Krapl,R,SUI,180,1430.0,1439.0,1445.0,1440.0,1444.0,109,1990-09-10,39,70,69774
69777,201173,Sally,Reeves,R,GBR,0,1430.0,1497.0,1488.0,1461.0,1482.0,40,1987-06-08,13,27,69777
69782,200232,Ann,Lebedeff,U,USA,0,1429.0,1484.0,1430.0,1451.0,1500.0,45,1972-09-18,13,32,69782
69783,200909,Florence,Guedy,U,FRA,0,1429.0,1454.0,1491.0,1460.0,1488.0,94,1981-05-11,35,59,69783
69786,202097,Jean,Nachand,R,USA,0,1429.0,1490.0,1461.0,1496.0,1500.0,44,1981-08-18,15,29,69786
69788,200873,Ana Maria,Arias,U,CHI,0,1428.0,1424.0,1475.0,1397.0,1500.0,131,1976-11-19,42,89,69788
69791,201383,Marie Eve,Pelletier,R,CAN,172,1428.0,1491.0,1371.0,1500.0,1474.0,60,2012-09-10,16,44,69791
69794,201167,Ellinore,Lightbody,U,GBR,0,1427.0,1488.0,1514.0,1440.0,1487.0,41,1991-07-20,15,26,69794
69796,201140,Wendy,Appleby,U,USA,0,1427.0,1440.0,1436.0,1477.0,1478.0,62,1974-04-22,17,45,69796
69797,200538,Akemi,Nishiya,R,JPN,0,1427.0,1480.0,1427.0,1486.0,1497.0,40,1991-07-15,10,30,69797
69799,223942,Nicole,Hesse Cazaux,U,FRA,0,1427.0,1428.0,1500.0,1500.0,1490.0,32,1978-04-17,11,21,69799
69801,200269,Jill,Schwikert,U,USA,0,1427.0,1452.0,1467.0,1480.0,1467.0,42,1975-10-13,10,32,69801
69803,200523,Olga,Tsarbopoulou,U,GRE,170,1427.0,1450.0,1438.0,1500.0,1500.0,46,1990-09-10,13,33,69803
69816,200553,Carin,Bakkum,U,NED,0,1426.0,1434.0,1444.0,1476.0,1491.0,43,1994-02-08,11,32,69816
69823,201131,Patricia,Cody,U,USA,0,1425.0,1453.0,1452.0,1432.0,1500.0,72,1976-01-26,24,48,69823
69825,201377,Yuliya,Beygelzimer,R,UKR,174,1425.0,1439.0,1427.0,1479.0,1500.0,68,2015-10-12,20,48,69825
69830,200867,Kerstin,Seelbach,U,FRG,0,1424.0,1477.0,1500.0,1488.0,1438.0,47,1981-12-09,17,30,69830
69831,202467,Elitsa,Kostova,R,BUL,172,1424.0,1470.0,1415.0,1500.0,1488.0,45,2019-04-08,16,29,69831
69839,200492,Tina,Mochizuki,R,USA,0,1423.0,1417.0,1386.0,1461.0,1470.0,223,1988-11-28,86,137,69839
69842,202688,Isabella,Shinikova,R,BUL,184,1423.0,1464.0,1433.0,1500.0,1500.0,36,2023-04-15,11,25,69842
69848,201562,Silvia,Soler Espinosa,R,ESP,169,1422.0,1449.0,1369.0,1483.0,1500.0,172,2019-02-09,60,112,69848
69850,200180,Astrid,Suurbeek,U,NED,158,1422.0,1415.0,1478.0,1480.0,1491.0,54,1978-03-29,18,36,69850
69851,200875,Pamela,Austin,U,USA,0,1422.0,1445.0,1414.0,1428.0,1484.0,130,1975-03-17,39,91,69851
69853,201646,Maria Joao,Koehler,U,POR,174,1422.0,1409.0,1482.0,1482.0,1500.0,34,2018-02-10,8,26,69853
69856,210173,Ushna,Suhail,R,PAK,0,1422.0,1500.0,1422.0,1500.0,1500.0,33,2020-02-08,12,21,69856
69858,215037,Kayla,Day,L,USA,173,1421.0,1459.0,1431.0,1488.0,1500.0,31,2024-06-10,7,24,69858
69872,201693,Timea,Babos,R,HUN,179,1420.0,1419.0,1476.0,1416.0,1500.0,319,2024-07-15,134,185,69872
69873,200475,Lisa,Oneill,U,AUS,0,1420.0,1444.0,1452.0,1472.0,1500.0,38,1990-02-05,11,27,69873
69876,202051,Shelby,Torrance,U,USA,0,1419.0,1454.0,1474.0,1495.0,1500.0,33,1985-09-09,9,24,69876
69878,201078,Eugenia,Kulikovskaya,L,RUS,163,1419.0,1465.0,1431.0,1452.0,1497.0,42,2004-02-16,10,32,69878
69883,201145,Judy,Dixon,U,USA,0,1418.0,1471.0,1464.0,1423.0,1487.0,32,1973-06-25,6,26,69883
69887,201242,Susan,Vinton,U,USA,0,1418.0,1455.0,1474.0,1452.0,1481.0,42,1976-08-21,11,31,69887
69888,201477,Stephanie,Dubois,R,CAN,162,1418.0,1435.0,1433.0,1443.0,1488.0,104,2014-09-08,35,69,69888
69890,201892,Lisa,Pennington,U,GBR,0,1417.0,1491.0,1464.0,1497.0,1488.0,35,1988-11-07,13,22,69890
69892,201123,Stephanie,Grant,U,USA,173,1417.0,1502.0,1458.0,1416.0,1500.0,47,1973-09-17,16,31,69892
69893,200916,Ching Ling,Chang,U,USA,0,1417.0,1455.0,1483.0,1442.0,1479.0,55,1975-10-13,14,41,69893
69899,201040,Luciana,Corsato Owsianka,U,BRA,0,1417.0,1445.0,1465.0,1489.0,1476.0,62,1993-10-25,19,43,69899
69900,211878,Lizette,Cabrera,R,AUS,167,1416.0,1475.0,1417.0,1500.0,1500.0,31,2022-09-19,8,23,69900
69901,201141,Di,Riste,U,GBR,0,1416.0,1406.0,1500.0,1440.0,1507.0,36,1975-06-02,10,26,69901
69902,201135,Sally,Hudson Beck,U,ZIM,0,1416.0,1479.0,1482.0,1397.0,1500.0,42,1974-07-15,10,32,69902
69906,200746,Sandra,Kloesel,R,GER,173,1415.0,1409.0,1438.0,1475.0,1483.0,72,2009-07-20,17,55,69906
69909,200448,Sandy,Collins,U,USA,178,1414.0,1479.0,1419.0,1409.0,1477.0,256,1994-08-01,98,158,69909
69915,200121,Alina,Jidkova,R,RUS,168,1413.0,1429.0,1412.0,1417.0,1472.0,159,2009-07-27,47,112,69915
69920,202276,Shelley,Stephens,R,NZL,0,1413.0,1457.0,1403.0,1505.0,1466.0,55,2004-04-24,17,38,69920
69926,201226,Maricaye,Christenson,U,USA,0,1411.0,1434.0,1431.0,1427.0,1501.0,79,1976-12-13,23,56,69926
69927,201554,Vitalia,Diatchenko,R,RUS,170,1411.0,1481.0,1399.0,1464.0,1500.0,59,2022-07-25,13,46,69927
69936,201527,Stefanie,Voegele,R,SUI,170,1410.0,1433.0,1426.0,1381.0,1477.0,289,2022-04-04,105,184,69936
69937,223717,Cecilie,Fleming,U,NZL,0,1410.0,1480.0,1500.0,1381.0,1500.0,48,1972-01-17,13,35,69937
69946,212432,Kim,Cartwright,U,BAH,0,1408.0,1446.0,1439.0,1500.0,1500.0,31,1999-02-26,8,23,69946
69949,203509,Diana,Marcinkevica,R,LAT,170,1408.0,1454.0,1427.0,1500.0,1500.0,34,2023-04-14,10,24,69949
69950,200502,Andrea,Betzner,U,GER,0,1408.0,1431.0,1424.0,1475.0,1486.0,64,1989-05-01,17,47,69950
69952,201144,Clare,Colman,U,GBR,0,1406.0,1438.0,1500.0,1429.0,1487.0,36,1974-08-18,8,28,69952
69962,223997,Sandra,Okin,U,GBR,0,1404.0,1473.0,1500.0,1388.0,1477.0,44,1973-07-16,13,31,69962
69964,200510,Julie,Richardson,U,NZL,173,1404.0,1457.0,1375.0,1475.0,1442.0,111,1994-06-13,32,79,69964
69968,223538,Sannie,Gouws,U,RSA,0,1400.0,1466.0,1425.0,1443.0,1500.0,36,1974-11-18,7,29,69968
69974,205918,Ulrikke,Eikeri,R,NOR,0,1399.0,1430.0,1445.0,1500.0,1500.0,44,2023-10-16,16,28,69974
69978,200924,Penny,Moor,L,GBR,0,1398.0,1435.0,1432.0,1448.0,1427.0,167,1980-06-04,53,114,69978
69984,201396,Katie,Obrien,R,GBR,167,1394.0,1439.0,1449.0,1396.0,1479.0,50,2011-06-20,11,39,69984
69985,200794,Marianne,Kindler,U,SUI,0,1394.0,1375.0,1499.0,1500.0,1500.0,39,1976-07-05,9,30,69985
69986,203863,Beverly,Buckley,U,USA,0,1394.0,1453.0,1462.0,1459.0,1438.0,38,1978-06-05,9,29,69986
69989,200891,Daphne,Pattison,U,ZIM,0,1392.0,1418.0,1407.0,1445.0,1500.0,86,1975-11-24,21,65,69989
69991,200800,Frances,Maclennan,U,GBR,0,1391.0,1436.0,1456.0,1417.0,1463.0,77,1975-07-07,24,53,69991
69993,201571,Masa,Zec Peskiric,R,SLO,0,1390.0,1435.0,1415.0,1489.0,1477.0,46,2014-02-09,12,34,69993
69994,200038,Annabel,Ellwood,R,AUS,165,1390.0,1438.0,1386.0,1464.0,1491.0,76,2002-01-06,20,56,69994
69997,216628,Jenny,Helliar,U,GBR,0,1389.0,1431.0,1416.0,1389.0,1440.0,97,1974-08-19,24,73,69997
69998,203692,Madeleine,Pegel,U,SWE,0,1387.0,1429.0,1473.0,1448.0,1443.0,46,1975-01-20,7,39,69998
69999,223851,Lesley,Wellerman,U,GBR,0,1387.0,1398.0,1500.0,1459.0,1503.0,37,1972-08-28,9,28,69999
70007,200134,Kerry,Ballard,U,AUS,0,1382.0,1480.0,1500.0,1372.0,1500.0,31,1974-12-21,8,23,70007
70008,201542,Olivia,Rogowska,R,AUS,175,1381.0,1446.0,1383.0,1489.0,1500.0,44,2018-07-30,7,37,70008
70012,202057,Andrea,Pesak,U,AUT,0,1379.0,1373.0,1477.0,1500.0,1500.0,42,1985-07-21,12,30,70012
70019,200780,Irena,Skulj,U,YUG,0,1373.0,1374.0,1500.0,1500.0,1500.0,34,1970-09-21,6,28,70019
70022,202213,Bunny,Smith,U,USA,0,1371.0,1469.0,1452.0,1449.0,1500.0,33,1980-11-10,7,26,70022
70024,223519,Sue,Hole,U,AUS,0,1371.0,1398.0,1508.0,1407.0,1487.0,57,1974-12-16,14,43,70024
70026,201227,Roylee,Bailey,U,USA,0,1366.0,1453.0,1443.0,1436.0,1470.0,32,1978-01-23,5,27,70026
70028,201959,Ana Catarina,Nogueira,U,POR,0,1362.0,1388.0,1498.0,1500.0,1454.0,38,2008-02-02,9,29,70028
70032,200504,Julie,Salmon,U,GBR,0,1349.0,1511.0,1399.0,1366.0,1461.0,71,1993-07-26,16,55,70032
70034,200788,Carol Ann,Kalogeropoulos,U,GRE,0,1324.0,1311.0,1475.0,1485.0,1500.0,59,1973-05-07,10,49,70034
70036,223703,Sue,Imhoff,U,GBR,0,1294.0,1367.0,1500.0,1373.0,1462.0,43,1982-04-26,4,39,70036
