Rank  Name                         Rating    H. Rank H. Rating   Cl. Rank Cl. Rating   Ca. Rank Ca. Rating    G. Rank G. Rating
1. Jannik Sinner                        811.263         14. 173.99        383. 72.037          0.  0.0        148. 86.159 
2. Novak Djokovic                        665.366       1049. 30.41          2. 205.844        110. 89.308        138. 90.144 
3. Robin Soderling                        646.077        880. 39.357         13. 160.226          1. 203.55        620. 28.826 
4. Carlos Alcaraz                        583.343        279. 83.314        375. 72.725          0.  0.0          4. 188.684 
5. Alexander Zverev                        554.063       3155. -26.889        285. 82.082          0.  0.0         57. 119.575 
6. Taylor Fritz                        553.358       1413. 21.23        126. 108.144          0.  0.0        147. 86.651 
7. Roger Federer                        545.629        681. 50.291        847. 41.335        421. 33.531        149. 85.639 
8. Arthur Ashe                         538.66       4083. -70.794       3190. -30.176        425. 33.038       2363. -60.519 
9. Nick Kyrgios                        494.249          2. 200.508        269. 84.396          0.  0.0        426. 46.699 
10. Patrick Rafter                        467.629        236. 89.553       3658. -50.663        388. 38.24        409. 48.974 
11. Daniil Medvedev                        456.816        325. 78.191        813. 43.093          0.  0.0        155. 84.03 
12. Andy Roddick                        445.819         31. 152.019       4093. -85.513        456. 30.303       1050. 5.63 
13. Pete Sampras                        445.065        464. 66.069        965. 34.653        335. 45.012       2167. -42.657 
14. Juan Martin del Potro                        443.819        205. 95.84        467. 63.968        416. 34.314        673. 26.222 
15. Holger Rune                         441.97        226. 92.125       2249. -4.544          0.  0.0       1372. -4.778 
16. Jack Draper                        439.021        785. 44.568        202. 94.873          0.  0.0       1348. -3.55 
17. Raul Ramirez                        427.465        838. 41.589        273. 84.13        721. 15.057       1485. -9.688 
18. Sebastian Korda                        425.189       2185. -2.01       3090. -27.002          0.  0.0        827. 19.801 
19. Gene Mayer                        421.947         80. 127.156        337. 76.157        445. 31.119       1409. -5.889 
20. Rod Laver                        420.279        219. 92.845       3833. -61.599        536. 25.623       2536. -88.628 
21. Grigor Dimitrov                        420.128        209. 95.161       1453. 18.234       1226. -17.491        298. 60.925 
22. Stefan Edberg                          418.0       2779. -21.633        146. 104.1         30. 127.12       1433. -7.29 
23. Alex De Minaur                         414.26       4245. -89.785       1480. 17.308          0.  0.0         34. 133.692 
24. Ugo Humbert                        414.202        902. 37.952        438. 67.404          0.  0.0        335. 56.634 
25. Nicolas Escude                        410.815       2764. -21.304        276. 83.553        102. 90.701       1302. -2.072 
26. John Newcombe                        409.273       1293. 24.656        701. 48.452        596. 24.303        391. 50.589 
27. Michael Stich                        408.477       1108. 28.622        216. 92.793         27. 130.168        113. 95.141 
28. Boris Becker                        407.683        568. 57.264       3818. -60.76       1810. -57.052        186. 78.206 
29. Karen Khachanov                         403.66       1600. 14.091       2347. -7.095          0.  0.0       1133. 1.862 
30. John McEnroe                        402.408        801. 43.47       3847. -63.118        148. 75.382          1. 261.874 
31. Matteo Berrettini                        396.482         15. 172.605        837. 41.733          0.  0.0       2299. -53.101 
32. Stefanos Tsitsipas                        392.999        613. 54.042         34. 144.438          0.  0.0        689. 25.458 
33. Tommy Paul                        383.458        579. 56.633        411. 70.044          0.  0.0        100. 100.733 
34. Mario Ancic                         380.53         82. 126.597       2722. -21.014         12. 140.41         65. 116.564 
35. Alexei Popyrin                        376.201        636. 52.752       2471. -11.537          0.  0.0        800. 20.932 
36. Andre Agassi                        376.042       3783. -52.056       3006. -25.129        782. 9.605        163. 82.463 
37. Kent Carlsson                        371.776       1896. 3.493       2834. -24.181          0.  0.0          0.  0.0 
38. Hubert Hurkacz                        365.617       1476. 18.88       1047. 30.799          0.  0.0       1730. -23.267 
39. Rafael Nadal                        354.044        985. 32.933       2668. -19.295        317. 46.643        132. 91.819 
40. Jay Berger                        349.423        119. 114.527        735. 46.774       1187. -13.787       1388. -5.274 
41. Tomas Machac                        344.447       2439. -9.043        801. 44.018          0.  0.0       2449. -71.707 
42. Alex Metreveli                        343.888       1981. 1.437       1497. 16.753       1651. -40.723        988. 9.25 
43. Lorenzo Musetti                        340.328        450. 67.825        377. 72.627          0.  0.0        116. 94.494 
44. Ben Shelton                        340.082       1316. 23.897        566. 56.217          0.  0.0         87. 107.232 
45. Denis Shapovalov                        336.787       2232. -3.12       1189. 25.427          0.  0.0        349. 54.618 
46. Miloslav Mecir                        334.023        685. 50.09       2309. -6.155       1933. -80.118        508. 38.57 
47. Gael Monfils                        333.935        644. 52.345        970. 34.465       1613. -37.486        165. 82.129 
48. Haroon Rahim                        331.082        429. 69.421        953. 35.194       1330. -23.202       1656. -20.096 
49. Flavio Cobolli                        330.615        213. 93.778       1406. 19.833          0.  0.0       1468. -9.003 
50. Richard Gonzalez                         329.76       1743. 7.919       3881. -66.14        405. 35.291        161. 82.796 
51. David Nalbandian                         326.14       1444. 20.001       3409. -39.591       1840. -62.052       1075. 4.402 
52. David Goffin                        324.662        312. 80.03          8. 177.061          0.  0.0       2043. -32.723 
53. Darren Cahill                        323.812       1741. 7.927       2543. -15.065        247. 55.78       2074. -34.962 
54. Felix Auger Aliassime                        321.843       1438. 20.284        778. 44.766          0.  0.0        236. 70.838 
55. Marat Safin                        321.416       1950. 2.074       2417. -9.285        512. 27.008       2228. -47.298 
56. Tony Roche                        321.409        847. 41.122        926. 36.546          7. 179.51        270. 64.796 
57. Jordan Thompson                        319.809       3713. -48.876       2416. -9.102          0.  0.0       2117. -38.469 
58. Roberto Bautista Agut                        317.979       1021. 31.408       1113. 28.063          0.  0.0         66. 116.28 
59. Christophe Van Garsse                        312.305        878. 39.413        812. 43.241        226. 59.768       1391. -5.374 
60. Frances Tiafoe                        309.825        665. 51.272       1310. 23.262          0.  0.0        345. 55.046 
61. Arthur Fils                        301.379        676. 50.496       3248. -32.784          0.  0.0        474. 41.909 
62. Milos Raonic                        299.919       3304. -31.362       1342. 22.197          0.  0.0       1955. -27.483 
63. Thanasi Kokkinakis                        299.898        861. 40.283       1059. 30.189          0.  0.0        792. 21.484 
64. Radek Stepanek                        297.651       2226. -2.995         18. 156.83          2. 201.347       1713. -22.436 
65. Ivan Lendl                         296.41       2503. -11.6       1817. 4.401        390. 38.058       1009. 7.82 
66. Mariano Puerta                        295.759       4278. -95.549       1054. 30.395        336. 44.716        805. 20.756 
67. Jiri Lehecka                        294.232        920. 36.693        402. 70.856          0.  0.0       1370. -4.733 
68. Mardy Fish                        294.154       2289. -4.315       1624. 10.703        587. 24.744        150. 85.176 
69. Tallon Griekspoor                        293.417          6. 189.716       1616. 10.964          0.  0.0       1029. 6.447 
70. Jakob Hlasek                        293.112       2558. -13.524       1512. 16.217        382. 39.063        353. 54.256 
71. Brandon Nakashima                        288.164        348. 76.034       4182. -102.087          0.  0.0        714. 24.964 
72. Alexandr Dolgopolov                        285.743       1487. 18.508       4048. -79.397          0.  0.0         31. 136.132 
73. Jose Higueras                        285.211       1635. 12.483         16. 159.083          8. 155.681        477. 41.758 
74. Jan Lennard Struff                         285.02        729. 47.552        234. 90.373          0.  0.0        245. 68.727 
75. Sandy Mayer                        283.203        268. 85.143       2480. -11.874        728. 14.293       1453. -8.138 
76. Francisco Cerundolo                         281.65        735. 47.078       1199. 25.278          0.  0.0       2092. -36.579 
77. Kei Nishikori                        281.307        745. 46.806       1729. 7.093        581. 25.0       1754. -24.005 
78. Hyeon Chung                        278.833       3512. -41.565       3537. -45.714          0.  0.0       2018. -30.555 
79. Richard Krajicek                        276.959       4175. -80.34       1263. 24.804         72. 103.06       2407. -66.899 
80. Jim Courier                         276.89       3417. -36.043        577. 55.588        744. 12.632        166. 81.985 
81. Roy Emerson                        273.731        400. 71.902       4244. -129.333       1599. -35.49       1379. -4.912 
82. Andres Gimeno                        272.784       1935. 2.434       1878. 3.076        118. 84.717       1231. -0.528 
83. Jenson Brooksby                        272.334       1967. 1.66        517. 59.629          0.  0.0       1038. 6.029 
84. Alex Michelsen                        271.034       1003. 32.301       4175. -99.847          0.  0.0        299. 60.908 
85. Marcos Giron                         270.98        354. 75.901       2361. -7.662          0.  0.0         69. 114.007 
86. Robert Lutz                        270.584       2783. -21.908       2712. -20.763        223. 60.656        489. 41.006 
87. Giovanni Mpetshi Perricard                        268.269       1029. 31.099        670. 49.993          0.  0.0        960. 10.988 
88. Allan Stone                        267.922       2649. -17.175       3844. -62.745        354. 42.246        544. 35.324 
89. Teimuraz Kakulia                        266.999       1763. 7.007        238. 89.575       1049. -3.892        541. 35.7 
90. Tomas Berdych                        264.911       4007. -65.109        403. 70.697        692. 17.556       1309. -2.297 
91. Bjorn Borg                        264.718         85. 124.583       1987. 0.47       1776. -51.141          9. 174.667 
92. Buster C Mottram                        264.511       3596. -45.421        183. 97.768        888. 2.453        252. 66.736 
93. Balazs Taroczy                         262.49       3418. -36.077        395. 71.213       2016. -129.521        513. 38.21 
94. Jakub Mensik                        261.668        211. 94.653        217. 92.6          0.  0.0        224. 71.87 
95. Ken Rosewall                         261.56        132. 111.797       3053. -26.288       1190. -14.134       1258. -1.123 
96. Takao Suzuki                        259.479          9. 183.735       1621. 10.726        546. 25.281        617. 28.994 
97. Sjeng Schalken                        257.232       1277. 24.957        535. 58.248        711. 15.759        244. 69.279 
98. Jan Leschly                        257.151        687. 50.071       2287. -5.487          0.  0.0        625. 28.468 
99. David Ferrer                        256.894       1369. 22.593        554. 56.812         61. 110.845       2325. -55.994 
100. Fabrice Santoro                        256.891        105. 119.105       2137. -2.158        101. 90.781        900. 14.941 
101. Yannick Hanfmann                        256.755       2315. -5.076       1996. 0.307          0.  0.0        248. 68.125 
102. Jerzy Janowicz                         256.29       1787. 6.346       2511. -13.308        549. 25.148        153. 84.665 
103. John Lloyd                        256.009        176. 101.74       1405. 19.855       1353. -23.837       2055. -33.955 
104. Casper Ruud                        255.172       1333. 23.418       1977. 0.743          0.  0.0       1709. -22.386 
105. Joachim Johansson                         253.97       3479. -39.759       1485. 17.163       1915. -75.573        354. 54.067 
106. Marty Riessen                        250.437        509. 62.272       3543. -46.188        368. 40.691       2064. -34.415 
107. Nikolay Davydenko                        250.391         64. 134.806       1718. 7.358        337. 44.515       2292. -51.934 
108. Hamad Medjedovic                        248.866         51. 142.52        124. 108.686          0.  0.0       2135. -39.982 
109. Eddie Dibbs                        247.489       1563. 15.449       1067. 29.89       1148. -9.802       2309. -53.821 
110. Juan Carlos Ferrero                        244.474        680. 50.314       4192. -104.393        386. 38.396         56. 120.249 
111. Mikael Tillstrom                        244.128        616. 53.787        222. 91.707        351. 42.42       1552. -13.78 
112. Konstantin Pugayev                        243.874          0.  0.0       3347. -36.471         15. 137.618       1708. -22.381 
113. Jose Acasuso                        243.608       3868. -56.742       1546. 14.254        290. 49.891       2129. -39.088 
114. Brian Gottfried                        241.604        305. 80.976       1594. 11.887       2000. -108.927       1385. -5.227 
115. Andrey Rublev                        241.083       3559. -43.747       1163. 26.337          0.  0.0       1601. -17.378 
116. Corrado Barazzutti                        239.006       1351. 23.037        325. 77.513        389. 38.203       1613. -17.928 
117. Matteo Arnaldi                        238.906         84. 125.03        194. 95.841          0.  0.0       2030. -31.711 
118. Zizou Bergs                        238.528          5. 190.996       1891. 2.767          0.  0.0        202. 74.922 
119. Jurgen Melzer                        238.028        383. 73.406        821. 42.416       1847. -63.983       1547. -13.484 
120. Karol Kucera                        237.572       1388. 21.898       3271. -33.513        446. 31.081        809. 20.602 
121. Michael Llodra                        237.445       2036.  0.4       4073. -83.187        870. 3.143       2223. -46.947 
122. Julien Benneteau                        233.644       1829. 5.074       1265. 24.749         33. 125.74       1954. -27.408 
123. Pablo Carreno Busta                        233.638         78. 128.293       4108. -86.824          0.  0.0       1418. -6.392 
124. Borna Gojo                        233.183       2025. 0.529       2637. -18.352          0.  0.0       1978. -28.872 
125. Yoshihito Nishioka                        231.612        918. 36.775         15. 159.49          0.  0.0       2082. -35.337 
126. Aleksandar Vukic                        230.713         94. 121.986       1701. 7.871          0.  0.0        751. 23.363 
127. Cameron Norrie                        229.875       1480. 18.733       2219. -3.934          0.  0.0       1019. 6.909 
128. Mark Philippoussis                        228.606       3255. -29.545         63. 127.885       1991. -102.661        818. 20.213 
129. Amos Mansdorf                        227.858         44. 145.168       3457. -42.005        212. 62.586       1625. -18.378 
130. Alex Molcan                        226.844        886. 39.018       1418. 19.452          0.  0.0        484. 41.343 
131. Pieter Aldrich                        225.621       3320. -32.073       2930. -25.0       1472. -25.613         62. 117.957 
132. Mikael Ymer                        223.773       3967. -62.977       2183. -3.223          0.  0.0       1739. -23.643 
133. Emil Ruusuvuori                        223.673         36. 149.988       2374. -7.989       1032. -3.463       1108. 2.94 
134. Jeremy Chardy                        223.627       1059. 30.181       1857. 3.52          0.  0.0        975. 9.882 
135. Javier Frana                        221.081       4270. -94.124       2488. -12.251        758. 11.025       1361. -4.148 
136. Peter Mcnamara                        220.815        850. 40.961       1643. 9.852        626. 22.918        208. 74.332 
137. Diego Nargiso                        219.979         33. 150.913       2469. -11.453         40. 120.813       1503. -11.211 
138. Cliff Richey                        219.701        277. 83.851       1679. 8.848        877. 2.985        220. 72.396 
139. Roman Safiullin                        218.556        107. 118.808        499. 61.064          0.  0.0       1750. -23.893 
140. Yahiya Doumbia                        218.542        617. 53.693       1780. 5.354        119. 83.976       1543. -13.257 
141. Tim Henman                        218.274       1076. 29.724       3506. -44.623       1575. -33.058       1546. -13.439 
142. Dominik Koepfer                        216.948        331. 77.574        186. 97.492          0.  0.0       1481. -9.391 
143. Jason Stoltenberg                        216.739       4349. -114.421       3094. -27.06         45. 117.253       1553. -13.797 
144. Nicolas Mahut                        215.783        452. 67.74         76. 122.582        601. 24.107        602. 30.272 
145. Ben Testerman                         215.01       1366. 22.66       2018. -0.081        443. 31.462        104. 99.284 
146. Cliff Drysdale                        214.987       1568. 15.315        831. 41.896       1911. -74.896        375. 51.838 
147. Michael Mmoh                        214.699       2587. -14.776        406. 70.369          0.  0.0       1609. -17.753 
148. Daniel Nestor                        213.747       4003. -64.782       2489. -12.271        503. 27.467       1112. 2.779 
149. Nicolas Almagro                        213.711        812. 42.624       2723. -21.028       1347. -23.767       1518. -11.597 
150. Jiri Novak                        213.523         20. 164.184       3037. -25.928       1875. -68.132        851. 18.01 
151. Ivan Ljubicic                        213.258        284. 82.781       3030. -25.695       1287. -20.971        297. 60.958 
152. Marcelo Arevalo                        212.841       1052. 30.378       3014. -25.28          0.  0.0          0.  0.0 
153. Joao Fonseca                        212.579        443. 68.318        432. 67.722          0.  0.0       1143. 1.717 
154. Tim Mayotte                        212.403       2790. -22.114       3773. -58.476        377. 39.521       1595. -17.252 
155. Magnus Gustafsson                         212.06        117. 114.598       1753. 6.369        418. 34.242        218. 72.966 
156. Jean Julien Rojer                        211.864       1773. 6.684        114. 111.732          0.  0.0          0.  0.0 
157. Magnus Larsson                        211.822       1119. 28.427       2253. -4.62        765. 10.64         67. 115.34 
158. Ramesh Krishnan                        211.819        106. 119.039       3569. -47.143        885. 2.505       1120. 2.309 
159. Vitas Gerulaitis                        210.663       2539. -12.822        313. 79.013        937. 0.156          8. 174.975 
160. Worapol Thongkamcho                        209.869       1173. 26.829        754. 45.861          0.  0.0          0.  0.0 
161. Nicolas Kiefer                         209.73       1291. 24.698       1880. 3.019        464. 29.49       1584. -16.225 
162. Heinz Gunthardt                        208.889       1833. 5.021       4233. -120.825        156. 74.457       1343. -3.3 
163. Hicham Arazi                         206.71       1872. 3.941       3945. -70.603        360. 41.593       1014. 7.395 
164. Franco Squillari                        205.332       2810. -22.738       3882. -66.167        840. 5.436        447. 44.791 
165. Fernando Gonzalez                        205.046       2119. -0.971       1009. 32.498        111. 88.157        587. 31.113 
166. Fred Stolle                        204.994       1914. 3.17       3719. -54.112       1294. -21.198        722. 24.684 
167. Thomas Johansson                        202.444         67. 134.106        602. 53.735        874. 2.993        393. 50.286 
168. Flavio Saretta                         202.33        171. 102.171       3768. -58.126        849. 4.965        811. 20.534 
169. Juan Monaco                        201.465       3784. -52.092       1098. 28.695        412. 34.478        442. 45.302 
170. Cedric Pioline                        201.289        957. 34.199       1133. 27.112        164. 71.838        487. 41.175 
171. Arthur Rinderknech                        200.663       1665. 11.196       1370. 21.224          0.  0.0       2473. -77.125 
172. Taylor Dent                        200.639         48. 144.105       3237. -32.541       1079. -5.406       2333. -56.735 
173. Mats Wilander                         200.58       3663. -47.517       1057. 30.33       2007. -114.382       1480. -9.388 
174. Andres Gomez                        199.219       2695. -18.583        350. 75.306         16. 136.828       1705. -22.187 
175. Todd Martin                        199.071        906. 37.682        995. 33.263        221. 61.12       2466. -75.618 
176. Alejandro Davidovich Fokina                        198.139       2450. -9.437        736. 46.766          0.  0.0       1586. -16.33 
177. Ulrich Pinner                        197.323        198. 96.934       2691. -20.008       1547. -30.091         84. 108.694 
178. Marcelo Rios                        196.882       1601. 14.083        866. 40.139       1667. -42.382        796. 21.228 
179. Brian Teacher                         196.46        609. 54.412        193. 96.075        398. 36.585         37. 131.613 
180. Roberto Carballes Baena                         196.34        335. 77.224       1754. 6.351          0.  0.0       2268. -50.361 
181. Tom Leonard                        196.187       1801. 5.848       3236. -32.513        318. 46.613       2103. -37.789 
182. Yannick Noah                        196.111       1461. 19.445        908. 37.695        451. 30.674       1578. -15.856 
183. Jose Luis Clerc                        195.915        744. 46.821        103. 115.1        815. 6.519        821. 19.928 
184. Leander Paes                        195.194       1791. 6.179         88. 119.194        281. 50.562       1723. -22.919 
185. Ryan Sweeting                         193.59       3316. -31.87        977. 34.074          0.  0.0        363. 52.934 
186. Felix Barrientos                        193.407        655. 51.895        414. 69.779        274. 51.426       1569. -15.335 
187. Gabriel Markus                        193.152       2727. -19.973       1976. 0.786         92. 95.121        242. 69.726 
188. Fernando Meligeni                        192.756        451. 67.744        949. 35.305         19. 134.735        911. 14.011 
189. Yevgeny Kafelnikov                        192.717       2647. -16.938         67. 125.392        423. 33.379        117. 94.394 
190. Mauricio Hadad                        192.248        635. 52.757       1127. 27.475       1644. -40.012        119. 93.991 
191. Richey Reneberg                        192.112       3696. -48.356         92. 117.52        143. 75.901       2343. -57.884 
192. Tomas Martin Etcheverry                        191.184        470. 65.614       3131. -28.052          0.  0.0       1450. -7.995 
193. Ricardas Berankis                        190.781       1141. 27.715       1340. 22.241       1228. -17.651       2186. -44.182 
194. Alejandro Tabilo                        190.734        491. 63.957       2999. -25.032          0.  0.0        255. 66.297 
195. Peter Wessels                        190.657       1464. 19.34       3576. -47.448        608. 23.717         40. 131.18 
196. Wayne Arthurs                        190.647        203. 96.424       1536. 14.908        117. 86.079       1541. -13.205 
197. Gilles Simon                        190.583        135. 111.233       1196. 25.344        260. 52.976        326. 58.288 
198. Younes El Aynaoui                         189.78        162. 104.123       2565. -15.797        967. -1.213        322. 58.649 
199. Alejandro Olmedo                         188.24       1536. 16.385       3346. -36.465        165. 71.619       1389. -5.304 
200. Dominique Bedel                        188.148       2909. -24.86       1488. 17.03         57. 113.552       1533. -12.701 
201. Edouard Roger Vasselin                        188.028       4205. -84.006        420. 69.44       2026. -165.271       2460. -74.21 
202. Wayne Black                         187.11       1320. 23.8       1955. 1.377       1646. -40.406       1027. 6.667 
203. Marton Fucsovics                        186.558       3810. -53.332        268. 84.671        832. 5.697       1990. -29.183 
204. Ramon Delgado                        185.512       3750. -50.37       1096. 28.787        627. 22.89       2335. -57.159 
205. Butch Walts                        185.492       3513. -41.598       2221. -3.949        349. 43.059       1521. -11.778 
206. Jan Hernych                        183.156       4208. -84.575       3122. -27.773        170. 71.155        661. 26.686 
207. Shlomo Glickstein                        182.556       2659. -17.38         31. 145.981       1843. -62.511        404. 49.602 
208. Albert Costa                        181.783       2268. -3.779       1197. 25.322       2013. -126.464       2021. -30.75 
209. Jan Siemerink                        181.009        292. 82.037       2744. -21.58        409. 34.745       1945. -27.029 
210. Greg Holmes                        180.216        489. 64.089       3584. -47.591        814. 6.632        917. 13.404 
211. Marin Cilic                        179.385       3492. -40.218       4082. -84.238        295. 49.097        233. 71.306 
212. Michael Tauson                        179.193       1063. 30.033        570. 55.935       1959. -90.273       1863. -25.0 
213. Miomir Kecmanovic                        178.105       1837. 4.822       3990. -74.297          0.  0.0        488. 41.01 
214. Wayne Ferreira                        178.024       4102. -73.083       3731. -54.831       1153. -10.45        420. 47.231 
215. Martin Mulligan                        177.899        780. 44.746        369. 73.441        881. 2.708       2284. -51.321 
216. Eliot Teltscher                         177.12       2428. -8.557        492. 62.034       1093. -6.072        269. 64.8 
217. Ulf Stenlund                        176.473       2813. -22.787       1974. 0.851         86. 98.25       2337. -57.402 
218. Danie Visser                        176.131       1166. 26.948       3902. -67.375       1207. -15.729       1439. -7.506 
219. Young Dae Jeon                        175.806       2116. -0.875        819. 42.669        817. 6.342          0.  0.0 
220. Quentin Halys                        175.766       1655. 11.599        966. 34.637          0.  0.0        179. 78.974 
221. Filip Dewulf                        175.565       3144. -26.681       2336. -6.892        933. 0.261       1410. -5.9 
222. Cristian Garin                         175.53       1923. 2.801       2126. -1.885          0.  0.0       2271. -50.43 
223. Botic Van De Zandschulp                        175.266        562. 57.738       3238. -32.577          0.  0.0       2170. -42.948 
224. Malivai Washington                        174.968       4304. -101.73       1539. 14.782       1819. -58.754       2430. -69.437 
225. Frederico Gil                        174.932       1876. 3.841       1309. 23.287       1663. -41.748       1766. -24.557 
226. Tom Gullikson                        173.394       4317. -103.699        960. 34.977       1230. -17.706        971. 10.175 
227. Bu Yunchaokete                         173.14         54. 140.017       2775. -22.353          0.  0.0          0.  0.0 
228. Doug Flach                        172.788       1491. 18.192       3870. -65.184        393. 36.864        108. 97.778 
229. Christopher Oconnell                        171.893        834. 41.719       2750. -21.727          0.  0.0       1147. 1.427 
230. Benjamin Bonzi                        171.889         61. 137.208       4222. -114.7          0.  0.0       1744. -23.789 
231. Barry Moir                        170.632        941. 35.359       1689. 8.428       1595. -35.276        724. 24.587 
232. Olivier Delaitre                        170.099       4192. -82.012       1390. 20.297        696. 17.181         36. 131.992 
233. Chris Woodruff                        169.967       3983. -63.864       3195. -30.459       1073. -5.053       1618. -18.13 
234. Vladimir Korotkov                        169.813       2713. -19.485       2639. -18.449          0.  0.0       1582. -16.176 
235. Jimmy Connors                        169.263       3121. -26.325       1517. 15.68       1522. -28.32       1247. -0.92 
236. Jimmy Arias                         169.01       1387. 21.939       1166. 26.217       1352. -23.826       1639. -19.039 
237. Thiago Seyboth Wild                        168.449        136. 110.93       4265. -146.541          0.  0.0         15. 161.358 
238. Alvaro Jordan                        168.024       1937. 2.376       2450. -10.864          0.  0.0          0.  0.0 
239. Reilly Opelka                        168.001        170. 102.463       3671. -51.144          0.  0.0        273. 64.436 
240. Raemon Sluiter                        165.943       4382. -135.567       1884. 2.991        954. -0.266        206. 74.366 
241. Eric Jelen                        165.741       2470. -10.359       2629. -18.218       2024. -155.845        967. 10.368 
242. Kevin Curren                        164.267       1331. 23.429        681. 49.362       1544. -29.984       1354. -3.823 
243. Vincent Van Patten                        164.243        848. 41.051        503. 60.684       1833. -59.972       1490. -10.121 
244. Nicolas Coutelot                        163.956       3655. -47.16       1498. 16.694          0.  0.0       2401. -65.4 
245. Timofey Skatov                        163.951       3329. -32.309        307. 79.604          0.  0.0          0.  0.0 
246. Wayne Odesnik                        163.942       4233. -88.176       3278. -33.727          0.  0.0        586. 31.172 
247. Marcos Hocevar                        163.478        182. 100.879        915. 37.433       1607. -36.882       1965. -27.976 
248. Dave Randall                        163.442       3568. -44.193          0.  0.0        798. 8.336       1326. -2.705 
249. Petr Korda                         163.31        147. 108.336       3427. -40.557        927. 0.496       1532. -12.598 
250. Kim Warwick                        163.218       2259. -3.649        845. 41.511       1194. -14.9       2305. -53.321 
251. Horacio Zeballos                        162.838       1330. 23.455       1120. 27.671          0.  0.0       2350. -58.649 
252. Harald Elschenbroich                        162.582        492. 63.822       2539. -14.916       1492. -26.754        634. 28.041 
253. Kamil Majchrzak                        161.971       1321. 23.738       3100. -27.224          0.  0.0        790. 21.571 
254. Dominic Stricker                         161.84         34. 150.783       4278. -187.249          0.  0.0       2122. -38.92 
255. Stan Wawrinka                        161.825       1617. 13.312        490. 62.269        361. 41.53       1530. -12.443 
256. Marcos Baghdatis                        161.718        140. 109.713       2788. -22.775        284. 50.24        551. 34.505 
257. Alexander Volkov                        160.301       2819. -22.876       4166. -97.685       1167. -12.066       1508. -11.304 
258. Chuck Adams                        160.014        365. 75.375       2682. -19.927        129. 80.527       1402. -5.666 
259. Karsten Braasch                        159.669        145. 108.643        404. 70.519        900. 2.085        755. 23.207 
260. Jared Palmer                        159.419        408. 70.879       1833. 3.977       1099. -6.266        118. 94.391 
261. Jaime Fillol                         158.95       3926. -60.396         42. 140.147         31. 126.37       1986. -29.056 
262. Eduardo Bengoechea                        158.909        536. 59.651       1173. 26.041       1750. -49.104         27. 138.63 
263. Claudio Pistolesi                        158.649       2437. -8.967        347. 75.338       1800. -55.477       2099. -37.335 
264. Vasek Pospisil                        158.411       2005. 0.859       3239. -32.584       1450. -25.0        124. 92.787 
265. Andrei Medvedev                        158.334       1807. 5.618        439. 67.071        988. -1.861       2136. -39.999 
266. Roscoe Tanner                        158.276        525. 60.826       1660. 9.25       1882. -69.369        194. 76.141 
267. Vadim Borisov                        158.193       1970. 1.599        246. 88.553        734. 13.673       1094. 3.451 
268. Brian Fairlie                        157.974        794. 44.018        391. 71.418         11. 143.254       1232. -0.573 
269. Greg Rusedski                         157.49       3199. -27.961       1456. 18.137        363. 41.172       1644. -19.393 
270. Marko Tkalec                        157.343       4091. -72.158       3373. -37.983       1695. -45.437        706. 25.0 
271. Jeff Borowiak                        156.276       4025. -66.5       3211. -31.385        127. 80.81        879. 16.444 
272. Hank Pfister                        155.403       4391. -147.542       1323. 22.958       1110. -6.903         18. 154.68 
273. George Hardie                        155.057       2507. -11.689       3904. -67.741        722. 14.993        876. 16.545 
274. Derrick Rostagno                        154.984       2616. -15.727       3755. -57.149        243. 56.988       2452. -72.358 
275. Irakli Labadze                        154.646       2861. -23.749       1169. 26.091        720. 15.203        383. 51.516 
276. Rolf Norberg                        154.553        643. 52.381       3911. -68.192        469. 29.335        528. 36.901 
277. Rinky Hijikata                        152.719       3952. -62.141        963. 34.79          0.  0.0        924. 12.951 
278. Nuno Borges                        151.829       3706. -48.703       2213. -3.793          0.  0.0        425. 46.732 
279. Lleyton Hewitt                        151.444       3291. -30.866       3976. -73.315        329. 45.622         77. 109.944 
280. Patrik Kuhnen                        151.152       1168. 26.915         37. 142.014       1288. -21.047        663. 26.641 
281. Fabian Marozsan                        150.749       4077. -70.472       3311. -35.185          0.  0.0       1001. 8.589 
282. Sandon Stolle                        150.576        192. 97.872       1913. 2.215       1724. -47.604       2142. -40.446 
283. Robert Vant Hof                        150.553         71. 132.797       4157. -95.785        160. 72.573        548. 34.685 
284. Peter Szoke                        150.046         56. 138.041        788. 44.472       1747. -48.54       2306. -53.338 
285. Guillermo Perez Roldan                        149.945        976. 33.298       4078. -83.865       1041. -3.589          0.  0.0 
286. Febi Widhiyanto                        149.781       1044. 30.617          0.  0.0          0.  0.0          0.  0.0 
287. Nikola Pilic                        148.969       4085. -71.795       3616. -48.364       1820. -58.935       1115. 2.524 
288. Gabriel Diallo                        148.569       1378. 22.218       1332. 22.483          0.  0.0       2597. -112.448 
289. James Blake                         148.46       3332. -32.378       2640. -18.449        477. 28.724         38. 131.376 
290. Yibing Wu                        148.202        840. 41.355       1772. 5.706          0.  0.0        146. 87.343 
291. Zsombor Piros                        148.058       1111. 28.562       2536. -14.843          0.  0.0          0.  0.0 
292. Thiago Monteiro                        147.875        602. 55.007       1389. 20.315          0.  0.0       2003. -29.713 
293. Paul Haarhuis                        147.702        958. 34.14       2160. -2.532       1643. -39.717        287. 62.202 
294. Max Purcell                        147.267        955. 34.325       2173. -2.987          0.  0.0       1667. -20.539 
295. Fritz Buehning                        147.121       4031. -66.836       3925. -68.924       1752. -49.308        289. 61.937 
296. Manuel Orantes                        147.071        317. 79.394        921. 36.921        625. 22.962       2088. -35.726 
297. Christian Bergstrom                        146.862       1533. 16.581       2582. -16.357        819. 6.303       1743. -23.765 
298. Paolo Bertolucci                        146.703       2745. -20.547       3786. -58.86       1849. -64.392       1587. -16.448 
299. Eduardo Schwank                        146.597       1788. 6.28       1504. 16.458          0.  0.0       1401. -5.643 
300. Tsuyoshi Fukui                         146.45       4094. -72.236       3581. -47.513        866. 3.25          0.  0.0 
301. Jared Donaldson                        146.101       2136. -1.404       1902. 2.399          0.  0.0       1177. 0.685 
302. Bruce Manson                        145.956        583. 56.469        595. 54.382       1283. -20.807       1005. 8.009 
303. Mohammad Ghareeb                        145.655       3830. -54.428       1867. 3.276          0.  0.0          0.  0.0 
304. Brett Steven                        145.294         74. 131.328        475. 63.165        262. 52.452        947. 11.584 
305. Simon Greul                        144.117       3187. -27.641        113. 111.824       1274. -20.434       2279. -51.021 
306. Antony Dupuis                        143.906       1699. 9.397       2069. -0.968       1831. -59.928         14. 162.486 
307. Alex Bolt                        143.713        314. 79.896          0.  0.0          0.  0.0       2025. -31.003 
308. Arthur Cazaux                        143.605         17. 165.744       1174. 26.036          0.  0.0         72. 112.532 
309. Corentin Moutet                        143.174       3624. -46.338        538. 57.898          0.  0.0        760. 23.064 
310. Simone Bolelli                        143.156        857. 40.619       2129. -1.943        899. 2.128        440. 45.602 
311. Luis Horna                        142.818       1933. 2.483       2643. -18.464        472. 29.025         71. 112.849 
312. Victor Pecci                        142.267       3387. -34.885       1152. 26.558       1250. -19.131       1920. -26.421 
313. John Andrews                        142.194       3550. -43.294       2255. -4.625       1796. -55.325        226. 71.843 
314. Kjell Johansson                        142.189       1648. 11.934        961. 34.889        202. 63.622        140. 89.561 
315. Paul Mcnamee                        142.156        823. 42.164       1459. 18.068       1012. -2.899       2451. -72.292 
316. Jan Frode Andersen                        141.976       3334. -32.402        352. 74.928       1329. -23.187          0.  0.0 
317. Hendrik Dreekmann                        141.758       3295. -31.058       2849. -24.586        391. 37.941        904. 14.594 
318. Eric Fromm                        140.728        874. 39.583       4061. -81.144        834. 5.627       1124. 2.167 
319. Paul Gerken                         140.67       3636. -46.641       1818. 4.368         78. 102.24       1263. -1.205 
320. Henrik Holm                        140.638       2202. -2.327       1813. 4.539       1128. -8.106       2251. -48.849 
321. Patrice Dominguez                        140.099        459. 66.717       3460. -42.188        890. 2.377        398. 50.021 
322. Darian King                        139.247       3401. -35.43       2765. -22.16          0.  0.0          0.  0.0 
323. Lorenzo Sonego                        139.179        795. 43.991       1596. 11.748          0.  0.0       1237. -0.701 
324. Slava Dosedel                        138.495        471. 65.589       2812. -23.522       1792. -54.148        546. 34.951 
325. Amer Delic                        138.461       2781. -21.705       3796. -59.628          0.  0.0        985. 9.38 
326. Davide Sanguinetti                        137.375        826. 42.067       1017. 32.144       1225. -17.462        400. 49.995 
327. Tore Meinecke                        136.683       1633. 12.543        616. 53.023          0.  0.0       1680. -21.177 
328. Jarkko Nieminen                        136.246       1174. 26.82       1625. 10.688        267. 51.966       1717. -22.726 
329. Eric Korita                        136.233        393. 72.47       4059. -80.709       1221. -17.107         29. 138.165 
330. Hans Jurgen Pohmann                        135.381       1556. 15.646        751. 46.223         43. 118.241       1661. -20.188 
331. Mark Dickson                        135.242        619. 53.616        396. 71.196        478. 28.692        228. 71.745 
332. Orest Tereshchuk                        135.237        374. 74.692       2127. -1.895        179. 68.823          0.  0.0 
333. Colin Dibley                        135.107        661. 51.527       1889. 2.793       1890. -70.416       2576. -100.134 
334. Jens Woehrmann                        135.045         98. 120.332       3358. -37.22       1206. -15.66        123. 92.834 
335. Vladimir Voltchkov                        134.865       1515. 17.149        832. 41.886        878. 2.815       1216. -0.172 
336. Rolf Gehring                         134.81       1579. 14.914        365. 73.677       1992. -103.299       2076. -35.04 
337. Mike Cahill                        134.728       4004. -64.794       3451. -41.564        366. 40.981       1907. -25.826 
338. Jairo Velasco                        134.229       2670. -17.828        305. 79.986        766. 10.587       2280. -51.188 
339. John Sadri                        133.769        323. 78.616        301. 80.862         26. 130.414        728. 24.466 
340. Learner Tien                        133.417        158. 105.301          0.  0.0          0.  0.0          0.  0.0 
341. Larry Stefanki                        133.125       3290. -30.809        609. 53.538        387. 38.286       1219. -0.248 
342. Adriano Panatta                        133.015       4345. -112.556         20. 155.784       1165. -11.996        889. 15.835 
343. Terry Rocavert                        132.833        574. 56.803       1600. 11.44       1867. -66.866       2036. -32.207 
344. Dusan Lajovic                        132.817       2644. -16.773       3749. -56.206          0.  0.0       1000. 8.613 
345. Glenn Layendecker                        132.707        235. 89.625       1053. 30.403       1151. -10.208         74. 111.132 
346. Goran Ivanisevic                        132.606       4090. -71.994       4153. -94.551       1292. -21.169       1494. -10.427 
347. Bernard Mitton                        132.463       1435. 20.35         73. 123.207        161. 72.137       1721. -22.895 
348. Sebastian Baez                        132.281       2118. -0.963        486. 62.323          0.  0.0       1183. 0.427 
349. John Millman                        131.768       2788. -22.04       3998. -74.809          0.  0.0        778. 21.991 
350. Hugo Gaston                        131.455        630. 53.001       1117. 27.778          0.  0.0       2180. -43.456 
351. Guillaume Rufin                        131.153       1512. 17.51        287. 82.038          0.  0.0       2388. -63.95 
352. Daniel Brands                        131.053        454. 67.573       1595. 11.859          0.  0.0       2288. -51.672 
353. Ben Qiang Zhu                        131.028        708. 48.884          0.  0.0          0.  0.0        372. 51.934 
354. Jun Kuki                        130.956        368. 75.042        999. 33.06        232. 58.614       2562. -94.618 
355. Michael Mortensen                        130.853       1855. 4.326        642. 51.577        804. 7.466       2598. -112.989 
356. Christo Van Rensburg                        130.436       3889. -58.007       1015. 32.369       1856. -65.065       2197. -45.179 
357. Jack Sock                         130.24       1503. 17.804       3218. -31.629          0.  0.0       2232. -47.929 
358. David Nainkin                        130.171       1146. 27.569       3939. -70.258        726. 14.462        571. 32.604 
359. Philipp Kohlschreiber                        129.953       4331. -107.898       2087. -1.343        347. 43.307        830. 19.733 
360. Leif Johansson                        129.782       1987. 1.312        162. 99.956        903. 1.96       1677. -21.043 
361. Adam Malik                         129.42       3349. -32.972       2057. -0.694        153. 74.888        794. 21.414 
362. Bernard Boileau                        129.345       2809. -22.734       1822. 4.285        149. 75.339       1714. -22.444 
363. Juncheng Shang                        129.193        868. 39.898       2362. -7.667          0.  0.0       2574. -98.714 
364. Hans Gildemeister                        129.046        934. 35.743        319. 77.836       1805. -56.347       1382. -5.067 
365. Damir Keretic                        129.023        822. 42.269       2641. -18.452        724. 14.774        886. 15.986 
366. Shahar Perkiss                        128.841       1061. 30.086         21. 154.648       1570. -32.265       2497. -80.877 
367. Karl Meiler                        128.591         81. 127.146       3469. -42.664       1103. -6.513       2599. -113.018 
368. Robin Haase                        128.286         91. 122.471       3297. -34.488        225. 59.972       2496. -80.549 
369. Goran Prpic                        128.053       4123. -75.471       3428. -40.563       1251. -19.132        807. 20.648 
370. Laslo Djere                        127.617        122. 113.756       2749. -21.722          0.  0.0        824. 19.847 
371. John Isner                        127.357        581. 56.536        765. 45.422          0.  0.0        279. 63.359 
372. Felix Mantilla                        127.322        137. 110.553       2542. -15.028       1536. -29.394       1692. -21.743 
373. Christopher Eubanks                        127.209        361. 75.543       2652. -18.885          0.  0.0        455. 44.16 
374. Jiri Vesely                        127.192       1770.  6.8       3176. -29.731          0.  0.0       1065. 4.857 
375. Scott Draper                        127.142        212. 94.247        519. 59.403        892. 2.287       2381. -63.143 
376. Kevin Anderson                        127.104        565. 57.587       1131. 27.18          0.  0.0        692. 25.256 
377. Arnaud Clement                         126.98       2684. -18.348         45. 139.056         17. 136.102        120. 93.432 
378. Juan Albert Viloca Puig                        126.899       4309. -103.101        771. 44.935         28. 128.682       2546. -91.779 
379. Yosuke Watanuki                        126.633         25. 153.862        791. 44.372          0.  0.0       1577. -15.839 
380. Andy Murray                         126.57        388. 73.08       3764. -57.775         25. 131.236        352. 54.4 
381. Jonas Svensson                        125.789       1186. 26.607       2826. -23.867       1797. -55.333       2330. -56.583 
382. Brian Macphie                        125.785        174. 101.795       3824. -61.126       1502. -27.117        135. 91.159 
383. Jean Philippe Fleurian                        125.756       2339. -5.585       3454. -41.859         97. 93.125        327. 58.06 
384. Jordi Burillo                        125.688       1785. 6.399       2280. -5.346        286. 50.158       1926. -26.611 
385. Szabolcz Baranyi                        125.641       2013. 0.77       1781. 5.316        714. 15.529        748. 23.408 
386. Philipp Petzschner                        125.465       1300. 24.528       2779. -22.547          0.  0.0       2090. -36.402 
387. Victor Amaya                        125.461        453. 67.722       2758. -21.943       1487. -26.59         89. 106.791 
388. Bill Scanlon                        125.317       1636. 12.419       2323. -6.518       1830. -59.87       2028. -31.497 
389. Ville Liukko                        125.168        761. 46.254       2257. -4.661        865. 3.446          0.  0.0 
390. Matthias Bachinger                        125.096       2324. -5.26        823. 42.153          0.  0.0       2131. -39.157 
391. Sebastian Ofner                         125.04       1377. 22.246       3212. -31.401          0.  0.0        200. 75.055 
392. Phil Dent                        124.747       3206. -28.19       2234. -4.267        357. 41.83       1006. 7.98 
393. Francisco Yunis                        124.686       4133. -76.52        951. 35.24       1808. -57.023          0.  0.0 
394. Thomas Enqvist                        124.669       3846. -55.225       3115. -27.586       1918. -76.471       2243. -48.267 
395. Alexander Shevchenko                        124.663       3371. -33.969       3592. -47.955          0.  0.0       1419. -6.466 
396. Adrian Mannarino                         124.06         16. 172.07       3367. -37.801          0.  0.0       2316. -54.708 
397. Wojtek Kowalski                        124.019       1881. 3.732        558. 56.632        134. 78.056          0.  0.0 
398. Jurgen Fassbender                        123.956       3547. -43.261       1404. 19.889        749. 11.886         85. 107.917 
399. Guillermo Vilas                        123.807       1024. 31.232       3553. -46.463         96. 93.953       2410. -67.06 
400. Xavier Malisse                        123.633       2246. -3.453       1375. 20.866        257. 53.714       1495. -10.437 
401. Kenneth Carlsen                         123.44       3115. -26.28       2460. -11.214        384. 38.782       1214. -0.052 
402. David Witt                         123.27       2847. -23.432       3723. -54.487       1302. -21.664        315. 59.083 
403. Gaston Etlis                        123.074        561. 57.843       2549. -15.223       1988. -101.101       2445. -70.906 
404. Altug Celikbilek                        122.945       2389. -7.468       2521. -14.053          0.  0.0       2100. -37.446 
405. Francisco Clavet                        122.908        298. 81.672        989. 33.486        406. 35.122       1688. -21.636 
406. Mushaf Zia                        122.894       3129. -26.5        462. 64.423        839. 5.442          0.  0.0 
407. Toma Ovici                        122.884       1472. 19.09        929. 36.407       1149. -9.831        926. 12.909 
408. Umesha Wallooppillai                        122.309        645. 52.312       2479. -11.873          0.  0.0          0.  0.0 
409. Peter Bastiansen                        122.173          0.  0.0       3933. -69.781       1596. -35.362       1448. -7.965 
410. Geoff Masters                        122.126       3330. -32.355       1683. 8.684       1255. -19.259        766. 22.553 
411. Alexandre Muller                        122.123       1997.  1.2       1007. 32.59          0.  0.0        931. 12.549 
412. Charlie Pasarell                        122.098       2567. -14.004       1761. 6.155       1945. -83.372        204. 74.633 
413. Herb Fitzgibbon                        122.023        341. 76.588          0.  0.0        860. 3.703       2207. -46.259 
414. Tomas Carbonell                        121.937        214. 93.746       1571. 12.803         54. 114.402       1542. -13.25 
415. Oleg Ogorodov                        121.776         49. 143.808       1146. 26.785        611. 23.512       1745. -23.849 
416. Jan Pisecky                        121.404       1998. 1.15       4089. -84.671       1637. -39.057        196. 75.981 
417. Jan Gunnarsson                         121.35       1708. 8.942        772. 44.923        233. 58.415        131. 91.86 
418. Tobias Kamke                        121.314        258. 86.481       3439. -41.157          0.  0.0        606. 29.985 
419. Bud Schultz                        120.857       1130. 28.078       1888. 2.808        178. 69.015       1095. 3.432 
420. Andrey Kuznetsov                         120.45       3843. -55.156       1793. 4.98          0.  0.0        334. 56.729 
421. Tim Gullikson                        120.357       1878. 3.829       3530. -45.422        631. 22.454       1394. -5.478 
422. Robby Ginepri                        120.336        913. 37.167        181. 98.01       1029. -3.456        688. 25.523 
423. Mackenzie Mcdonald                        120.202       2782. -21.828       1569. 12.884          0.  0.0        429. 46.392 
424. Peter Rennert                        120.083       2807. -22.691         90. 117.823       1874. -67.984       1752. -23.993 
425. Johan Carlsson                        119.974       4362. -120.106       1786. 5.205        473. 28.962        457. 43.996 
426. Bruno Oresar                         119.53       2064. -0.005        226. 91.245        370. 40.296       1454. -8.224 
427. Ricardo Rodriguez                        119.342       2215. -2.565        848. 41.3          0.  0.0          0.  0.0 
428. Pierre Hugues Herbert                        119.252        593. 55.588       3353. -36.855          0.  0.0        235. 71.107 
429. Milan Srejber                        119.168       3604. -45.787        441. 66.936         22. 132.322       1352. -3.792 
430. Gabriel Urpi                        119.155        603. 54.774        613. 53.306          0.  0.0          0.  0.0 
431. Reinhart Probst                        119.132        303. 81.177       2050. -0.534       1620. -38.024          0.  0.0 
432. Jean Loup Rouyer                         118.82         46. 144.415       1062. 30.101          0.  0.0       1033. 6.212 
433. John Cooper                        118.645        889. 38.996       2016. -0.007        992. -2.009       2094. -36.966 
434. Pablo Campana                         118.55        872. 39.771        493. 61.946        238. 57.778          0.  0.0 
435. Haseeb Aslam                         118.54        343. 76.402       1398. 20.101        842. 5.382          0.  0.0 
436. Julian Alonso                         118.34       2513. -11.957       2455. -11.055       1557. -31.322       1239. -0.774 
437. Owen Davidson                        117.885       4196. -82.282       2607. -17.2        322. 46.27       1406. -5.773 
438. Luiz Mattar                        117.495       2726. -19.923       1705. 7.754       1978. -97.23        686. 25.574 
439. Earl Butch Buchholz                          117.3       1644. 12.113       3949. -70.798        266. 52.004       1828. -25.0 
440. Gianni Ocleppo                        117.154        352. 75.926        464. 64.26         62. 110.741       1623. -18.337 
441. Julien Boutter                        117.099        121. 113.774        981. 33.942       1220. -17.086       2600. -113.618 
442. Drew Gitlin                        116.572        664. 51.326        662. 50.331       1605. -36.707       1751. -23.979 
443. Gijs Brouwer                        116.568       4064. -69.151       3504. -44.508          0.  0.0       2084. -35.49 
444. Zhizhen Zhang                        116.466       3937. -61.403       3478. -43.042          0.  0.0        321. 58.666 
445. Arne Thoms                        116.411       2676. -17.998       3329. -35.789       1118. -7.296       2056. -33.997 
446. Jimmy Wang                        116.411        475. 65.385       3018. -25.347        181. 68.506       2133. -39.912 
447. Franco Merlone                        116.386          0.  0.0         79. 122.348        606. 23.788          0.  0.0 
448. Marcel Felder                        116.304       1103. 28.755       1123. 27.579        271. 51.667          0.  0.0 
449. Gilles Moretton                        116.243       3829. -54.293        509. 60.112        133. 79.034         92. 105.218 
450. Lawson Duncan                        115.784       3665. -47.558       1672. 8.912        673. 19.627       2266. -50.128 
451. Potito Starace                        115.728       1848. 4.472        516. 59.641        760. 10.905       2480. -78.324 
452. Nicolas Jarry                        115.632        987. 32.808       1043. 30.864          0.  0.0       1149. 1.417 
453. Christian Ruud                        115.551       2037. 0.392       2618. -17.802        371. 40.246        344. 55.185 
454. Victor Hanescu                        115.546       1064. 30.005        757. 45.761        970. -1.403        141. 89.348 
455. Alex Bogomolov Jr                         115.45       1419. 20.97       1280. 24.189          0.  0.0       2580. -100.803 
456. Paolo Cane                        115.352       4098. -72.495       2041. -0.39        440. 31.807       1386. -5.229 
457. Lloyd Bourne                        115.128        113. 115.881       1597. 11.683       1074. -5.153       1322. -2.589 
458. Guillermo Canas                        114.924       2691. -18.449        860. 40.492       1955. -88.444       1110. 2.86 
459. Stefan Koubek                        114.898       3555. -43.483       1762. 6.13        415. 34.45       1016. 7.134 
460. Jaime Yzaga                        114.745       2763. -21.237       2784. -22.664        707. 16.241       2345. -58.301 
461. Luis Augusto Garcia                        114.541          0.  0.0       2405. -8.808          0.  0.0          0.  0.0 
462. Eric Friedler                        114.483       1558. 15.598       1410. 19.714       1934. -80.153       1427. -6.953 
463. Peter Kanderal                        114.438       4012. -65.253       3393. -38.778        544. 25.302       2132. -39.751 
464. Wilhelm Bungert                        114.095       1611. 13.601        589. 54.897         87. 97.532        307. 60.21 
465. Juan Gisbert                        114.062       1559. 15.593         70. 124.23       2009. -118.879       1025. 6.739 
466. Leonardo Lavalle                        114.046       4066. -69.425       3292. -34.305        858. 3.831       1467. -9.002 
467. Ivan Sergeyev                         113.94       1082. 29.405          0.  0.0          0.  0.0          0.  0.0 
468. Aslan Karatsev                         113.79       2129. -1.241       3395. -38.815          0.  0.0        112. 96.014 
469. Markus Naewie                        113.644       3234. -28.946       1048. 30.796        205. 63.356       2194. -44.991 
470. Liang Chi Huang                        113.354       1746. 7.809        605. 53.658          0.  0.0          0.  0.0 
471. Klaus Eberhard                         113.25       1161. 27.128       1615. 10.996         36. 124.576        329. 57.531 
472. Lucas Pouille                        113.101        506. 62.572        376. 72.644          0.  0.0        387. 50.99 
473. Danny Saltz                        113.059        728. 47.61       1036. 31.122       1339. -23.395         96. 102.022 
474. Mario Martinez                        112.924        753. 46.43        703. 48.413       2017. -129.992          0.  0.0 
475. Wesley Moodie                        112.919       3840. -54.972       4030. -77.396        297. 48.737       2027. -31.105 
476. Hee Seok Chung                        112.565       3657. -47.328       1221. 25.0       1053. -4.041          0.  0.0 
477. Jan Apell                        112.167       2608. -15.412        948. 35.462         34. 125.694        995. 8.847 
478. Patricio Cornejo                        111.978        897. 38.535       2342. -6.966       1852. -64.763       1303. -2.092 
479. Hyung Taik Lee                        111.966        248. 87.808       3274. -33.586        616. 23.32       2112. -38.322 
480. Josselin Ouanna                        111.939       3679. -48.094       4150. -93.807        586. 24.768          0.  0.0 
481. Pavol Cervenak                        111.918          8. 185.556        822. 42.278          0.  0.0          0.  0.0 
482. Tim Van Rijthoven                        111.592       1042. 30.673          0.  0.0          0.  0.0       1514. -11.478 
483. Chris Lewis                         111.28       1193. 26.429        543. 57.736       1612. -37.45       2166. -42.596 
484. Freddie Sauer                        111.181       3627. -46.421       2711. -20.744       1971. -95.988        670. 26.32 
485. Hernan Gumy                        110.957        929. 36.033       1482. 17.254        818. 6.323         90. 106.535 
486. Marty Davis                        110.917       4184. -81.082       3971. -72.805       1688. -45.109       1902. -25.502 
487. Christopher Rungkat                        110.748       1069. 29.802       1144. 26.796          0.  0.0          0.  0.0 
488. Erik Van Dillen                        110.677        622. 53.444        116. 110.777        482. 28.399       1039. 6.014 
489. Kevin Ullyett                        110.374       1043. 30.633          0.  0.0        882. 2.681        126. 92.531 
490. Alexander Bublik                        110.327       4061. -68.867       4268. -148.828          0.  0.0        176. 79.401 
491. Paul Goldstein                        110.213       4276. -95.148        719. 47.632         63. 110.076        410. 48.897 
492. Andrei Stoliarov                        109.922       2045. 0.159       3539. -45.825        708. 16.221       1882. -25.065 
493. Mike Belkin                        109.745       1751. 7.708        155. 101.671        697. 17.173       1044. 5.902 
494. Francisco Roig                        109.655       1799. 5.966       4100. -86.104       1323. -22.76        576. 32.364 
495. Francisco Rodriguez                        109.616       1229. 25.1       1441. 18.661          0.  0.0          0.  0.0 
496. Thomas Muster                        109.363       3140. -26.576        918. 37.179         94. 94.469       1459. -8.542 
497. Matthew Ebden                        109.175       1548. 15.814       3463. -42.35          0.  0.0       1596. -17.26 
498. David Rikl                        109.061        945. 34.991       2526. -14.32       1853. -64.833       2581. -101.806 
499. Robert Maud                        108.873       2422. -8.501        196. 95.461        429. 32.881        282. 62.587 
500. Khalid Outaleb                        108.866        448. 68.111       2633. -18.292          0.  0.0          0.  0.0 
501. Ernie Fernandez                        108.731       1007. 32.131       3877. -65.789          0.  0.0          0.  0.0 
502. Andrea Vavassori                        108.441       1695. 9.477       3331. -35.818          0.  0.0       2224. -46.949 
503. Tom Okker                        108.299        446. 68.159        852. 41.136       1538. -29.608         75. 111.118 
504. Egor Gerasimov                        108.144       4194. -82.216       1583. 12.309          0.  0.0        266. 64.907 
505. Dudi Sela                        108.118       2648. -16.94       3449. -41.439        740. 12.791       2220. -46.764 
506. Bryan Shelton                        108.048        280. 83.224        548. 57.234        339. 44.405       2409. -66.942 
507. Andrei Chesnokov                        107.963        534. 59.964       2627. -18.149        407. 35.117       1241. -0.794 
508. Rainer Schuettler                        107.723        259. 86.446       1806. 4.668       1846. -63.91        976. 9.853 
509. Carlos Moya                        107.547       2823. -22.975        737. 46.755          4. 191.053       2622. -151.88 
510. Thomas Hogstedt                        107.212        250. 87.292       3778. -58.597        199. 64.587       2359. -60.01 
511. Bing Chao Lin                         107.08        232. 90.929       1284. 24.065       1044. -3.656       1290. -1.796 
512. Lionel Roux                        107.043        653. 52.037       1353. 21.893        159. 73.842        168. 81.529 
513. Mark Woodforde                        106.806        367. 75.271       3370. -37.96         89. 96.992        534. 36.26 
514. Scott Davis                        106.779       4283. -96.606         46. 136.384        453. 30.483       1428. -6.979 
515. Frederik Nielsen                        106.603        832. 41.785        199. 95.217        301. 48.338       2293. -52.297 
516. Dmitry Tursunov                        106.531       2825. -23.028       1826.  4.2        483. 28.366       1139. 1.735 
517. Kelly Jones                         106.52       2894. -24.574       4144. -93.313       1942. -81.663       1040. 6.003 
518. Lars Rehmann                        106.482       3093. -25.735        955. 35.128        806. 7.273          0.  0.0 
519. Matthew Barton                        106.233        625. 53.309       4176. -100.191          0.  0.0       1023. 6.782 
520. Ryan Harrison                        106.105       1798. 6.022       1657. 9.389          0.  0.0       1607. -17.614 
521. Fernon Wibier                        106.057       4176. -80.462         51. 133.745        509. 27.054       2212. -46.474 
522. Danny Sapsford                        105.964       4386. -142.385        835. 41.752        783. 9.59        222. 71.905 
523. Albert Montanes                        105.834        504. 62.836        571. 55.922        855. 4.286        684. 25.623 
524. Jerome Golmard                        105.396       1664. 11.219       1556. 13.496         60. 110.933       1901. -25.479 
525. Ricardo Acuna                        105.316       1663. 11.269       4156. -95.26       1297. -21.41        610. 29.573 
526. Joakim Nystrom                        105.272       3209. -28.283         81. 121.168       1212. -15.864        619. 28.872 
527. Johan Kriek                         105.11       3328. -32.242       2293. -5.594       1006. -2.649       1413. -6.095 
528. Wolfgang Schranz                        105.063         30. 152.255       3430. -40.696        104. 90.259        214. 73.68 
529. Ricardo Ycaza                        105.031       4030. -66.612         78. 122.441        246. 56.09       1145. 1.653 
530. Dick Stockton                        104.493       4354. -115.748       4241. -128.009       1158. -11.039       2500. -82.052 
531. Robert Seguso                         104.48       2566. -13.931       3496. -44.152        465. 29.446        953. 11.293 
532. Marc Rosset                         104.41        792. 44.13       1606. 11.259         46. 117.223       2235. -48.161 
533. Marcel Granollers                        104.087        309. 80.476        178. 98.426          0.  0.0       1412. -5.968 
534. Yuri Schukin                        103.953       2700. -18.76        225. 91.304       1954. -88.181          0.  0.0 
535. Michael Tebbutt                        103.539       2817. -22.862       1516. 15.714        700. 16.928       2431. -69.486 
536. Nick Brown                         103.26         75. 131.226          0.  0.0       1249. -19.13        369. 52.357 
537. Jorge Lozano                        103.047        420. 69.89       4137. -91.443        175. 69.563       1771. -24.692 
538. Fabio Fognini                         103.03       1625. 13.176        128. 107.846       1179. -13.174       1707. -22.37 
539. Izak Van Der Merwe                        102.887       3744. -50.141       1903. 2.398       1854. -64.906        639. 27.774 
540. Cedrik Marcel Stebe                        102.768        743. 46.833       4060. -81.091          0.  0.0       2297. -52.527 
541. Soon Woo Kwon                        102.667        678. 50.386       4135. -90.648          0.  0.0       2073. -34.948 
542. Quino Munoz                        102.505          0.  0.0        753. 45.9          0.  0.0          0.  0.0 
543. Martin Alund                        102.447          0.  0.0        870. 39.781          0.  0.0        424. 46.797 
544. Jonathan Canter                        102.409         23. 160.91       2466. -11.412        908. 1.728       2609. -123.138 
545. Tony Giammalva                        102.358        338. 77.027       2232. -4.257       1461. -25.009       2041. -32.618 
546. Todd Widom                        102.013       4151. -77.641          0.  0.0          0.  0.0          0.  0.0 
547. Martin Jaite                        101.703        186. 99.466        909. 37.666       1614. -37.55        504. 39.448 
548. Dimitru Haradau                        101.621          0.  0.0       2583. -16.428          0.  0.0       1509. -11.335 
549. Sergi Bruguera                        101.561        510. 62.183       2269. -4.963        719. 15.211        786. 21.722 
550. Terry Moor                        101.485        727. 47.813       2769. -22.239       1989. -101.605        490. 40.888 
551. Sebastien De Chaunac                        101.245        261. 86.21       2856. -24.713       1240. -18.518          0.  0.0 
552. Pascal Portes                        101.196       3565. -44.109       2486. -12.251       1585. -34.478        181. 78.729 
553. Gilad Bloom                        101.189       1408. 21.379       3104. -27.316        420. 33.966       2427. -69.257 
554. Ilya Ivashka                        101.189       3079. -25.495       4272. -154.25          0.  0.0       1172. 0.857 
555. Bob Bryan                        101.141       3378. -34.364       3290. -34.159         64. 109.386       2089. -35.75 
556. Owen Casey                        100.891        594. 55.559       2403. -8.718       1579. -33.474       1554. -13.829 
557. Tom Gorman                        100.712       4310. -103.303        588. 54.897       1655. -41.158        570. 32.745 
558. Nicolas Lapentti                        100.489       1986. 1.339       3046. -26.125        270. 51.685       1074. 4.408 
559. Jaime Pinto Bravo                        100.195       3208. -28.243        707. 48.21       1116. -7.146       1366. -4.493 
560. Hamed Ul Haq                         99.684       1581. 14.868       1052. 30.653          0.  0.0        880. 16.43 
561. Dennis Ralston                         99.672        160. 104.722       2736. -21.358        269. 51.769        384. 51.128 
562. Bjorn Phau                         99.669        384. 73.28       3335. -35.95       1809. -57.026       2408. -66.938 
563. Benjamin Hassan                          99.49         68. 133.823       2572. -16.001          0.  0.0          0.  0.0 
564. Olivier Rochus                          99.48         18. 164.478         29. 148.668        316. 46.709       2172. -43.031 
565. Mark Nielsen                         99.442       3489. -40.157        767. 45.176        612. 23.442        732. 24.204 
566. Bassam Beidas                          99.31          0.  0.0        417. 69.617          0.  0.0          0.  0.0 
567. Slobodan Zivojinovic                         99.284       1814. 5.521       3612. -48.274       1829. -59.842        173. 79.974 
568. Gerard Solves                         99.182       1113. 28.536       3484. -43.369       1232. -17.863        573. 32.531 
569. Yong Kyu Lim                         99.166        615. 53.792       2121. -1.806          0.  0.0        428. 46.427 
570. Udo Riglewski                         99.105       1058. 30.189       3737. -55.151        781. 9.69       1024. 6.78 
571. Chris Guccione                         98.889       2585. -14.749       1182. 25.774          0.  0.0        562. 33.603 
572. Aki Rahunen                         98.536       3311. -31.542       4102. -86.343        128. 80.758        946. 11.605 
573. Byron Bertram                         98.394        960. 34.105       2128. -1.943        253. 54.292       2066. -34.576 
574. Radu Albot                         98.332        501. 63.015        641. 51.603        130. 80.407       1026. 6.67 
575. Frank Ofori                           98.3       2708. -19.195        725. 47.277       1013. -2.933          0.  0.0 
576. Pavel Slozil                         98.166       1305. 24.232       1416. 19.492        292. 49.426       2034. -32.096 
577. Mike Leach                         97.348       3366. -33.709       3775. -58.505        174. 69.675        922. 13.024 
578. Jozef Kovalik                         97.233        923. 36.557       3892. -66.799          0.  0.0       2029. -31.546 
579. Guy Forget                         97.182       4099. -72.71         24. 152.593       1864. -66.408        169. 81.505 
580. Franco Agamenone                         97.153          0.  0.0       1395. 20.135          0.  0.0          0.  0.0 
581. Ove Nils Bengtson                         96.877       3336. -32.463       2646. -18.525        484. 28.297        848. 18.133 
582. Pat Cash                         96.854        893. 38.698        125. 108.347       1647. -40.531         81. 109.463 
583. Facundo Bagnis                         96.755       1016. 31.557        284. 82.154          0.  0.0        598. 30.451 
584. Mike De Palmer                         96.395       3520. -41.885       3733. -54.894       1924. -78.186       2097. -37.093 
585. Tarek El Sakka                         96.309          0.  0.0        521. 59.355          0.  0.0          0.  0.0 
586. Jonas Bjorkman                         96.266        701. 49.143       2083. -1.226         70. 103.966       2192. -44.865 
587. Tommy Haas                         96.061       1540. 16.326       2242. -4.444       1171. -12.548       2286. -51.458 
588. Todd Woodbridge                         95.931       3776. -51.508       3642. -49.598       1017. -3.075        659. 26.756 
589. Bernard Tomic                         95.865       2786. -21.965        358. 74.549          0.  0.0       1314. -2.393 
590. Florin Segarceanu                         95.845       1714. 8.814        158. 101.174        392. 37.291        469. 42.262 
591. Gap Taik Ro                         95.784       4097. -72.415       2341. -6.935        820. 6.242       2470. -76.369 
592. Manuel Santana                         95.693       3085. -25.578          1. 206.235        873. 3.031       1105. 3.025 
593. Karel Novacek                         95.663       1870. 3.965       4240. -127.736        163. 71.911        189. 77.241 
594. Pablo Cuevas                          95.48       1592. 14.374        356. 74.629        304. 48.167       2303. -53.148 
595. Olli Rahnasto                         95.168       4221. -85.944       2199. -3.516        306. 48.065        682. 25.669 
596. Horacio De La Pena                          95.14       3379. -34.392        497. 61.211        862. 3.626       1665. -20.347 
597. Pavel Hutka                         94.998       4323. -105.363        299. 81.129        315. 46.785       1375. -4.83 
598. Jaromir Becka                         94.889        405. 71.333       1330. 22.546        803. 7.557          0.  0.0 
599. Mike Collins                          94.53          0.  0.0        895. 38.547       1277. -20.605        556. 34.051 
600. Jose Luis Damiani                         94.336       3747. -50.249        763. 45.627       1214. -16.177        660. 26.72 
601. Jackie Saul                         94.143       1425. 20.728          0.  0.0          0.  0.0        743. 23.58 
602. Janko Tipsarevic                         93.955        276. 84.01       3408. -39.555       1708. -46.502        211. 74.062 
603. Marc Lopez                         93.859       1204. 26.047       1026. 31.671          0.  0.0        694. 25.143 
604. Michal Tabara                         93.781       1158. 27.218       3704. -53.21        522. 26.649       1931. -26.721 
605. John James                          93.52       3195. -27.875       1542. 14.59       1506. -27.315        304. 60.276 
606. Michael Joyce                         93.271       2586. -14.756        145. 104.846       1300. -21.559        310. 59.61 
607. Dustin Brown                         93.095       2351. -5.876       3841. -62.459          0.  0.0       2291. -51.876 
608. Raymond Moore                         93.033        114. 115.242       2386. -8.237          9. 154.544       2311. -54.034 
609. Butch Seewagen                         92.831       2856. -23.684        565. 56.223       1317. -22.494         49. 125.25 
610. Ivan Dodig                          92.77       2620. -15.886       2289. -5.555          0.  0.0       2624. -163.489 
611. Carsten Arriens                          92.72        946. 34.868       2588. -16.514        139. 76.592       1724. -23.0 
612. Jean Francois Caujolle                         92.532       4044. -67.825       2371. -7.867        479. 28.648         91. 106.214 
613. Jesse Levine                         92.409         42. 148.341       3350. -36.599          0.  0.0       1747. -23.873 
614. Tomasz Iwanski                         92.405        396. 72.259       3554. -46.463        920. 0.987          0.  0.0 
615. Eric Winogradsky                         92.351       1822. 5.307       3519. -45.039       1987. -100.723       2146. -40.693 
616. John Fitzgerald                         92.164        141. 109.583        574. 55.82       1362. -24.571       2168. -42.707 
617. Liam Broady                         91.618       1357. 22.924        553. 56.821          0.  0.0       2561. -94.409 
618. Sam Querrey                         91.578       4327. -106.521       2068. -0.959       1266. -19.672       2583. -101.907 
619. Menno Oosting                         91.526       4042. -67.665        810. 43.308       1085. -5.686        364. 52.905 
620. Matt Doyle                         91.492        193. 97.684        241. 89.042        725. 14.511       1193. 0.122 
621. Daniel Vacek                          91.39        938. 35.493        501. 60.866       1204. -15.368        295. 61.002 
622. Bong Soo Kim                         91.235       3879. -57.343       1151. 26.608        653. 20.82       2231. -47.916 
623. Borna Coric                         91.065       1150. 27.372        854. 40.773          0.  0.0       1134. 1.818 
624. Mark Cox                         91.027       1297. 24.577       2564. -15.726        466. 29.429        798. 21.039 
625. Filip Misolic                         90.981       3241. -29.179        379. 72.49          0.  0.0          0.  0.0 
626. Alexey Kedryuk                         90.889       1784. 6.408        660. 50.477       1303. -21.679          0.  0.0 
627. Sammy Giammalva Jr                         90.283        928. 36.082       3947. -70.712       1921. -77.074         19. 148.5 
628. Michael Westphal                         90.105       3353. -33.08        176. 98.608        468. 29.367       2005. -29.761 
629. Marc Kevin Goellner                         89.815       2314. -5.071       2763. -22.11       1510. -27.647        814. 20.342 
630. Thierry Pham                          89.75          0.  0.0       3059. -26.385       1781. -52.001          0.  0.0 
631. Tommy Ho                         89.725       3876. -57.291       3293. -34.321        959. -0.768       2585. -102.973 
632. Markus Zillner                         89.626       1373. 22.335       3324. -35.552          0.  0.0          0.  0.0 
633. Bryan Juinio                         89.578       1566. 15.357          0.  0.0          0.  0.0          0.  0.0 
634. Pablo Arraya                         89.207       4114. -74.755       3542. -46.181        592. 24.4       1693. -21.751 
635. Clement Ngoran                         89.091       1350. 23.068        740. 46.704        517. 26.79          0.  0.0 
636. Tom Nijssen                         89.072       4287. -97.149       4055. -80.393       1134. -8.456       2488. -79.542 
637. Yuji Tezuka                         89.005       3361. -33.48       1483. 17.245        966. -1.203          0.  0.0 
638. Otto Virtanen                         88.884        658. 51.806       3375. -38.034          0.  0.0       1528. -12.352 
639. Ricardo Cano                          88.54       3302. -31.267       3371. -37.982       1767. -50.231        382. 51.531 
640. Joaquin Loyo Mayo                         88.501       2471. -10.4       2074. -1.041       1062. -4.461       2289. -51.749 
641. Magnus Norman                         88.411        440. 68.466       3056. -26.344        189. 66.741        588. 31.087 
642. Mal Anderson                         88.393       4145. -77.201        695. 48.732          0.  0.0       1003. 8.245 
643. Joao Domingues                         88.232       4321. -105.005       1116. 27.956          0.  0.0          0.  0.0 
644. Guido Pella                          88.16       3096. -25.811       2614. -17.561          0.  0.0       2256. -49.289 
645. Tommi Lenho                         88.068          0.  0.0        769. 45.116       1500. -27.045          0.  0.0 
646. Srinivasan Vasudevan                         87.743       1818. 5.439       2259. -4.72          0.  0.0       1620. -18.184 
647. Alberto Martin                         87.613         59. 137.83         41. 140.982       1254. -19.188       1675. -20.879 
648. Bent Ove Pedersen                          87.42        870. 39.86       1978. 0.607       1124. -7.592        381. 51.57 
649. Jose De Armas                         87.162       2398. -7.658       1531. 15.225          0.  0.0          0.  0.0 
650. Robert Kreiss                         87.154        950. 34.497       2094. -1.48       1471. -25.405         32. 134.236 
651. Janez Semrajc                         87.118       2070. -0.089       1481. 17.263          0.  0.0          0.  0.0 
652. Pierre Barthes                         87.057        917. 36.888       1277. 24.3       1745. -48.352        637. 27.93 
653. Julien Jeanpierre                          87.03       1747. 7.763        163. 99.944          0.  0.0          0.  0.0 
654. Alberto Tous                         86.998       1104. 28.748       3696. -52.559        488. 28.145       1487. -9.81 
655. Marcel Freeman                         86.975        146. 108.517       1561. 13.287       1947. -85.411       1017. 7.038 
656. Frank Dancevic                          86.85       1118. 28.446       3499. -44.393        506. 27.318       1030. 6.352 
657. Luca Van Assche                         86.429        990. 32.579       3763. -57.765          0.  0.0        791. 21.521 
658. Morris Skip Strode                         86.414       4124. -75.494       3161. -29.121        136. 77.743        887. 15.845 
659. G D Jones                         86.183       1474. 18.919          0.  0.0          0.  0.0          0.  0.0 
660. Scott Melville                          86.16       2302. -4.611          0.  0.0          0.  0.0          0.  0.0 
661. David Carter                         86.095        110. 117.158       3275. -33.602        851. 4.574         44. 128.019 
662. Byron Black                         86.072        586. 56.185        649. 51.057       1693. -45.361       2252. -48.961 
663. Jacek Niedzwiedzki                         86.028        334. 77.263        993. 33.294       1952. -87.591          0.  0.0 
664. Juan Manuel Cerundolo                         85.971       2272. -3.817       1156. 26.481          0.  0.0        560. 33.753 
665. Sergio Galdos                         85.742          0.  0.0       3832. -61.519          0.  0.0          0.  0.0 
666. Filip Krajinovic                         85.653       3439. -37.503       2861. -24.799          0.  0.0       1616. -18.067 
667. Jan Norback                         85.627       3182. -27.519        154. 101.788       1814. -57.939        278. 63.431 
668. Chris Pridham                         85.605       2756. -21.021         27. 151.036        345. 43.512        388. 50.814 
669. Gilles Ganancia                         85.384       2399. -7.669        448. 66.301          0.  0.0          0.  0.0 
670. Julio Cesar Campozano                         85.364       1030. 30.998        910. 37.594          0.  0.0          0.  0.0 
671. Ivo Minar                         84.966       4121. -75.289       2551. -15.276        913. 1.413       2045. -32.828 
672. Paradorn Srichaphan                         84.941       1921. 2.832       3511. -44.772       1246. -19.023        175. 79.656 
673. Diego Galeano                         84.909       1431. 20.422         39. 141.358          0.  0.0          0.  0.0 
674. Daniel King Turner                         84.759       3325. -32.16       3019. -25.356        576. 25.0        342. 55.613 
675. Jin Sun Yoo                         84.696       2445. -9.277       1815. 4.41       1018. -3.076       1321. -2.568 
676. Mattia Bellucci                         84.632        421. 69.87       3577. -47.455          0.  0.0       1558. -14.126 
677. Chang Dae Jeon                         84.618          0.  0.0       3594. -48.04          0.  0.0          0.  0.0 
678. Andis Juska                         84.451       1947. 2.14       3073. -26.617         24. 131.519          0.  0.0 
679. Dominik Hrbaty                         84.397       2198. -2.287       1336. 22.387       1664. -41.88         35. 133.071 
680. Thiago Agustin Tirante                         84.226       1690. 9.73       3650. -50.098          0.  0.0          0.  0.0 
681. Richard Fromberg                         84.011        782. 44.631        204. 94.44       1170. -12.327       2413. -67.551 
682. Nam Hoang Ly                         83.971        662. 51.486       2837. -24.257          0.  0.0          0.  0.0 
683. Jurij Rodionov                         83.909       4027. -66.532       1943. 1.639          0.  0.0         41. 130.216 
684. Ruben Gonzales                         83.908       3244. -29.222        739. 46.711          0.  0.0          0.  0.0 
685. Lukasz Kubot                         83.831       1296. 24.602       1568. 12.891        455. 30.368        160. 82.935 
686. Thomas Buchmayer                         83.774          0.  0.0       3147. -28.664       1094. -6.09         97. 101.528 
687. Shu Hua Liu                         83.492       1433. 20.395       1296. 23.731        265. 52.086          0.  0.0 
688. Frank Baden                         83.455          0.  0.0          0.  0.0          0.  0.0          0.  0.0 
689. Steve Darcis                         83.415       1218. 25.395       2143. -2.223        427. 32.961        829. 19.76 
690. Ody Gabriel                          83.31       1234. 25.0       1141. 26.796          0.  0.0          0.  0.0 
691. Henry Bunis                         83.236        953. 34.402       3479. -43.217        258. 53.331       1116. 2.513 
692. Michel Kratochvil                         83.203       3960. -62.527        466. 64.218        500. 27.548       1660. -20.144 
693. S Hegna                         83.177          0.  0.0        626. 52.571          0.  0.0          0.  0.0 
694. Veli Paloheimo                         83.101       3474. -39.497       1423. 19.312       1269. -20.069       1537. -13.053 
695. Milan Holecek                         82.728       1404. 21.483       1722. 7.27       1199. -15.172        954. 11.267 
696. Humphrey Hose                         82.639         88. 124.086       1383. 20.624        323. 46.243       2037. -32.301 
697. Jan Hajek                          82.63       3132. -26.511        267. 84.761        343. 43.893        110. 96.882 
698. Facundo Diaz Acosta                         82.597       2444. -9.161       3152. -28.894          0.  0.0       2570. -96.535 
699. David Souto                         82.231       1199. 26.238       3688. -52.127          0.  0.0          0.  0.0 
700. Frank Sedgman                         82.218       1765. 6.873       2803. -23.323          0.  0.0       1615. -18.064 
701. Graham Stilwell                         82.149       1483. 18.672        756. 45.811       1653. -40.925        820. 19.981 
702. Simone Colombo                         82.006         50. 143.557       4170. -98.944        861. 3.63       2128. -39.083 
703. Shuzo Matsuoka                          81.99       3188. -27.671       3738. -55.489       1114. -7.112       1695. -21.782 
704. Somdev Devvarman                         81.942       2358. -6.147         62. 128.853          0.  0.0       1674. -20.73 
705. Luke Milligan                         81.938        911. 37.483        101. 115.276          0.  0.0       2545. -91.768 
706. Alejandro Hernandez                         81.548       3725. -49.32       1694. 8.101        333. 45.042        540. 35.89 
707. Stanley Matthews                         81.518       2009. 0.803        839. 41.725       1533. -29.12        763. 22.696 
708. Kim Tiilikainen                         81.506        233. 90.679       1317. 23.101        904. 1.863          0.  0.0 
709. Steve Denton                         81.237        867. 39.952        691. 48.905       1183. -13.369       2531. -87.535 
710. Chris Delaney                         81.185       3551. -43.332       3691. -52.191       1015. -3.014       1479. -9.369 
711. Lloyd Harris                          81.17       4275. -95.044       2271. -5.099          0.  0.0       1089. 3.587 
712. Harold Solomon                         81.099       3589. -45.252       3656. -50.639       1227. -17.564       1170. 0.895 
713. Miguel Tobon                         81.087       4187. -81.74        323. 77.688       1087. -5.858          0.  0.0 
714. Todd Reid                         81.005       3080. -25.512       4178. -101.44          0.  0.0       2375. -62.468 
715. Michael Quintero                         80.847       1344. 23.132       1752. 6.386          0.  0.0          0.  0.0 
716. Lukas Lacko                         80.778        828. 41.901       2241. -4.418          0.  0.0       1441. -7.602 
717. Sean Sorensen                         80.737       1085. 29.377       4250. -133.855        401. 35.638         48. 125.922 
718. Gabriel Silberstein                         80.615          3. 195.456        969. 34.559          0.  0.0       2158. -41.95 
719. Jason Kubler                         80.612       4234. -88.212        990. 33.39          0.  0.0       1002. 8.48 
720. Grega Zemlja                         80.195       3969. -63.095       2544. -15.078        802. 7.564       1651. -19.891 
721. Bob Giltinan                         80.111       1115. 28.517       3774. -58.483       1969. -94.209        103. 99.573 
722. Marius Copil                         80.023       3507. -41.204        288. 81.969          0.  0.0       2397. -65.257 
723. Juan Pino                         79.693       2850. -23.492       1362. 21.484        791. 9.101          0.  0.0 
724. Mariano Sanchez                         79.665        549. 58.703       2302. -5.941          0.  0.0          0.  0.0 
725. Maxime Huard                         79.487          0.  0.0          0.  0.0        471. 29.095          0.  0.0 
726. Lukas Klein                         79.381       3912. -59.737        256. 86.564          0.  0.0        767. 22.551 
727. Ferdi Taygan                         79.102       3271. -30.186       1545. 14.356         13. 140.4       2523. -86.734 
728. Jerome Potier                         78.998       4390. -146.848       1620. 10.8        248. 55.637       1403. -5.709 
729. Leif Shiras                          78.98       3923. -60.166       1922. 2.108        623. 23.15       1988. -29.114 
730. Ian Flanagan                         78.764          0.  0.0          0.  0.0          0.  0.0        536. 36.105 
731. Gregoire Barrere                         78.483       3935. -61.13       1448. 18.425          0.  0.0       1941. -26.889 
732. Patrice Kuchna                         78.168          0.  0.0       2109. -1.745          0.  0.0          0.  0.0 
733. Nuno Marques                         77.993       1183. 26.706       1792. 4.995        150. 75.148        933. 12.451 
734. Wojtek Fibak                          77.93       3994. -64.467         49. 135.269        273. 51.543       1698. -21.945 
735. Sergei Bubka                         77.927        138. 110.512         71. 123.97        519. 26.684       2047. -32.889 
736. Beibit Zhukayev                         77.921       1054. 30.351          0.  0.0          0.  0.0          0.  0.0 
737. Jun Kamiwazumi                         77.697       3548. -43.278       1092. 28.884       1754. -49.661       1283. -1.757 
738. Konstantinos Economidis                         77.665        188. 99.239        635. 51.848       1545. -29.991        850. 18.043 
739. Rodolphe Gilbert                         77.504        555. 58.241       1343. 22.167        845. 5.231       1168. 0.909 
740. Blaise Bicknell                         77.389        395. 72.379       2575. -16.117          0.  0.0          0.  0.0 
741. Federico Sanchez                         77.036          0.  0.0        524. 59.16          0.  0.0          0.  0.0 
742. Pavel Kotov                          77.01       3107. -26.098       4221. -114.619          0.  0.0         51. 124.678 
743. Marco Armellini                         76.915          0.  0.0       3907. -67.897          0.  0.0          0.  0.0 
744. Jonas Forejtek                         76.893       3564. -44.092          0.  0.0          0.  0.0          0.  0.0 
745. Robert Mckinley                         76.716        477. 65.219       3663. -50.894       1757. -49.752       1167. 0.964 
746. Rajeev Ram                         76.712       1853. 4.35       2467. -11.43          0.  0.0       2181. -43.499 
747. Harshana Godamanna                         76.666       1900. 3.391       1159. 26.412          0.  0.0          0.  0.0 
748. Luka Gregorc                         76.522       1384. 22.01       4173. -99.209        770. 10.313       2202. -45.549 
749. Edwin Kempes                         76.246        482. 64.775         36. 142.531        192. 66.325        565. 33.246 
750. Mansour Bahrami                         76.149        610. 54.391       1188. 25.44       1838. -61.392       1658. -20.111 
751. Jacques Radoux                         76.025       2711. -19.447        867. 40.072        828. 5.931          0.  0.0 
752. Stan Smith                         75.895       1640. 12.223       1994. 0.349       1067. -4.632       1484. -9.66 
753. Igor Saric                         75.587          0.  0.0        792. 44.335        558. 25.0          0.  0.0 
754. Chiradip Mukerjea                         75.566          0.  0.0       1204. 25.127          0.  0.0        234. 71.259 
755. Thiemo De Bakker                         75.543        271. 84.662       1318. 23.099          0.  0.0       1420. -6.473 
756. Bart Wuyts                         75.241       4053. -68.451       2747. -21.615       1216. -16.413        221. 71.963 
757. Lamine Ouahab                         75.203       1686. 10.267       1207. 25.058          0.  0.0          0.  0.0 
758. Daniel Garza                         74.952        642. 52.383       3857. -63.852        642. 21.537          0.  0.0 
759. Christian Kuhnke                         74.751       1940. 2.327       2072. -1.023       1827. -59.649          0.  0.0 
760. Werner Zirngibl                         74.748       4054. -68.452        232. 90.896        385. 38.444       1436. -7.385 
761. Jens Knippschild                         74.518       1557. 15.608       1063. 30.061        380. 39.194       2589. -105.717 
762. Jose Antonio Fernandez                         74.453       1737. 8.02       3585. -47.595          0.  0.0          0.  0.0 
763. Adam Pavlasek                         74.347        505. 62.575        971. 34.377          0.  0.0       1722. -22.917 
764. Juan Aguilera                         74.297       1621. 13.22       1848. 3.59         49. 116.285       1690. -21.676 
765. Sebastian Decoud                         74.295          0.  0.0        465. 64.258          0.  0.0       2069. -34.689 
766. Lukas Rosol                         74.286       3834. -54.708        777. 44.802          0.  0.0        591. 30.91 
767. Ken Flach                         74.237         86. 124.569       1476. 17.523       1951. -86.348       2191. -44.795 
768. Russell Simpson                         74.099       2611. -15.514       3879. -65.982        811. 6.931        183. 78.375 
769. Michael Russell                         73.903       3509. -41.255       2569. -15.95          0.  0.0        343. 55.492 
770. Vladimir Gabrichidze                         73.664       2634. -16.452       1912. 2.266          0.  0.0          0.  0.0 
771. Gerald Battrick                         73.495       3162. -26.984       3657. -50.647       1076. -5.19       1336. -3.092 
772. Bernard Fritz                         73.456       1718. 8.745       2595. -16.78       1784. -52.594        198. 75.174 
773. Jonathan Stark                         73.453       4199. -83.023       2413. -9.031        664. 20.35       1946. -27.099 
774. Ricki Osterthun                         73.396        342. 76.557        561. 56.446        545. 25.285       1904. -25.576 
775. Daniel Altmaier                          73.33       2545. -13.124        580. 55.287          0.  0.0        793. 21.442 
776. Billy Martin                         73.239       4253. -91.436       1108. 28.206        918. 1.033       2218. -46.742 
777. Arnaud Boetsch                          73.22       4197. -82.481       1740. 6.685       1986. -100.514        628. 28.425 
778. Jhonson Garcia                          73.21       1606. 13.942       2730. -21.191          0.  0.0          0.  0.0 
779. Michael Kohlmann                         73.062        608. 54.453        675. 49.681        768. 10.584       1498. -10.805 
780. Ryan Russell                         72.818       3552. -43.334       2291. -5.579          0.  0.0          0.  0.0 
781. Eric Deblicker                         72.688       2092. -0.481        618. 52.964        973. -1.512       1589. -16.705 
782. Arvind Parmar                         72.679        159. 105.097          0.  0.0        200. 64.29       1150. 1.399 
783. Mike Estep                         72.618       1327. 23.515        893. 38.634         51. 115.484       1998. -29.495 
784. Peter Feigl                         72.531        648. 52.227       2622. -17.929        462. 29.73        276. 64.137 
785. D Sullivan                         72.499       2411. -7.986          0.  0.0          0.  0.0          0.  0.0 
786. Steve Johnson                         72.458       4242. -89.193       2265. -4.826          0.  0.0        641. 27.547 
787. Martin Damm                         72.383         27. 153.191          0.  0.0          0.  0.0          0.  0.0 
788. Toshihide Matsui                         72.113       1971. 1.596          0.  0.0        638. 21.905          0.  0.0 
789. Henri Kontinen                         72.004        403. 71.628       3994. -74.468       1683. -44.0        144. 87.573 
790. Mark Bailey                         71.942       1750. 7.721        728. 47.158       1054. -4.071       1210.  0.0 
791. Juan Sebastian Cabal                         71.867       1258. 25.0        851. 41.162          0.  0.0          0.  0.0 
792. Robert Wilson                         71.838          0.  0.0       2880. -25.0          0.  0.0        662. 26.641 
793. Marcello Lara                         71.699       1096. 28.993         58. 130.454       1046. -3.707       2367. -61.296 
794. Grant Connell                         71.676       4318. -103.824       3028. -25.62        605. 23.837        359. 53.368 
795. Joseph Russell                         71.393        790. 44.227          0.  0.0          0.  0.0          0.  0.0 
796. Antonio Munoz                         71.282        447. 68.15        721. 47.447        750. 11.609       2526. -87.113 
797. Bartlomiej Dabrowski                         71.196        539. 59.284       1205. 25.123        542. 25.334          0.  0.0 
798. David Engel                         71.113       3860. -56.179       3547. -46.297       1086. -5.752       1398. -5.558 
799. Ismail El Shafei                         71.052       1615. 13.396        281. 82.748        635. 22.182         80. 109.494 
800. Miguel Gallardo Valles                         70.963       1201. 26.195       1154. 26.523       1704. -46.295          0.  0.0 
801. Billy Harris                         70.955       2335. -5.541          0.  0.0          0.  0.0       1281. -1.721 
802. Bjorn Fratangelo                         70.812       1761. 7.067       2559. -15.511          0.  0.0        747. 23.427 
803. Mariano Navone                         70.809       3717. -49.005        911. 37.592          0.  0.0       1411. -5.947 
804. Philip Johnson                         70.701       3527. -42.167        849. 41.248       1400. -25.0          0.  0.0 
805. Jim Pugh                         70.548       3230. -28.876       1040. 30.949       1244. -18.874         45. 128.01 
806. Paul Kronk                         70.464       2376. -6.903       2408. -8.947       1816. -58.269       2278. -50.868 
807. Nicklas Kulti                         70.415       1884. 3.681        818. 42.691        935. 0.231       2461. -74.369 
808. Johan Van Herck                         70.405       2794. -22.22       2645. -18.52       1312. -22.216       1910. -25.991 
809. Tung Lin Wu                         70.265        843. 41.212          0.  0.0          0.  0.0          0.  0.0 
810. Nicklas Kroon                         70.189       1683. 10.346          7. 191.186       1016. -3.073       2347. -58.344 
811. Alistair Hunt                         70.129        656. 51.89       3124. -27.871        633. 22.396        479. 41.674 
812. Mariano Zabaleta                         70.115       3902. -59.189       3102. -27.257       1804. -56.06       2493. -80.215 
813. Oscar Martinez                         69.929       1670. 10.933       3241. -32.697          0.  0.0        142. 89.344 
814. Denis Langaskens                         69.918       1883. 3.712       3133. -28.098          0.  0.0          0.  0.0 
815. Frank Gebert                         69.913       2454. -9.631       3680. -51.689       1314. -22.246       1462. -8.569 
816. Alexander Mronz                         69.628       3344. -32.726        297. 81.214       1229. -17.661       1171. 0.88 
817. Jan Vacek                          69.61       2903. -24.746       2111. -1.773       1426. -25.0       2319. -55.135 
818. Adrian Voinea                         69.566        418. 70.007       3896. -67.021       1862. -65.837       2382. -63.234 
819. Martin Vassallo Arguello                         69.563       1849. 4.436       1821. 4.294          0.  0.0        397. 50.024 
820. Federico Dondo                         69.545       1367. 22.641       2660. -19.09          0.  0.0          0.  0.0 
821. Chung Hsing Liu                         69.467       2577. -14.475          0.  0.0          0.  0.0       1129. 2.03 
822. Ryan Peniston                         69.388       3652. -47.005          0.  0.0          0.  0.0        994. 8.902 
823. Stefan Simonsson                         69.333        974. 33.342       1807. 4.667       1521. -28.184       2435. -70.0 
824. Attila Balazs                         69.221        967. 33.607       3759. -57.403       1835. -60.541        645. 27.368 
825. Kyle Edmund                         68.992       4081. -70.716       3772. -58.435          0.  0.0        984. 9.477 
826. Ruben Bemelmans                         68.907       1873. 3.935         57. 130.88        369. 40.536        460. 43.183 
827. Roger Taylor                         68.843        469. 65.725        593. 54.593       1546. -30.004        833. 19.682 
828. Thomas Gollwitzer                         68.539       2977. -25.0       2656. -18.973         53. 114.851          0.  0.0 
829. Wanaro N'Godrella                         68.457       1771. 6.752       2034. -0.297          0.  0.0        239. 70.672 
830. Ilie Nastase                         68.126        566. 57.344       3908. -67.928       1871. -67.626       1581. -16.154 
831. Sergiy Stakhovsky                         68.105       4045. -67.825        415. 69.692       1262. -19.399       1568. -15.25 
832. Jo-Wilfried Tsonga                         68.041       3502. -40.753       2597. -16.89        218. 61.859       1434. -7.318 
833. Kepler Orellana                         67.777       1165. 26.959       3065. -26.514          0.  0.0          0.  0.0 
834. Sam Groth                         67.679        316. 79.681        223. 91.549          0.  0.0        178. 79.066 
835. Gilles Muller                         67.603       3137. -26.551       2182. -3.221       1941. -81.566       1328. -2.76 
836. Toshiro Sakai                         67.552       2390. -7.47       4220. -114.601        787. 9.535        351. 54.504 
837. Alexander Zverev Sr                         67.543        793. 44.06       3566. -47.064        891. 2.288        195. 76.102 
838. Eric Taino                          67.52       3473. -39.447       1181. 25.784        298. 48.688          0.  0.0 
839. Bruce Derlin                         67.489        417. 70.228       4212. -112.707        379. 39.213       2098. -37.333 
840. Sebastien Lareau                         67.437        531. 60.086       1001. 32.828       1271. -20.172       1174. 0.771 
841. Dave Siegler                         67.321        104. 119.179        743. 46.591          0.  0.0        356. 53.958 
842. Rod Frawley                         67.273       1651. 11.797       2079. -1.163        830. 5.848       1597. -17.281 
843. Istvan Gulyas                         67.271       2905. -24.751       3687. -52.102          0.  0.0       1716. -22.642 
844. Chris Dunk                         67.236       1062. 30.044        781. 44.666        848. 4.99         55. 120.255 
845. Christian Harrison                         67.039       1826. 5.163       4064. -81.625          0.  0.0       1284. -1.769 
846. Gilles Elseneer                         66.955       2709. -19.238       2501. -12.652        835. 5.589        554. 34.321 
847. Fernando Luna                         66.839       3258. -29.629       4219. -114.251          0.  0.0       2262. -50.0 
848. Brad Drewett                         66.744       4393. -152.318        694. 48.794       1359. -24.286        357. 53.839 
849. Roberto Vizcaino                         66.607       1154. 27.34       1100. 28.604       1606. -36.738          0.  0.0 
850. Yu Hsiou Hsu                         66.362       2284. -4.179          0.  0.0          0.  0.0          0.  0.0 
851. Pablo Llamas Ruiz                         66.311       2012. 0.794        581. 55.25          0.  0.0          0.  0.0 
852. Daniel Evans                         66.274        704. 48.952       3789. -59.065          0.  0.0       2052. -33.825 
853. Jeff Austin                         66.231       2015. 0.716        885. 39.151       1245. -19.001        526. 37.042 
854. Stefano Pescosolido                         66.218       2140. -1.433        982. 33.766        197. 65.694       2360. -60.16 
855. Miguel Nido                         66.171        436. 68.662       3809. -60.168        277. 51.079       1975. -28.681 
856. Juan Ignacio Chela                         66.142        493. 63.775       1741. 6.659       1912. -75.108        629. 28.354 
857. Filip Polasek                         65.957       1217. 25.421       1231. 25.0          0.  0.0          0.  0.0 
858. Pedro Martinez                         65.685       3838. -54.9       2663. -19.122          0.  0.0        260. 65.836 
859. Solon Peppas                         65.618        437. 68.646       1471. 17.648       1713. -46.803          0.  0.0 
860. Aljaz Bedene                         65.488       2912. -24.888       1508. 16.405          0.  0.0        337. 56.328 
861. Andrej Martin                          65.31       3738. -49.966       1170. 26.091          0.  0.0        864. 17.124 
862. David Wheaton                         65.088        191. 98.413       1019. 31.928       1619. -37.979       1540. -13.203 
863. Juan Carlos Saez                         64.985          0.  0.0       1186. 25.45          0.  0.0          0.  0.0 
864. Guillermo Garcia Lopez                         64.752       3455. -38.493       3941. -70.488       1503. -27.194         79. 109.535 
865. Marcelo Filippini                         64.725       2569. -14.156        784. 44.517        661. 20.543        783. 21.899 
866. Claude Ngoran                         64.667        773. 45.095        705. 48.342       1970. -95.554          0.  0.0 
867. Guillaume Raoux                         64.386       3585. -45.024         83. 120.385       1168. -12.08        735. 23.984 
868. Tomas Zib                         63.796       3380. -34.5       1361. 21.498       1618. -37.873        566. 33.19 
869. Blaine Willenborg                         63.725       1585. 14.798       1088. 28.933       1722. -47.428       2120. -38.726 
870. Lars Anders Wahlgren                         63.638        407. 71.034       3988. -74.126        496. 27.76        439. 45.795 
871. Zeljko Franulovic                         63.633       2083. -0.32       2700. -20.379       1922. -77.581       2046. -32.857 
872. Tim Donovan                         63.533       3516. -41.701          0.  0.0          0.  0.0          0.  0.0 
873. Charles Owens                         63.495        932. 35.784        896. 38.441       1239. -18.51        499. 39.799 
874. John Frawley                         63.413       4324. -105.444       2638. -18.418        929. 0.386         52. 124.648 
875. Carlos Cuadrado                         63.113          0.  0.0       1835. 3.94          0.  0.0          0.  0.0 
876. Hans Simonsson                         63.044       1026. 31.189        803. 43.895       1587. -34.634        867. 17.074 
877. Erick Iskersky                         63.019       2753. -20.867        576. 55.644        213. 62.582       1047. 5.723 
878. Isao Kobayashi                         62.739          0.  0.0          0.  0.0          0.  0.0          0.  0.0 
879. Maximilian Marterer                          62.43       1486. 18.569        259. 85.888          0.  0.0        505. 39.298 
880. Maurice Ruah                         62.396        373. 74.797       1537. 14.906         10. 146.849       2566. -95.892 
881. Dennis Matthews                         62.371       4157. -78.298          0.  0.0          0.  0.0       1257. -1.121 
882. Paolo Pambianco                         62.316          0.  0.0        107. 114.341         14. 138.858          0.  0.0 
883. Grant Stafford                         62.272       1528. 16.752        536. 58.126         73. 103.007       2318. -54.816 
884. Robert Trogolo                         62.205       3301. -31.206       1658. 9.361       1146. -9.509        769. 22.346 
885. Pat Dupre                         62.191       2628. -16.33        693. 48.82       1944. -82.853       1972. -28.362 
886. Nick Saviano                          62.18       1526. 16.766       2284. -5.427       1649. -40.587        939. 12.064 
887. Jonathan Erlich                         62.112       1160. 27.134          0.  0.0          0.  0.0        909. 14.311 
888. Radomir Vasek                         62.024       1097. 28.878       4148. -93.585       1960. -90.312        899. 14.957 
889. Colin Obrien                          61.97        674. 50.571         48. 135.983          0.  0.0       1119. 2.312 
890. Todd Witsken                         61.911       4229. -87.998       2402. -8.638        100. 91.239        438. 45.837 
891. Alibek Kachmazov                         61.907        168. 102.769          0.  0.0          0.  0.0          0.  0.0 
892. Ioannis Rigas                           61.9          0.  0.0       2398. -8.451          0.  0.0          0.  0.0 
893. Bernd Karbacher                          61.54       3377. -34.334       4264. -145.813       1235. -18.285       2127. -39.028 
894. Lars Elvstrom                         61.512       2500. -11.386       3301. -34.699         74. 102.776       1612. -17.868 
895. Reda Galou                         61.434       2029. 0.475       2568. -15.945          0.  0.0          0.  0.0 
896. Adrian Marcu                          61.35          0.  0.0       1139. 26.837       1024. -3.321          0.  0.0 
897. Pender Murphy                          61.34       4108. -73.808       2390. -8.302          0.  0.0          0.  0.0 
898. Kotaro Miyachi                         61.207       1722. 8.487          0.  0.0        668. 20.162          0.  0.0 
899. Wally Masur                         61.066        694. 49.679        314. 78.79        946. -0.018       2302. -53.146 
900. Paul Chamberlin                         61.009       2416. -8.162          0.  0.0        764. 10.675       1520. -11.744 
901. Stefano Travaglia                         60.867       1764. 6.969       2674. -19.566          0.  0.0        527. 36.941 
902. David Sanchez                         60.631       4217. -85.664        302. 80.277         84. 99.604       2324. -55.667 
903. Paul Torre                         60.617        810. 42.785        682. 49.343        771. 10.297          0.  0.0 
904. Henrique Rocha                         60.392       1055. 30.257       1333. 22.467          0.  0.0          0.  0.0 
905. Mario Vilella Martinez                         60.218       2683. -18.32       4017. -76.066          0.  0.0          0.  0.0 
906. Wing Luen Wong                         60.136       1050. 30.389          0.  0.0          0.  0.0          0.  0.0 
907. Dan Goldie                         60.075       1689. 9.948       3518. -45.021       1152. -10.362        938. 12.132 
908. Marco Trungelliti                         60.032       3586. -45.052       3599. -48.169          0.  0.0        862. 17.277 
909. Dusan Vemic                         59.915        425. 69.765        540. 57.829        146. 75.723        734. 24.124 
910. Martin Damm Sr                         59.808       3331. -32.364       3744. -55.938        880. 2.799       1753. -24.001 
911. Elmer Moller                         59.781       1803. 5.749        584. 55.053          0.  0.0          0.  0.0 
912. Christian Miniussi                         59.679       1195. 26.37       2795. -22.986          0.  0.0       1930. -26.684 
913. Meir Wertheimer                         59.627       1140. 27.718       2170. -2.821          0.  0.0          0.  0.0 
914. Donald Young                         59.594       2518. -12.06       2132. -1.976          0.  0.0       1590. -16.765 
915. Rodney Harmon                         59.435       1666. 11.145         74. 123.109        157. 74.29        483. 41.417 
916. Federico Delbonis                         59.413       1463. 19.362       2669. -19.312          0.  0.0       2179. -43.307 
917. Evgeny Korolev                         59.384       3190. -27.76       1391. 20.272        745. 12.501       2096. -37.052 
918. Francesco Cancellotti                         59.373       3368. -33.762        634. 51.851       1884. -69.611        122. 93.082 
919. Ljuben Genov                         59.323          0.  0.0       1465. 17.84          0.  0.0          0.  0.0 
920. Cezar Cretu                         59.279        910. 37.49          0.  0.0          0.  0.0          0.  0.0 
921. Tucker Vorster                         59.176       1171. 26.851       1314. 23.204          0.  0.0          0.  0.0 
922. Peter Curtis                         58.973       4252. -91.211       2847. -24.557       1002. -2.502       2307. -53.375 
923. Fernando Dalla Fontana                         58.944          0.  0.0       1650.  9.6        553. 25.0          0.  0.0 
924. Dick Norman                         58.914       3279. -30.476        405. 70.467        375. 39.79       1703. -22.165 
925. Jiu Hua Zhang                         58.704       1490. 18.213       3466. -42.53       1410. -25.0          0.  0.0 
926. Colin Rees                         58.542        732. 47.26          0.  0.0          0.  0.0          0.  0.0 
927. Ernests Gulbis                         58.536       4001. -64.706       3715. -54.027        552. 25.01       1127.  2.1 
928. Ellis Ferreira                          58.29        606. 54.562        373. 73.191          0.  0.0        652. 27.109 
929. Cyril Saulnier                         58.265        571. 56.941       4275. -172.764        191. 66.425       1523. -11.976 
930. Antoine Bellier                         58.244        541. 59.267       2818. -23.644          0.  0.0         26. 139.002 
931. James Duckworth                         58.138       3134. -26.549       1623. 10.707          0.  0.0        191. 76.819 
932. Massimiliano Narducci                         58.106       1702. 9.341         89. 119.057       1177. -13.125       1911. -26.001 
933. Dean Botha                         57.939        567. 57.333          0.  0.0          0.  0.0          0.  0.0 
934. Jia Ping Xia                         57.918       3459. -38.691       1688. 8.463       1583. -34.224       1349. -3.601 
935. Tarik Benhabiles                         57.903        802. 43.439       4023. -76.934       1949. -86.135        989. 9.199 
936. Elias Ymer                         57.881       1167. 26.943       3872. -65.308          0.  0.0        948. 11.571 
937. John Whitlinger                         57.748       2086. -0.336       1824. 4.222       1164. -11.844       1066. 4.856 
938. Alex Obrien                          57.66       3600. -45.62        112. 112.393        124. 81.385        193. 76.507 
939. Francois Jauffret                         57.571       3064. -25.254       3024. -25.484        889. 2.451       1593. -17.114 
940. Roger Knapp                          57.43        494. 63.738          0.  0.0       1725. -47.784       2372. -61.942 
941. Bernard Mignot                          57.42       1070. 29.764       2619. -17.824       1698. -45.796       1636. -18.979 
942. Mervyn Rose                         57.401       1155. 27.329          0.  0.0          0.  0.0       1573. -15.697 
943. Eric Amend                         57.357       2457. -9.717          0.  0.0          0.  0.0          0.  0.0 
944. Mose Navarra                         57.257       1618. 13.301       1034. 31.274       1568. -32.16       1469. -9.076 
945. Filip Aniola                         57.206          0.  0.0       1251. 24.983          0.  0.0          0.  0.0 
946. Michael Grant                         57.148        433. 69.121       1160. 26.406        280. 50.695       2322. -55.571 
947. Mohamed Safwat                         57.011       3106. -26.05        135. 106.544        810. 6.973       1097. 3.326 
948. Bruno Rodriguez                         56.975          0.  0.0       1299. 23.646       1332. -23.204          0.  0.0 
949. Sherwood Stewart                          56.96       2429. -8.57       3559. -46.751       1624. -38.236        434. 46.049 
950. Steve Docherty                         56.925       1922. 2.826       1419. 19.416         18. 135.026        655. 26.908 
951. Rainer Eitzinger                         56.764        515. 61.758       3326. -35.66          0.  0.0          0.  0.0 
952. Hady Habib                         56.672       1164. 26.984       1998. 0.297          0.  0.0          0.  0.0 
953. Mark Kaplan                         56.581       1824. 5.265       2463. -11.377          0.  0.0        249. 67.159 
954. Reda El Amrani                         56.388        711. 48.548       3381. -38.409        947. -0.067          0.  0.0 
955. Agustin Calleri                          56.34       1577. 14.934       1505. 16.439          3. 195.86       1646. -19.699 
956. Onny Parun                         56.228       3456. -38.568       1686. 8.529        853. 4.469       2551. -92.202 
957. Khaled El Salawy                         56.146       2978. -25.0        747. 46.38          0.  0.0          0.  0.0 
958. Fotis Vazeos                         56.106          0.  0.0       1073. 29.633          0.  0.0          0.  0.0 
959. Chris Wilkinson                         56.051        247. 87.939       3637. -49.338       2006. -114.215       2578. -100.55 
960. Jaume Munar                         55.736       3404. -35.514       1645. 9.772          0.  0.0        574. 32.447 
961. Pedja Krstin                         55.736          0.  0.0       1673. 8.911          0.  0.0          0.  0.0 
962. Michael Brown B395                         55.571       3803. -53.108        905. 38.048          0.  0.0          0.  0.0 
963. Alex Antonitsch                         55.438       1462. 19.418       4133. -90.334        151. 75.043       1126. 2.11 
964. Luis Adrian Morejon                         55.375       1304. 24.376       1338. 22.317       1836. -60.96       2053. -33.829 
965. Joost Winnink                         55.319       1580. 14.888        573. 55.84       1126. -7.888          0.  0.0 
966. Aleksandre Bakshi                         55.215        427. 69.527          0.  0.0          0.  0.0          0.  0.0 
967. Matheus Pucinelli De Almeida                         55.068          0.  0.0        168. 99.548          0.  0.0          0.  0.0 
968. Per Jemsby                         55.025       1066. 29.918       1450. 18.324          0.  0.0          0.  0.0 
969. Dick Crealy                         55.013       3207. -28.242        320. 77.82        126. 80.831        992. 9.036 
970. Stevenson Clarke                         54.923          0.  0.0          0.  0.0          0.  0.0       1749. -23.887 
971. Francisco Comesana                         54.903        295. 81.871        925. 36.727          0.  0.0        638. 27.779 
972. Dimitri Poliakov                         54.901       1882. 3.723       2385. -8.216       1315. -22.327       2586. -103.271 
973. Anders Haseth                         54.882          0.  0.0         64. 127.586       1052. -3.952          0.  0.0 
974. Jim Osborne                         54.801       4311. -103.365        630. 52.131        229. 59.331       1969. -28.261 
975. Marco Cecchinato                         54.795       3491. -40.19       1012. 32.407          0.  0.0       1466. -8.881 
976. Orlando Lourenco                         54.656       3705. -48.656       4080. -84.157          0.  0.0          0.  0.0 
977. Alexis Galarneau                         54.542        939. 35.439       3751. -56.56          0.  0.0          0.  0.0 
978. Van Winitsky                         54.463       3468. -39.224       1890. 2.778       1324. -22.869       1679. -21.163 
979. Paul Annacone                         54.228        474. 65.447       1586. 12.096       1997. -105.78        768. 22.442 
980. Johan Anderson                         54.159       1956. 1.837        938. 35.683        694. 17.331        977. 9.828 
981. Georges Goven                         54.157        558. 58.202       1728. 7.178        702. 16.777       2557. -93.717 
982. Martin Klizan                         54.002       1867. 4.005       2697. -20.239          0.  0.0       2579. -100.739 
983. Schalk Van Der Merwe                         53.887        311. 80.089       1501. 16.532          0.  0.0        583. 31.368 
984. Adam Chadaj                         53.846          0.  0.0       1162. 26.341          0.  0.0          0.  0.0 
985. Andrew Foster                         53.767       3345. -32.837          0.  0.0          0.  0.0       1373. -4.808 
986. Benjamin Balleret                         53.688        807. 43.012       2868. -24.905        588. 24.739          0.  0.0 
987. Yannick Maden                         53.551       4344. -112.53       2532. -14.778          0.  0.0        185. 78.254 
988. Ricardo Ojeda Lara                         53.501        570. 57.147       2444. -10.542          0.  0.0          0.  0.0 
989. Genaro Alberto Olivieri                         53.475          0.  0.0        294. 81.397          0.  0.0          0.  0.0 
990. Jamie Morgan                          53.45       3993. -64.386       2774. -22.335        441. 31.596        277. 63.529 
991. Prakash Amritraj                         53.416       3535. -42.279        621. 52.74       1791. -54.012        216. 73.228 
992. Mathieu Montcourt                         53.315       1308. 24.174       1738. 6.758          0.  0.0          0.  0.0 
993. Brad Gilbert                         53.276       2480. -10.774        156. 101.45       1967. -92.844        348. 54.658 
994. Andrea Gaudenzi                          53.27       2244. -3.397       3953. -71.236       1919. -76.607       2013. -30.024 
995. Mike Harrington                         53.136       2882. -24.152       1371. 21.201          0.  0.0          0.  0.0 
996. Illya Marchenko                         53.049       3508. -41.247       4174. -99.295          0.  0.0       1482. -9.399 
997. Noam Okun                         52.816       1691. 9.723       1929. 1.888       1893. -70.633       2281. -51.245 
998. Sashi Menon                         52.758       1295. 24.618       2264. -4.816        693. 17.536       1641. -19.166 
999. Danai Udomchoke                         52.726       2157. -1.691       1855. 3.545        525. 26.532        905. 14.495 
1000. Patrick Proisy                         52.584       2802. -22.535       2350. -7.23        214. 62.079        237. 70.817 
1001. Geoff Grant                         52.421        274. 84.565        744. 46.59          0.  0.0       2196. -45.098 
1002. Alex Corretja                         52.375       3101. -25.946       1249. 24.994        410. 34.636        258. 66.115 
1003. Mitchell Krueger                         52.079       4375. -130.659       2296. -5.724          0.  0.0        231. 71.404 
1004. Juan Manuel Elizondo                         52.078       1254. 25.0       1763. 6.097          0.  0.0          0.  0.0 
1005. Donald Johnson                          51.95        118. 114.595        382. 72.14          0.  0.0       1192. 0.125 
1006. Alejandro Falla                         51.891       1532. 16.646        947. 35.465       1965. -92.684       2489. -79.565 
1007. Laurence Tieleman                         51.776       2517. -12.056       3863. -64.309        293. 49.356       2144. -40.57 
1008. Carl Sundberg                         51.497       1124. 28.191       1229. 25.0          0.  0.0          0.  0.0 
1009. Simon Larose                         51.453       1018. 31.537       3598. -48.154       1161. -11.477          0.  0.0 
1010. Oliver Ojakaar                         51.409          0.  0.0       3965. -72.281          0.  0.0          0.  0.0 
1011. Arnaud Di Pasquale                          51.36        524. 61.024       1869. 3.195       1632. -38.773       1102. 3.141 
1012. Mikhail Filima                         51.239       1681. 10.448          0.  0.0        300. 48.434          0.  0.0 
1013. Brian Baker                         51.177       3940. -61.45       2411. -9.009          0.  0.0        589. 31.004 
1014. Simone Vagnozzi                         51.165          0.  0.0       3319. -35.389          0.  0.0          0.  0.0 
1015. Peter Fleming                         51.058       1684. 10.312       3522. -45.113        754. 11.389       2253. -49.094 
1016. Viktor Troicki                         50.974       2277. -3.965       1122. 27.602          0.  0.0       1748. -23.877 
1017. Deon Joubert                          50.93       1904. 3.351        539. 57.891       1010. -2.791       2312. -54.3 
1018. Axel Pretzsch                          50.69        591. 55.807        484. 62.389          0.  0.0         58. 119.267 
1019. Igor Andreev                         50.645       1680. 10.451        200. 95.178       1534. -29.339       2590. -106.626 
1020. Martin Vilarrubi                         50.567       1176. 26.796       2821. -23.72          0.  0.0          0.  0.0 
1021. Bob Hewitt                         50.518        572. 56.902       1324. 22.933        492. 27.894        525. 37.116 
1022. Gergely Kisgyorgy                         49.991       3579. -44.805       2477. -11.782       1691. -45.191          0.  0.0 
1023. Tony Mmoh                         49.748       3718. -49.158       2147. -2.274        289. 49.914       1083. 4.005 
1024. Kenny De Schepper                         49.741       1623. 13.186       2025. -0.197          0.  0.0       1158. 1.194 
1025. P Moore                         49.678          0.  0.0       1198. 25.279          0.  0.0          0.  0.0 
1026. Haroon Ismail                          49.64        930. 36.011       3938. -70.257        435. 32.269       2354. -59.478 
1027. Albert Portas                         49.556       3826. -54.133       1155. 26.522       1576. -33.156       1979. -28.877 
1028. Carl Uwe Steeb                         49.288       3245. -29.225       2708. -20.728        201. 64.265       2535. -88.27 
1029. Daniele Bracciali                         49.277       1660. 11.404       3924. -68.808       1154. -10.595       1681. -21.251 
1030. Eduardo Velez                         49.192        300. 81.529       1619. 10.85          0.  0.0       1311. -2.313 
1031. Mikael Pernfors                         48.974       2453. -9.512        445. 66.399       1145. -9.382        806. 20.685 
1032. Ignacio Truyol                         48.894       2776. -21.606       3869. -65.034          0.  0.0          0.  0.0 
1033. Mark Kratzmann                         48.591        183. 100.152       2867. -24.904        846. 5.174        316. 58.9 
1034. Ricky Buwalda                           48.5       2194. -2.135          0.  0.0          0.  0.0         86. 107.73 
1035. Max Franklin                         48.479          0.  0.0          0.  0.0          0.  0.0       1445. -7.816 
1036. Jozsef Krocsko                          48.39       1866. 4.091        211. 93.249        383. 39.026          0.  0.0 
1037. James Auckland                         48.269        438. 68.57          0.  0.0          0.  0.0          0.  0.0 
1038. David Pate                         48.258       3061. -25.207       1261. 24.808        210. 62.873       2441. -70.347 
1039. Amir Hadad                         48.159       4226. -87.323        153. 101.804          0.  0.0          0.  0.0 
1040. Roger Rasheed                         48.151       1047. 30.49          0.  0.0          0.  0.0       1235. -0.624 
1041. Yassine Idmbarek                         48.136       1509. 17.592        446. 66.381          0.  0.0          0.  0.0 
1042. Coleman Wong                         48.095        699. 49.327          0.  0.0          0.  0.0       2205. -46.14 
1043. Bruno Soares                         47.909          0.  0.0       3784. -58.719          0.  0.0          0.  0.0 
1044. Marcelo Barboza                         47.833          0.  0.0       1143. 26.796          0.  0.0          0.  0.0 
1045. Bruce Foxworth                         47.597         66. 134.106       2728. -21.131        113. 87.334       1621. -18.26 
1046. Romeo Rafon                         47.564       2452. -9.49       1845. 3.622          0.  0.0          0.  0.0 
1047. Michal Mertinak                         47.397        951. 34.417        537. 57.968       1280. -20.72        523. 37.296 
1048. Sam Warburg                         47.363         39. 149.059          0.  0.0          0.  0.0       2058. -34.05 
1049. Lukas Dlouhy                         47.301        798. 43.643       1093. 28.83       1866. -66.675       2617. -130.939 
1050. Chieh Fu Wang                         47.272        143. 108.842          0.  0.0          0.  0.0          0.  0.0 
1051. Jean Francois Bachelot                         47.219       1292. 24.657        239. 89.393        485. 28.192         54. 121.853 
1052. Young Jun Kim                         47.179        260. 86.216          0.  0.0          0.  0.0        377. 51.69 
1053. Patrik Rosenholm                         47.024       2220. -2.754          0.  0.0          0.  0.0          0.  0.0 
1054. Andrej Kracman                         47.022       1099. 28.776       1060. 30.154        502. 27.47          0.  0.0 
1055. Peter Lundgren                         47.008       1420. 20.94       3405. -39.221       1520. -28.173       1915. -26.345 
1056. Jacco Eltingh                         46.998       4016. -65.604        388. 71.771       1050. -3.919        930. 12.563 
1057. Marcio Carlsson                          46.97       1348. 23.105       1681. 8.797          0.  0.0          0.  0.0 
1058. Jeff Morrison                         46.896       4325. -105.692       3302. -34.787          0.  0.0        503. 39.584 
1059. Marzio Martelli                         46.866       1624. 13.182       3050. -26.175       1043. -3.621       2164. -42.519 
1060. Julian Reister                         46.789       4315. -103.515       4076. -83.764        674. 19.424        965. 10.611 
1061. Omar Hedayet                         46.735          0.  0.0       1161. 26.401          0.  0.0          0.  0.0 
1062. Olaf Pieczkowski                         46.537       1227. 25.129          0.  0.0          0.  0.0          0.  0.0 
1063. Taghi Akbari                         46.438       1862. 4.203        367. 73.506          0.  0.0          0.  0.0 
1064. Romano Tatuhey                         46.326       1282. 24.84          0.  0.0          0.  0.0          0.  0.0 
1065. Roberto Carretero                         46.302       2361. -6.346       1072. 29.668       1184. -13.383          0.  0.0 
1066. Dragos Dima                         46.181        125. 113.388          0.  0.0          0.  0.0          0.  0.0 
1067. Tomas Nydahl                         46.034        787. 44.39       2548. -15.219       1281. -20.745        493. 40.379 
1068. Tenny Svensson                         45.915        458. 66.771       2039. -0.347        458. 29.968       1008. 7.938 
1069. Phillip Tuckniss                         45.915          0.  0.0        408. 70.252          0.  0.0          0.  0.0 
1070. Gianluca Mager                         45.842        498. 63.485       1095. 28.811          0.  0.0         42. 129.684 
1071. Daniel Gimeno Traver                         45.732       4322. -105.028       3488. -43.51          0.  0.0       1010. 7.811 
1072. Alberto Berasategui                         45.591       3992. -64.354        242. 88.866        884. 2.511       1381. -5.029 
1073. Van Bay Vo                         45.587          0.  0.0          0.  0.0          0.  0.0        624. 28.622 
1074. Juan Balcells                         45.527       1738. 8.017       2503. -12.68       1943. -82.627        498. 39.877 
1075. Federico Luzzi                         45.505       1590. 14.52       3140. -28.303       1900. -71.57          0.  0.0 
1076. Mark Petchey                         45.485        763. 46.162       1960. 1.224       1309. -22.084       1888. -25.14 
1077. Mike Myburg                         45.478       3367. -33.762       2490. -12.273          0.  0.0        105. 99.08 
1078. Jan Willem Lodder                         45.469          0.  0.0       4022. -76.917          0.  0.0          0.  0.0 
1079. Warren Maher                         45.447       3811. -53.338        600. 54.124        342. 43.981        421. 47.223 
1080. Mehl Ampon                          45.41        756. 46.376        943. 35.506          0.  0.0          0.  0.0 
1081. Yuki Bhambri                          45.32       2263. -3.761        748. 46.319          0.  0.0        608. 29.807 
1082. Simon Stadler                         45.165       4048. -68.163          0.  0.0          0.  0.0       2465. -74.963 
1083. Henri Leconte                         45.149        511. 62.021       1710. 7.519        452. 30.497       1491. -10.206 
1084. Mohammed Chinois El Achraoui                         44.884          0.  0.0       1935. 1.796          0.  0.0          0.  0.0 
1085. Zeljko Tosic                         44.871          0.  0.0        599. 54.128          0.  0.0          0.  0.0 
1086. Jean Jacques Kouassi                         44.794       1175. 26.796       2029. -0.239          0.  0.0          0.  0.0 
1087. Andrew Pattison                         44.697       2800. -22.469        834. 41.79       1825. -59.491        765. 22.564 
1088. Khaled Ashkanani                         44.657       1510. 17.514          0.  0.0          0.  0.0          0.  0.0 
1089. Michael Sell                         44.655        747. 46.77       3624. -48.822          0.  0.0       1393. -5.428 
1090. Jean Jacques Rakotohasy                         44.603       1783. 6.46       1236. 25.0          0.  0.0          0.  0.0 
1091. Florent Serra                         44.215       1658. 11.432       2827. -23.909       2022. -140.261       2226. -47.198 
1092. Go Soeda                          44.21       3561. -43.91       1447. 18.472        457. 30.047        884. 16.306 
1093. Tony Lloyd                         44.196          0.  0.0          0.  0.0          0.  0.0        759. 23.082 
1094. Sargis Sargsian                          44.07       2415. -8.122       4051. -79.765        794. 8.674       1513. -11.478 
1095. Tamer El Sawy                         44.018       3628. -46.443       1554. 13.646        338. 44.497        957. 11.037 
1096. Daniel Vallejo                         43.953          0.  0.0       3134. -28.172          0.  0.0          0.  0.0 
1097. Stephane Simian                         43.792       3069. -25.371       1078. 29.406        463. 29.574        130. 92.011 
1098. Derek Tarr                         43.735       2301. -4.592       2020. -0.122          0.  0.0        896. 15.145 
1099. Lazaro Navarro Batles                         43.724       1202. 26.138       2091. -1.456          0.  0.0          0.  0.0 
1100. Tian C Viljoen                         43.693       1446. 19.983       1882. 3.001          0.  0.0       2151. -41.528 
1101. Cassio Motta                         43.659        513. 61.78        557. 56.635       1233. -18.001       1228. -0.411 
1102. Nikola Milojevic                          43.54       1649. 11.879        773. 44.917          0.  0.0          0.  0.0 
1103. Andrei Pavel                         43.528        805. 43.109       2545. -15.098       1107. -6.775       2532. -87.662 
1104. Julian Ganzabal                         43.373       4260. -92.883       2581. -16.314       1272. -20.206       2083. -35.486 
1105. Sebastien Grosjean                         43.367        490. 64.022       3154. -28.92        632. 22.428       1923. -26.525 
1106. Luciano Darderi                         43.338       3285. -30.645        360. 74.067          0.  0.0       1012. 7.778 
1107. U Montona                           43.3          0.  0.0          0.  0.0       1672. -43.069          0.  0.0 
1108. Luis Manuel Flores                         43.276       1334. 23.385          0.  0.0        514. 26.796          0.  0.0 
1109. Thomaz Koch                         43.239       2023. 0.544       3431. -40.726       1694. -45.394        251. 66.861 
1110. Jean Yves Job                         43.198       1847. 4.526          0.  0.0          0.  0.0          0.  0.0 
1111. Horst Skoff                         43.133       3317. -31.879       2240. -4.389       1684. -44.463        609. 29.711 
1112. Charlie Shaw                         43.113          0.  0.0          0.  0.0          0.  0.0        675. 26.214 
1113. Andrey Golubev                         43.066       1637. 12.417       1580. 12.483       1021. -3.166       2474. -77.448 
1114. Marcelo Saliola                         42.922       1825. 5.178          0.  0.0        628. 22.601          0.  0.0 
1115. Francisco Montana                         42.893       2486. -10.9       1415. 19.557       1727. -47.858       1383. -5.11 
1116. Jae Sung An                         42.711       1219. 25.356       2654. -18.954       1238. -18.366          0.  0.0 
1117. Mostafa Saleh                         42.528       1742. 7.922          0.  0.0          0.  0.0          0.  0.0 
1118. Filip Cristian Jianu                         42.499        434. 68.894          0.  0.0          0.  0.0          0.  0.0 
1119. Manuel Guinard                          42.49        854. 40.859       4098. -85.986          0.  0.0          0.  0.0 
1120. Nicolas Thomann                         42.378        542. 59.226        191. 96.278       1580. -33.59       1286. -1.79 
1121. Corrado Borroni                         42.305          0.  0.0        355. 74.701          0.  0.0          0.  0.0 
1122. Ivan Molina                         42.289        972. 33.401       3973. -72.881       1779. -51.541       2386. -63.713 
1123. Trey Waltke                         42.224        394. 72.393       1075. 29.547       1071. -4.89        959. 10.99 
1124. Tommy Robredo                         42.221        253. 86.711        906. 37.948       1075. -5.161       1970. -28.281 
1125. Chris Eaton                         42.011         24. 159.207          0.  0.0          0.  0.0       1236. -0.693 
1126. Martin Sinner                         41.983        128. 113.306        615. 53.03         55. 114.343       1600. -17.348 
1127. Jerome Kym                         41.962       2218. -2.647          0.  0.0          0.  0.0          0.  0.0 
1128. Mohamed Dlimi                         41.957       1439. 20.216        611. 53.401          0.  0.0          0.  0.0 
1129. Aisam Ul Haq Qureshi                         41.956       4113. -74.663       1339. 22.264          0.  0.0       1148. 1.42 
1130. Rory Chappell                         41.887       1620. 13.277       3203. -30.991          0.  0.0        157. 83.791 
1131. Jurabek Karimov                         41.648       2306. -4.785       1535. 15.046          0.  0.0          0.  0.0 
1132. Adam Skrzypczak                         41.537          0.  0.0       1137. 27.015        805. 7.41          0.  0.0 
1133. Jonathan Chu                         41.536       3089. -25.641          0.  0.0          0.  0.0          0.  0.0 
1134. Dimitri Mazur                         41.483       2496. -11.25          0.  0.0          0.  0.0          0.  0.0 
1135. Aqeel Khan                         41.482       1993. 1.263       4000. -74.936        792. 8.932       1731. -23.299 
1136. Tomas Smid                         41.317       3382. -34.633        843. 41.553        646. 21.146        861. 17.387 
1137. Thomas Schoorel                         41.262       1415. 21.029       3183. -29.877          0.  0.0          0.  0.0 
1138. Frew Mcmillan                         41.214        587. 56.06       4097. -85.809       1286. -20.9        865. 17.109 
1139. Diego Perez                         41.157       2377. -6.976        655. 50.783       1650. -40.654         43. 129.084 
1140. Louk Sanders                         41.082       3278. -30.457        407. 70.283       1554. -31.095       2442. -70.564 
1141. Bojidar Pampoulov                         41.062          0.  0.0       1675. 8.874        527. 26.343          0.  0.0 
1142. Harald Theissen                         41.025       1039. 30.773       1564. 13.132       1504. -27.223        407. 49.376 
1143. Robbie Weiss                         41.018        544. 59.16       1352. 21.923       1630. -38.691        215. 73.546 
1144. Jan Mertl                         40.958        791. 44.161       2828. -23.943          0.  0.0          0.  0.0 
1145. Francis Casey Alcantara                         40.942       4104. -73.203       2789. -22.784        365. 41.075          0.  0.0 
1146. Markus Hantschk                         40.927       1136. 27.9       2446. -10.615          0.  0.0       2608. -122.795 
1147. Sun Yong Kim Jr                         40.852       4262. -93.166          0.  0.0        573. 25.0          0.  0.0 
1148. Rauty Krog                         40.816       2365. -6.627          0.  0.0          0.  0.0        272. 64.53 
1149. Steve Guy                         40.709       3452. -38.309       3228. -32.319        414. 34.463       2124. -38.986 
1150. Carsten Ball                         40.706       3359. -33.395       3423. -40.161          0.  0.0       2494. -80.283 
1151. Carlos Avellan                         40.659       1223. 25.302       1642. 9.896          0.  0.0          0.  0.0 
1152. Andrew Richardson                          40.57       1991. 1.29          0.  0.0        184. 68.234       2050. -33.737 
1153. Omar Camporese                         40.548         53. 140.59       4072. -83.136        617. 23.315       2478. -77.91 
1154. Eduardo Masso                         40.473       1038. 30.776       3548. -46.315        373. 40.033       1974. -28.664 
1155. Jahanbakhsh Souri                         40.466       1347. 23.116          0.  0.0          0.  0.0          0.  0.0 
1156. Duje Ajdukovic                         40.415       3839. -54.948       4106. -86.592          0.  0.0          0.  0.0 
1157. Sasa Hirszon                         40.317         38. 149.406       3264. -33.267        171. 71.043        162. 82.48 
1158. Andrei Merinov                         40.314       3196. -27.886        534. 58.324       1299. -21.523          0.  0.0 
1159. Stephan Rhode                         40.271          0.  0.0       4179. -101.615          0.  0.0          0.  0.0 
1160. Wayne Hearn                         40.208       1898. 3.429          0.  0.0          0.  0.0          0.  0.0 
1161. Yasutaka Uchiyama                         40.174       2761. -21.176       1394. 20.149          0.  0.0       1967. -28.056 
1162. Ruslon Rainov                         40.159          0.  0.0        555. 56.746          0.  0.0          0.  0.0 
1163. Henrik Sundstrom                         40.156       3546. -43.132       3490. -43.612       1786. -52.847       1357. -4.032 
1164. Keith Diepraam                         40.129       1894. 3.532       1661. 9.199          0.  0.0       1575. -15.727 
1165. Ti Chen                          40.03       1100. 28.775        582. 55.143        667. 20.168        464. 42.796 
1166. Matej Dodig                         39.899       2592. -15.083       1400. 20.018          0.  0.0          0.  0.0 
1167. Michal Gawlowski                         39.889        712. 48.501        251. 87.592        607. 23.77          0.  0.0 
1168. Yemisi Allan                         39.765       1892. 3.573          0.  0.0          0.  0.0          0.  0.0 
1169. Joey Blake                         39.735       2346. -5.799          0.  0.0          0.  0.0          0.  0.0 
1170. Stojan Velev                         39.709          0.  0.0       2017. -0.056          0.  0.0          0.  0.0 
1171. Per Hegna                         39.693        673. 50.661        787. 44.476        690. 17.768          0.  0.0 
1172. Tobias Clemens                         39.677        663. 51.35          0.  0.0       1439. -25.0          0.  0.0 
1173. Franco Davin                         39.654       3640. -46.776       3386. -38.63        651. 20.92          0.  0.0 
1174. Anders Jarryd                         39.627       2591. -15.015       3465. -42.415       2002. -110.678       2387. -63.785 
1175. Krystian Pfeiffer                         39.603          0.  0.0       2580. -16.243          0.  0.0          0.  0.0 
1176. Gyorgy Balazs                         39.465       2787. -22.001       2835. -24.202        987. -1.797          0.  0.0 
1177. Jiri Hrebec                         39.425        833. 41.727       3322. -35.519       1927. -78.91        553. 34.332 
1178. Tony Graham                         39.376        463. 66.179       1111. 28.148       1342. -23.6       1068. 4.768 
1179. Jiri Granat                         39.301       1936. 2.42       4069. -82.552        449. 30.775       2623. -160.903 
1180. Brian Garrow                         39.293       1845. 4.534       3516. -44.974       1872. -67.775       2304. -53.23 
1181. Daniel Orsanic                         39.142       3984. -63.987       1259. 24.834       1622. -38.111        898. 14.959 
1182. David Mustard                         39.112        669. 50.954       3162. -29.165       1760. -49.889        826. 19.826 
1183. Marco Chiudinelli                         39.035       4073. -69.93        471. 63.592        116. 86.934       1719. -22.78 
1184. Inigo Cervantes Huegun                         38.968       1360. 22.817       3105. -27.318          0.  0.0        306. 60.235 
1185. Craig Wittus                         38.896       3454. -38.43       1639. 10.102         29. 127.388        615. 29.164 
1186. Yuichi Sugita                         38.827        200. 96.674       2110. -1.77        742. 12.705       1399. -5.616 
1187. Roberto Marcora                         38.759       3712. -48.859       3510. -44.754          0.  0.0          0.  0.0 
1188. Chip Hooper                         38.667       3183. -27.557        533. 58.43        699. 17.039         17. 156.889 
1189. Birger Andersson                         38.648       2425. -8.518       2657. -19.019        140. 76.52        128. 92.456 
1190. Mike Brunnberg                         38.533       1860. 4.213       2752. -21.768       1877. -68.257       2148. -40.913 
1191. Andrei Luzgin                         38.353       1243. 25.0          0.  0.0        532. 26.106          0.  0.0 
1192. Clark Graebner                         38.252       2833. -23.216       2528. -14.449       1860. -65.524        468. 42.286 
1193. Jonas Froberg                          38.15       2511. -11.749          0.  0.0          0.  0.0          0.  0.0 
1194. Joseph Sirianni                         37.852       2533. -12.538          0.  0.0          0.  0.0       2517. -85.488 
1195. Brad Rowe                          37.55       3968. -63.003       1044. 30.834         65. 108.413          0.  0.0 
1196. Karim Alami                         37.542       4373. -129.774        309. 79.425       1634. -38.826        151. 85.028 
1197. Brian Page                         37.513       1365. 22.672       1885. 2.955          0.  0.0          0.  0.0 
1198. Lovro Zovko                         37.501        977. 33.278       3801. -59.82        649. 20.964          0.  0.0 
1199. Girts Dzelde                         37.334       1335. 23.291       1939. 1.754       1973. -96.085          0.  0.0 
1200. Claudio Mezzadri                         37.328       3591. -45.275        149. 103.222        249. 55.518       2501. -82.082 
1201. Florin Mergea                         37.311       3274. -30.365       2554. -15.316          0.  0.0       1365. -4.426 
1202. Gonzalo Escobar                          37.28       2901. -24.728        974. 34.289          0.  0.0          0.  0.0 
1203. Wieslaw Gasiorek                         37.254       3695. -48.356        724. 47.281          0.  0.0          0.  0.0 
1204. Marsel Ilhan                         37.158       4163. -78.856       2229. -4.146        319. 46.464        542. 35.389 
1205. Islam Ul Haq                         37.101       1237. 25.0       2759. -21.945          0.  0.0          0.  0.0 
1206. Tony Richey                         36.989       1278. 24.928          0.  0.0          0.  0.0          0.  0.0 
1207. Heiner Moraing                          36.97       3498. -40.465       1004. 32.756          0.  0.0       2565. -95.869 
1208. Patrick Landau                         36.892          0.  0.0        645. 51.545          0.  0.0          0.  0.0 
1209. Randy Crawford                         36.685        289. 82.395        718. 47.669        245. 56.759       2530. -87.464 
1210. Mariano Hood                         36.662          0.  0.0       1543. 14.493          0.  0.0          0.  0.0 
1211. Frederic Niemeyer                         36.656       3761. -50.765       1805. 4.73        808. 7.147        427. 46.46 
1212. August Holmgren                         36.648       1443. 20.059       1840. 3.824          0.  0.0          0.  0.0 
1213. Andrea Stoppini                          36.57         57. 137.881       2860. -24.781          0.  0.0          0.  0.0 
1214. Vadim Kutsenko                         36.559        710. 48.562       3111. -27.437         98. 92.709          0.  0.0 
1215. Michal Przysiezny                         36.484       1364. 22.695       4004. -75.188        779. 9.733       1694. -21.762 
1216. Peter Elter                         36.411        601. 55.21        243. 88.723       1802. -55.607       2602. -115.138 
1217. Demetris Azoides                          36.29         63. 135.532          0.  0.0          0.  0.0          0.  0.0 
1218. Patrick Baur                         36.259       3204. -28.121        262. 85.465       1144. -9.366        380. 51.593 
1219. Donald Watt                         36.107          0.  0.0          0.  0.0          0.  0.0        612. 29.384 
1220. Rejean Genois                         36.006        523. 61.051        443. 66.733        528. 26.331        665. 26.465 
1221. Iztok Bozic                         35.994       2822. -22.945       1256. 24.876       1530. -28.934          0.  0.0 
1222. Lukas Pokorny                         35.972          0.  0.0        434. 67.537          0.  0.0          0.  0.0 
1223. Frederik Fetterlein                         35.936       1198. 26.269       3002. -25.101       1666. -42.32       1028. 6.574 
1224. Raven Klaasen                         35.753       1071. 29.763          0.  0.0          0.  0.0        626. 28.461 
1225. Joao Soares                         35.557       1652. 11.789       2535. -14.841        169. 71.222        718. 24.799 
1226. Benjamin Lock                         35.547       4092. -72.16       2985. -25.0          0.  0.0          0.  0.0 
1227. Dominik Meffert                         35.493       1493. 18.104       1193. 25.386          0.  0.0       1331. -2.87 
1228. Ivo Karlovic                         35.383       1864. 4.168        127. 107.93        535. 25.692        472. 41.997 
1229. Alexander Bury                         35.379       1178. 26.796       3163. -29.174          0.  0.0          0.  0.0 
1230. Tihomir Grozdanov                         35.356          0.  0.0       1184. 25.505       1742. -48.204          0.  0.0 
1231. Michel Borfiga                         35.288          0.  0.0        760. 45.657          0.  0.0          0.  0.0 
1232. Christoph Meyer                         35.104          0.  0.0       1270. 24.504          0.  0.0          0.  0.0 
1233. Dong Wook Song                         35.056        108. 117.349       3766. -57.822          0.  0.0          0.  0.0 
1234. Rashid Malik                          35.03       1224. 25.222        572. 55.875          0.  0.0          0.  0.0 
1235. Uladzimir Ignatik                         35.029       3522. -41.941       3762. -57.746       1333. -23.28          0.  0.0 
1236. Michael Walker                         34.934       2502. -11.552       1785. 5.226          0.  0.0       2454. -72.734 
1237. Michiel Schapers                         34.772        752. 46.466       1894. 2.708       1275. -20.462       1903. -25.504 
1238. Nicolas Moreno De Alboran                         34.687       1774. 6.643       1915. 2.209          0.  0.0          0.  0.0 
1239. Matteo Donati                         34.579          0.  0.0       2855. -24.68          0.  0.0          0.  0.0 
1240. Wei You                         34.503       1120. 28.323       2414. -9.043          0.  0.0          0.  0.0 
1241. Andrei Karatchenia                         34.469       1421. 20.937        894. 38.603          0.  0.0          0.  0.0 
1242. Radoslav Lukaev                         34.467        366. 75.287       3525. -45.181        977. -1.613          0.  0.0 
1243. Mik Ledvonova                         34.365       1182. 26.767       1329. 22.643          0.  0.0          0.  0.0 
1244. Vijay Amritraj                          34.25       2871. -23.931       1082. 29.24        107. 89.982        346. 54.822 
1245. Yen Hsun Lu                         34.106       2130. -1.249        494. 61.792       1482. -26.426       1918. -26.4 
1246. Glenn Michibata                         33.983       3094. -25.764       2673. -19.459       1157. -11.033        539. 35.966 
1247. Ion Tiriac                         33.901       2321. -5.229       3956. -71.385        656. 20.725        485. 41.309 
1248. Adam Thompson                         33.844       2123. -1.039          0.  0.0        577. 25.0          0.  0.0 
1249. Stefan Hermann                         33.745          0.  0.0        428. 68.659          0.  0.0          0.  0.0 
1250. S Viljoen                         33.671       1839. 4.752          0.  0.0          0.  0.0          0.  0.0 
1251. Nicolas Kischkewitz                         33.665          0.  0.0       1572. 12.802          0.  0.0          0.  0.0 
1252. Marc Andrea Huesler                         33.663       3073. -25.43       2738. -21.418          0.  0.0       1061. 4.965 
1253. Gerald Mild                         33.599        668. 50.995       1530. 15.229          0.  0.0        797. 21.103 
1254. Diego Hartfield                         33.586         22. 163.161       3651. -50.348        215. 61.958       2174. -43.051 
1255. Michele Leclercq                         33.567        109. 117.28        610. 53.417       1370. -25.0         47. 126.12 
1256. Saeed Meer                         33.547       1820. 5.319       3316. -35.346          0.  0.0        172. 80.085 
1257. Dale Houston                         33.485          0.  0.0          0.  0.0          0.  0.0        262. 65.471 
1258. Vincent Spadea                         33.458       3943. -61.572       4021. -76.576        504. 27.461       1684. -21.43 
1259. Jacob Fearnley                          33.44       2661. -17.542          0.  0.0          0.  0.0        963. 10.673 
1260. Alberto Jimenez                         33.368          0.  0.0        293. 81.442          0.  0.0          0.  0.0 
1261. Robert Farah                         33.327       3865. -56.701       1050. 30.73          0.  0.0          0.  0.0 
1262. Grzegorz Panfil                         33.258       1314. 24.038       2474. -11.664        515. 26.796          0.  0.0 
1263. Mathieu Rodrigues                         33.182        584. 56.461          0.  0.0          0.  0.0          0.  0.0 
1264. Boo Kil Choi                          33.11          0.  0.0          0.  0.0          0.  0.0          0.  0.0 
1265. Juan Torralbo                           33.1          0.  0.0       3043. -26.05          0.  0.0          0.  0.0 
1266. Markus Eriksson                         33.086       1442. 20.059       2628. -18.162          0.  0.0          0.  0.0 
1267. Miloslav Mecir Jr                         32.872       1077. 29.568          0.  0.0          0.  0.0          0.  0.0 
1268. Denis Gremelmayr                         32.835       1310. 24.113       1611. 11.155          0.  0.0       1610. -17.83 
1269. Luis Ayala                          32.77       2519. -12.112        709. 48.074          0.  0.0       1635. -18.896 
1270. Rolandas Murashka                         32.726       2093. -0.531        733. 46.898        934. 0.238          0.  0.0 
1271. Frank Falderbaum                         32.717       1482. 18.722       3283. -33.966          0.  0.0          0.  0.0 
1272. Martin Wostenholme                         32.717       1508. 17.64       1056. 30.335       1974. -96.828        921. 13.122 
1273. Libor Nemecek                         32.665        275. 84.044       3541. -46.161          0.  0.0          0.  0.0 
1274. Peter Gojowczyk                         32.559       1596. 14.175       1107. 28.265          0.  0.0         20. 146.552 
1275. Eddie Cruz                         32.534         29. 152.608       3041. -25.997          0.  0.0        167. 81.889 
1276. J J Wolf                         32.449        858. 40.501        483. 62.546          0.  0.0        533. 36.381 
1277. Eduardo Nicolas                         32.282          0.  0.0        876. 39.53          0.  0.0          0.  0.0 
1278. Diego Veronelli                         32.186       3831. -54.475       2256. -4.649          0.  0.0          0.  0.0 
1279. Shahab Hassani Nafez                         32.145       2189. -2.106       1495. 16.778          0.  0.0          0.  0.0 
1280. Martin Hipp                         31.918          0.  0.0        661. 50.399          0.  0.0          0.  0.0 
1281. Hugo Armando                         31.895       2203. -2.349        353. 74.912          0.  0.0          0.  0.0 
1282. Luke Smith                         31.841       2473. -10.524          0.  0.0          0.  0.0          0.  0.0 
1283. Julien Varlet                         31.746       1080. 29.488        668. 50.059       1185. -13.606          0.  0.0 
1284. Lukas Neumayer                         31.718          0.  0.0       1865. 3.309          0.  0.0          0.  0.0 
1285. Salvador Navarro                         31.684          0.  0.0       2757. -21.925          0.  0.0          0.  0.0 
1286. Mark Koevermans                         31.675       2151. -1.584       1201. 25.203       1903. -72.639       1629. -18.499 
1287. Greg Van Emburgh                         31.652        318. 79.257          0.  0.0       1291. -21.151          0.  0.0 
1288. Carl Axel Hageskog                         31.643          0.  0.0       1319. 23.068          0.  0.0          0.  0.0 
1289. Kent Kinnear                         31.638       4249. -90.671          0.  0.0       1186. -13.641        265. 64.987 
1290. B Newman                         31.542        592. 55.696          0.  0.0          0.  0.0          0.  0.0 
1291. Yan Bai                         31.393       1498. 17.9          0.  0.0          0.  0.0          0.  0.0 
1292. Pierre Bouteyre                         31.374       1874. 3.866       1457. 18.132          0.  0.0       1924. -26.529 
1293. Alex Knaff                         31.343        620. 53.59       3787. -58.866          0.  0.0          0.  0.0 
1294. Christoph Zipf                         31.319       1726. 8.288       4261. -141.561       1213. -16.135          0.  0.0 
1295. Karsten Schulz                         31.225       1642. 12.124          0.  0.0          0.  0.0          0.  0.0 
1296. Louk Sorensen                         31.207       3082. -25.523          0.  0.0        470. 29.155          0.  0.0 
1297. Terence Atmane                         31.142       2172. -1.835        480. 62.644          0.  0.0          0.  0.0 
1298. Bill Bowrey                         31.131       1963. 1.769       1799. 4.891        208. 63.125        631. 28.188 
1299. Adolfo Gonzalez                         31.109       1072. 29.753        233. 90.732       1807. -56.769          0.  0.0 
1300. Vladimir Zednik                         31.016       3599. -45.567       3379. -38.312        793. 8.742       1619. -18.136 
1301. Hendrik Jan Davids                         30.844         11. 179.741        108. 114.056        747. 11.974       2406. -66.687 
1302. Ergi Kirkin                         30.844       1145. 27.597          0.  0.0          0.  0.0       2432. -69.725 
1303. Jean Rene Lisnard                         30.833       2846. -23.428       3781. -58.656       1143. -9.316        501. 39.645 
1304. Edison Mandarino                          30.83          0.  0.0       2611. -17.422          0.  0.0          0.  0.0 
1305. Lex Hester                         30.804          0.  0.0       1136. 27.018          0.  0.0          0.  0.0 
1306. Lan Bale                         30.788        254. 86.662          0.  0.0          0.  0.0          0.  0.0 
1307. Tadeusz Nowicki                         30.748       3996. -64.519        648. 51.23       2001. -109.627       1013. 7.468 
1308. Josef Cihak                         30.738        130. 112.584        666. 50.091        344. 43.769       2276. -50.722 
1309. Carlos Castellan                         30.721        806. 43.09       4047. -79.349          0.  0.0          0.  0.0 
1310. Justedjo Tarik                         30.707       2131. -1.257        862. 40.404        308. 47.603       2308. -53.539 
1311. Dimitar Kutrovsky                         30.675       1622. 13.202       1966. 1.077        872. 3.102          0.  0.0 
1312. Travis Rettenmaier                         30.626       3779. -51.638          0.  0.0          0.  0.0       1414. -6.144 
1313. James Sekulov                         30.619       1709. 8.937       3321. -35.443          0.  0.0        448. 44.782 
1314. Andy Kohlberg                         30.609        553. 58.444       3234. -32.443        598. 24.248       2121. -38.728 
1315. Javier Molina                         30.565          0.  0.0       3474. -42.774          0.  0.0          0.  0.0 
1316. Moataz El Sonbol                         30.473          0.  0.0       1776. 5.533          0.  0.0          0.  0.0 
1317. Oliver Fernandez                          30.41       2103. -0.601       1427. 19.098       1633. -38.777          0.  0.0 
1318. Angel Gimenez                         30.357       1128. 28.097        133. 106.761       1518. -28.069        462. 42.984 
1319. Philippe Pech                         30.236       2572. -14.424         11. 162.331        137. 77.624        885. 16.111 
1320. Wesley Whitehouse                         30.218       3851. -55.663          0.  0.0          0.  0.0        941. 11.897 
1321. Aristotelis Thanos                         30.203       1359. 22.894        392. 71.364          0.  0.0          0.  0.0 
1322. Austin Krajicek                         30.126       2477. -10.726        292. 81.703          0.  0.0       1944. -27.0 
1323. Alexander Ritschard                         30.067       2355. -6.054       4181. -102.031          0.  0.0        456. 44.031 
1324. Martin Spottl                          30.02        809. 42.845       3438. -41.119          0.  0.0          0.  0.0 
1325. Geoff Sara                         30.009          0.  0.0          0.  0.0          0.  0.0        666. 26.433 
1326. Alberto Riba                         29.963          0.  0.0        631. 52.069          0.  0.0          0.  0.0 
1327. Diogo Rocha                          29.85          0.  0.0         93. 117.454        572. 25.0          0.  0.0 
1328. Marco Osorio                         29.758       1697. 9.439       4036. -78.305          0.  0.0          0.  0.0 
1329. Belus Prajoux                         29.725       2311. -4.938        872. 39.632        439. 31.827       2283. -51.287 
1330. Galo Blanco                         29.632       4162. -78.719       2817. -23.643        774. 10.116       2603. -116.72 
1331. Rodrigo Rafael                         29.595       1429. 20.635       1859. 3.489          0.  0.0        702. 25.0 
1332. Renzo Furlan                         29.551       4144. -77.189       3747. -56.054        523. 26.614       1200. 0.036 
1333. Hans Podlipnik Castillo                         29.474       2508. -11.697       1140. 26.811          0.  0.0          0.  0.0 
1334. Fritz Wolmarans                         29.423        497. 63.551       1359. 21.554          0.  0.0          0.  0.0 
1335. Bojan Vujic                         29.403          0.  0.0        547. 57.242       1766. -50.193          0.  0.0 
1336. Zoran Sevcenko                         29.394       2357. -6.12       1617. 10.959          0.  0.0          0.  0.0 
1337. Americo Venero Montes                         29.377       1078. 29.553        215. 92.873          0.  0.0          0.  0.0 
1338. Caio Zampieri                         29.359        177. 101.697        385. 71.934          0.  0.0          0.  0.0 
1339. Vasilis Mazarakis                         29.329       2738. -20.259        698. 48.653        589. 24.735          0.  0.0 
1340. Jurgen Zopp                         29.317       3145. -26.688       3756. -57.214        314. 46.832       1125. 2.135 
1341. Finn Christensen                         29.276          0.  0.0       1301. 23.547          0.  0.0          0.  0.0 
1342. Raviv Weidenfeld                         29.276       4095. -72.295          0.  0.0          0.  0.0          0.  0.0 
1343. Nicolas Renavand                         29.271       3411. -35.803          0.  0.0          0.  0.0          0.  0.0 
1344. Renzo Olivo                         29.247       1001. 32.339        552. 56.861          0.  0.0        281. 62.918 
1345. Farhad Tadayon                         29.211          0.  0.0       2088. -1.358          0.  0.0          0.  0.0 
1346. Cliff Skakle                         29.199       4089. -71.861          0.  0.0          0.  0.0          0.  0.0 
1347. Miguel Angel Lopez Jaen                         29.197          0.  0.0         85. 119.955          0.  0.0          0.  0.0 
1348. Emanuel Couto                          29.19       2066. -0.048       1302. 23.538        332. 45.311          0.  0.0 
1349. Dominik Guido Utzinger                         29.116       2964. -25.0       1306. 23.45          0.  0.0          0.  0.0 
1350. Francisco Maciel                         29.047       2617. -15.774       2187. -3.247        207. 63.162        605. 29.998 
1351. Shamil Tarpischev                         29.029          0.  0.0       1808. 4.66          0.  0.0        853. 17.835 
1352. Y Wang                         29.013        206. 95.832          0.  0.0          0.  0.0          0.  0.0 
1353. Marcus Willis                         28.987          0.  0.0          0.  0.0          0.  0.0       1225. -0.288 
1354. Thierry Champion                         28.959       4033. -67.125       3235. -32.498        543. 25.332       1327. -2.728 
1355. Nicola Pietrangeli                         28.892       3990. -64.312        939. 35.638       1372. -25.0        268. 64.871 
1356. Max Wunschig                         28.868          0.  0.0       2799. -23.076       1201. -15.304          0.  0.0 
1357. Christo Steyn                         28.862       1525. 16.776       3943. -70.547       1498. -26.961       2026. -31.022 
1358. Branislav Galik                         28.791          0.  0.0       1635. 10.189          0.  0.0          0.  0.0 
1359. Gordon Jones                         28.681          0.  0.0          0.  0.0        602. 24.046          0.  0.0 
1360. Frederic Fontang                         28.504        931. 35.907       2500. -12.631       1880. -69.03       2016. -30.248 
1361. Jan Michael Gambill                         28.489       1705. 9.11       3402. -39.085        402. 35.603        590. 30.992 
1362. Luis Felipe Noriega                         28.446          0.  0.0        708. 48.204          0.  0.0          0.  0.0 
1363. Leos Friedl                         28.427       3437. -37.103        386. 71.885       1661. -41.695          0.  0.0 
1364. Rodolphe Cadart                         28.319        640. 52.493       2612. -17.469       1130. -8.227        458. 43.996 
1365. George Amaya                          28.26       2175. -1.909         69. 124.248          0.  0.0        467. 42.357 
1366. Ricardo Mena                         28.249        411. 70.842       2823. -23.808          0.  0.0          0.  0.0 
1367. Leandro Riedi                         28.136       3919. -59.992        205. 94.396          0.  0.0          0.  0.0 
1368. Thomas Yaka Kofi Setodji                         28.064       1575. 15.027          0.  0.0          0.  0.0          0.  0.0 
1369. Paul Jubb                         28.042          0.  0.0          0.  0.0          0.  0.0       1151. 1.374 
1370. John Doran                         28.029        706. 48.928       1917. 2.185        963. -1.012          0.  0.0 
1371. Richard Gallien                         27.976        994. 32.5          0.  0.0          0.  0.0          0.  0.0 
1372. Antonio Barranco                          27.82          0.  0.0        132. 106.847          0.  0.0          0.  0.0 
1373. Brad Guan                         27.798         93. 122.341       2332. -6.759       1055. -4.089       1157. 1.223 
1374. Jacopo Berrettini                         27.775        375. 74.469          0.  0.0          0.  0.0          0.  0.0 
1375. Clement Reix                         27.594       3084. -25.575          0.  0.0          0.  0.0          0.  0.0 
1376. Matija Pecotic                         27.549        545. 59.051          0.  0.0          0.  0.0          0.  0.0 
1377. Christian Camradt                         27.528          0.  0.0       1940.  1.7       1858. -65.474          0.  0.0 
1378. Grover Raz Reid                         27.509       1407. 21.436       2509. -13.287       1464. -25.156        374. 51.85 
1379. Santiago Giraldo                         27.491       1048. 30.452        930. 36.395       1484. -26.492        445. 45.125 
1380. Norbert Gombos                         27.485        684. 50.146       2715. -20.808          0.  0.0       2065. -34.516 
1381. Denis Kudla                         27.445       2522. -12.18       2076. -1.093          0.  0.0        365. 52.676 
1382. Devin Mullings                         27.428        738. 47.024       1700. 7.91          0.  0.0          0.  0.0 
1383. Christian Garay                          27.42       1454. 19.586          0.  0.0          0.  0.0          0.  0.0 
1384. Hiroki Moriya                         27.334       1028. 31.144          0.  0.0          0.  0.0        423. 46.898 
1385. Bill Behrens                         27.295          0.  0.0        808. 43.584          0.  0.0          0.  0.0 
1386. Christophe Casa                         27.236       4169. -79.428       1523. 15.542        131. 79.927       2254. -49.136 
1387. Yanaki Milev                         27.218       3593. -45.323        680. 49.452          0.  0.0          0.  0.0 
1388. David Dilucia                         27.214       1403. 21.488          0.  0.0        701. 16.824       1522. -11.871 
1389. Giles Hussey                         27.137          0.  0.0          0.  0.0          0.  0.0         12. 171.626 
1390. Gabriel Auroux                         27.043          0.  0.0        710. 48.048          0.  0.0          0.  0.0 
1391. Todd Nelson                         27.031       1022. 31.372       1069. 29.836        652. 20.872       1186. 0.327 
1392. Jack Loutit                         26.956       1632. 12.572          0.  0.0          0.  0.0          0.  0.0 
1393. Juan Nunez                         26.935        116. 114.619       1408. 19.721          0.  0.0       2605. -120.394 
1394. Wei Ju Chen                         26.893       3231. -28.88        639. 51.661          0.  0.0          0.  0.0 
1395. Ruben Porges                         26.851          0.  0.0          0.  0.0          0.  0.0        207. 74.358 
1396. Ari Fahresi                         26.796        721. 48.204          0.  0.0          0.  0.0          0.  0.0 
1397. Matwe Middelkoop                         26.795        907. 37.676        814. 43.063          0.  0.0       1617. -18.073 
1398. Ruan Kruger                          26.69       2098. -0.58          0.  0.0          0.  0.0          0.  0.0 
1399. Zdravko Mincek                         26.679          0.  0.0       1967. 1.003          0.  0.0          0.  0.0 
1400. Kimmo Hurme                         26.552       3355. -33.226          0.  0.0          0.  0.0          0.  0.0 
1401. Matt Klinger                         26.549          0.  0.0          0.  0.0        566. 25.0          0.  0.0 
1402. Simon Shen                         26.533          0.  0.0          0.  0.0          0.  0.0        705. 25.0 
1403. Bruno Abdel Nour                         26.529       2520. -12.141          0.  0.0          0.  0.0          0.  0.0 
1404. Baris Ergun                         26.526       1298. 24.542          0.  0.0          0.  0.0          0.  0.0 
1405. Chris Brandi                         26.505       1188. 26.549          0.  0.0          0.  0.0          0.  0.0 
1406. Dennis Novikov                         26.459       2420. -8.413          0.  0.0          0.  0.0        739. 23.825 
1407. Federico Browne                         26.438       3963. -62.75       1439. 18.71          0.  0.0          0.  0.0 
1408. Ryan Moore                          26.38          0.  0.0          0.  0.0        994. -2.053          0.  0.0 
1409. Syd Ball                         26.369       4107. -73.697       4208. -110.704       1505. -27.256       2516. -85.354 
1410. Santiago Gonzalez                         26.221       1816. 5.479          9. 174.579        334. 45.018       2453. -72.68 
1411. Nicolas Devilder                         26.168       2619. -15.811        850. 41.247          0.  0.0        772. 22.177 
1412. Hyun Joon Kim                         26.141       1346. 23.119       2226. -4.057          0.  0.0          0.  0.0 
1413. Luis Diego Chavez Villalpando                          26.11          0.  0.0       1469. 17.706          0.  0.0          0.  0.0 
1414. Jan Kroslak                         26.059       3854. -55.82       3369. -37.922        188. 67.028        134. 91.183 
1415. Wei Yu Su                         26.015        900. 37.977          0.  0.0          0.  0.0          0.  0.0 
1416. Kasper Warming                         26.014          0.  0.0        782. 44.658          0.  0.0          0.  0.0 
1417. Roland So                         25.992       2044. 0.206       1369. 21.231        923. 0.744          0.  0.0 
1418. Michael Robertson                         25.878        353. 75.911         66. 125.651       1617. -37.773       2459. -73.802 
1419. Jose Francisco Altur                         25.871       4230. -88.002       1518. 15.679       1982. -98.44       2104. -37.917 
1420. Si Bruce Li                         25.858       1595. 14.291          0.  0.0          0.  0.0          0.  0.0 
1421. Giordano Majoli                         25.817          0.  0.0        182. 97.944          0.  0.0          0.  0.0 
1422. Alun Jones                         25.805       1303. 24.418          0.  0.0          0.  0.0          0.  0.0 
1423. Kalle Flygt                         25.768       2639. -16.538       2165. -2.752          0.  0.0          0.  0.0 
1424. Martin Sayer                         25.759       2526. -12.285        559. 56.571          0.  0.0          0.  0.0 
1425. Chris Garner                          25.72       3262. -29.726       3022. -25.44        372. 40.065       2544. -91.152 
1426. Bobby Banck                           25.7          0.  0.0        188. 97.156          0.  0.0          0.  0.0 
1427. Jim Grabb                         25.588       1589. 14.523       1695.  8.1        256. 53.95       2234. -48.12 
1428. Aleksandar Kovacevic                         25.575       1338. 23.228       2527. -14.396          0.  0.0        550. 34.518 
1429. Tristan Lamasine                         25.515       2768. -21.418        887. 39.109          0.  0.0       1473. -9.149 
1430. Alessio Di Mauro                         25.499       2469. -10.335       1626. 10.635          0.  0.0        982. 9.653 
1431. Fernando Vasquez                         25.472          0.  0.0        260. 85.8          0.  0.0          0.  0.0 
1432. Henry Hank Irvine                         25.448       1151. 27.36       3545. -46.216          0.  0.0       1565. -14.999 
1433. Johnny Goudenbour                         25.422       1068. 29.816       1281. 24.166       1209. -15.795          0.  0.0 
1434. Jose Bernard                         25.377       1246. 25.0       1368. 21.247          0.  0.0          0.  0.0 
1435. Malek Jaziri                         25.376       3237. -29.11       3054. -26.314        945.  0.0       2378. -63.109 
1436. Arklon Huertas Del Pino                         25.254          0.  0.0          0.  0.0          0.  0.0          0.  0.0 
1437. Kornel Bardoczky                         25.247       2830. -23.131       1255. 24.878        569. 25.0          0.  0.0 
1438. Rabie Chaki                         25.154       3540. -42.668       1493. 16.822       1095. -6.106          0.  0.0 
1439. Rupert Ferdinands                           25.0          0.  0.0          0.  0.0          0.  0.0          0.  0.0 
1440. Weng Wah Chow                           25.0          0.  0.0          0.  0.0          0.  0.0          0.  0.0 
1441. Freddy Winckelmann                           25.0          0.  0.0          0.  0.0          0.  0.0          0.  0.0 
1442. Altaf Hussain                           25.0          0.  0.0          0.  0.0          0.  0.0          0.  0.0 
1443. Mauricio Posso                           25.0          0.  0.0          0.  0.0          0.  0.0          0.  0.0 
1444. Joakim Berner                           25.0          0.  0.0          0.  0.0          0.  0.0          0.  0.0 
1445. Joao Guedes                           25.0          0.  0.0       1210. 25.0          0.  0.0          0.  0.0 
1446. Ka Vhei Kam                           25.0       1240. 25.0          0.  0.0          0.  0.0          0.  0.0 
1447. Bernard Frost                           25.0          0.  0.0       1211. 25.0          0.  0.0          0.  0.0 
1448. Laith Azzouni                           25.0       1241. 25.0          0.  0.0          0.  0.0          0.  0.0 
1449. Renouk Wijemanne                           25.0          0.  0.0       1214. 25.0          0.  0.0          0.  0.0 
1450. Arthur Konan                           25.0       1242. 25.0          0.  0.0          0.  0.0          0.  0.0 
1451. Matija Zgaga                           25.0          0.  0.0       1220. 25.0          0.  0.0          0.  0.0 
1452. Michael Mora                           25.0       1244. 25.0          0.  0.0          0.  0.0          0.  0.0 
1453. Martin Stiegwardt                           25.0          0.  0.0       1223. 25.0          0.  0.0          0.  0.0 
1454. Pau Gerbaud Farras                           25.0          0.  0.0          0.  0.0        567. 25.0          0.  0.0 
1455. Laurent Hild                           25.0          0.  0.0       1224. 25.0          0.  0.0          0.  0.0 
1456. Leonardo Kirche                           25.0          0.  0.0       1225. 25.0          0.  0.0          0.  0.0 
1457. Juan Lorenzo Gonzalez                           25.0          0.  0.0       1228. 25.0          0.  0.0          0.  0.0 
1458. Faisal Aidil                           25.0       1253. 25.0          0.  0.0          0.  0.0          0.  0.0 
1459. Soong Jae Cho                           25.0       1255. 25.0          0.  0.0          0.  0.0          0.  0.0 
1460. Coenie Van Wyk                           25.0       1256. 25.0          0.  0.0          0.  0.0          0.  0.0 
1461. Hicham Khaddari                           25.0          0.  0.0       1232. 25.0          0.  0.0          0.  0.0 
1462. Andre Gaspar Murta                           25.0          0.  0.0       1235. 25.0          0.  0.0          0.  0.0 
1463. Aljaz Radinski                           25.0       1260. 25.0          0.  0.0          0.  0.0          0.  0.0 
1464. Nicolas Xiviller                           25.0       1261. 25.0          0.  0.0          0.  0.0          0.  0.0 
1465. Cristian Rodriguez                           25.0       1263. 25.0          0.  0.0          0.  0.0          0.  0.0 
1466. Skyler Butts                           25.0       1264. 25.0          0.  0.0          0.  0.0          0.  0.0 
1467. Sarp Agabigun                           25.0       1265. 25.0          0.  0.0          0.  0.0          0.  0.0 
1468. Edris Fetisleam                           25.0       1266. 25.0          0.  0.0          0.  0.0          0.  0.0 
1469. Aissa Benchakroun                           25.0          0.  0.0       1237. 25.0          0.  0.0          0.  0.0 
1470. Luis Carlos Alvarez Valdes                           25.0          0.  0.0       1240. 25.0          0.  0.0          0.  0.0 
1471. Sylvestre Monnou                           25.0       1268. 25.0          0.  0.0          0.  0.0          0.  0.0 
1472. Conner Huertas Del Pino                           25.0          0.  0.0          0.  0.0          0.  0.0          0.  0.0 
1473. Freddy Murray                           25.0          0.  0.0       1242. 25.0          0.  0.0          0.  0.0 
1474. Digvijaypratap Singh                           25.0       1269. 25.0          0.  0.0          0.  0.0          0.  0.0 
1475. Mustapha El Natour                           25.0          0.  0.0       1243. 25.0          0.  0.0          0.  0.0 
1476. Johannes Seeman                           25.0          0.  0.0          0.  0.0          0.  0.0          0.  0.0 
1477. Raphael Calzi                           25.0          0.  0.0          0.  0.0          0.  0.0          0.  0.0 
1478. Martyn Pawelski                           25.0       1270. 25.0          0.  0.0          0.  0.0          0.  0.0 
1479. Iliyan Radulov                           25.0          0.  0.0       1245. 25.0          0.  0.0          0.  0.0 
1480. Boris Arias                           25.0          0.  0.0       1248. 25.0          0.  0.0          0.  0.0 
1481. Benedict Badza                           25.0       1276. 25.0          0.  0.0          0.  0.0          0.  0.0 
1482. Jean Baptiste Perlant                         24.991       1968. 1.653       2172. -2.944          0.  0.0          0.  0.0 
1483. Juan Giner                         24.979          0.  0.0        122. 108.738          0.  0.0          0.  0.0 
1484. Michael Chang                         24.969       2854. -23.592       1874. 3.101       1150. -10.076        856. 17.714 
1485. Neville Godwin                         24.933        768. 45.463        394. 71.276       1111. -6.909       2511. -84.23 
1486. Pascal Deniau                         24.899       2881. -24.125          0.  0.0          0.  0.0          0.  0.0 
1487. Dale Collings                           24.8       2117. -0.912       2448. -10.747        313. 46.835        201. 74.979 
1488. Remy Bertola                         24.664       1271. 25.0          0.  0.0          0.  0.0          0.  0.0 
1489. Robin Vik                          24.63        473. 65.468       3282. -33.946       1539. -29.642        102. 99.677 
1490. Tatsuma Ito                         24.543        952. 34.416       3486. -43.41        776. 10.061        520. 37.459 
1491. Andy Brothers                         24.522       1806. 5.626          0.  0.0          0.  0.0          0.  0.0 
1492. Pieter Burki                           24.5          0.  0.0          0.  0.0          0.  0.0       1951. -27.297 
1493. Oh Hee Kwon                          24.47          0.  0.0       1222. 25.0          0.  0.0          0.  0.0 
1494. Michael Ray Pallares Gonzalez                         24.445       1247. 25.0          0.  0.0          0.  0.0          0.  0.0 
1495. Sergio Palmieri                         24.424       4050. -68.269       1183. 25.707          0.  0.0          0.  0.0 
1496. Charlie Fancutt                         24.418       2120. -0.985        418. 69.612       1001. -2.387        600. 30.403 
1497. Eric Sherbeck                          24.38          0.  0.0       3946. -70.69          0.  0.0       1559. -14.283 
1498. Serge Brueck                         24.378        386. 73.133       2561. -15.631       1368. -24.904          0.  0.0 
1499. Mitsuru Motoi                         24.348          0.  0.0          0.  0.0          0.  0.0          0.  0.0 
1500. Gustavo Marcaccio                         24.339         13. 174.559        916. 37.422          0.  0.0          0.  0.0 
1501. Bing Pan                         24.336       3881. -57.584       1252. 24.935        524. 26.546       1098. 3.316 
1502. Noam Behr                         24.318       3880. -57.537       4273. -158.119        705. 16.44          0.  0.0 
1503. Ralph Sender                         24.307        479. 64.951          0.  0.0          0.  0.0          0.  0.0 
1504. Nicolas Kicker                         24.302       1792. 6.167       4215. -113.52          0.  0.0        986. 9.38 
1505. Tom Cain                         24.274        537. 59.53       1668. 9.026        190. 66.723        545. 35.159 
1506. Dmitri Tomashevich                         24.266       2035. 0.429       1496. 16.774          0.  0.0       1059. 5.074 
1507. Jan Erik Lundquist                         24.254       2097. -0.574       4041. -78.622        684. 18.243          0.  0.0 
1508. Athanasios Anastopoulos                         24.254          0.  0.0       2134. -2.011          0.  0.0          0.  0.0 
1509. Matteo Viola                         24.087        476. 65.345       3452. -41.632          0.  0.0       2553. -93.008 
1510. Ze Zhang                         24.055       1605. 14.004       2462. -11.338        980. -1.724       1511. -11.434 
1511. Ioannis Xilas                         24.008       1121. 28.29          0.  0.0          0.  0.0          0.  0.0 
1512. Richard Meyer                         24.001        740. 46.956       4122. -89.078       1785. -52.74       2012. -29.986 
1513. Armand Molino                          23.99        532. 60.016        473. 63.286          0.  0.0          0.  0.0 
1514. Seung Ho Ji                         23.984       2447. -9.313          0.  0.0        863. 3.573       2222. -46.827 
1515. Luis Lobo                         23.948          0.  0.0       3343. -36.24          0.  0.0          0.  0.0 
1516. Raul Peralta                         23.938          0.  0.0       1147. 26.695          0.  0.0        685. 25.611 
1517. Matias Silva                         23.933       1340. 23.204        231. 90.976          0.  0.0          0.  0.0 
1518. Clive Wilson                           23.9        467. 65.879          0.  0.0          0.  0.0          0.  0.0 
1519. Mel Purcell                         23.864       3903. -59.22        171. 99.146         44. 117.354        250. 67.013 
1520. Dominic Thiem                         23.847       1083. 29.393       3336. -35.955          0.  0.0       2491. -80.136 
1521. Tim Wilkison                         23.842       1289. 24.723       2613. -17.502       1995. -104.445       1229. -0.423 
1522. Jan Van Langendonck                         23.748       2559. -13.54       1304. 23.465        489. 28.041          0.  0.0 
1523. Victor Romero                         23.744       1960. 1.796          0.  0.0          0.  0.0          0.  0.0 
1524. Nicolas Alvarez                         23.738       1405. 21.461       2345. -7.053          0.  0.0          0.  0.0 
1525. Nikola Cacic                         23.729          0.  0.0       4087. -84.579          0.  0.0          0.  0.0 
1526. Omar Jasika                         23.652       1467. 19.278          0.  0.0          0.  0.0          0.  0.0 
1527. Tayyab Iftikhar                         23.637          0.  0.0       1109. 28.188          0.  0.0          0.  0.0 
1528. Terry Addison                         23.604        912. 37.305       3398. -38.904        326. 45.961        396. 50.101 
1529. Bogdan Borza                         23.558       1192. 26.453          0.  0.0          0.  0.0          0.  0.0 
1530. Morten Christensen                         23.549       3797. -52.867       2381. -8.099         52. 115.431          0.  0.0 
1531. Duck Hee Lee                         23.531          7. 188.784          0.  0.0          0.  0.0          0.  0.0 
1532. Jim Delaney                         23.483       4297. -100.284       1954. 1.422       1687. -45.088        461. 43.162 
1533. Niki Kaliyanda Poonacha                         23.466          0.  0.0          0.  0.0          0.  0.0        764. 22.571 
1534. Yanquiel Medina Sobrino                         23.462       3139. -26.566          0.  0.0          0.  0.0          0.  0.0 
1535. Haibibi Bouchaib                         23.442          0.  0.0          0.  0.0          0.  0.0          0.  0.0 
1536. Bassel Rahmy                         23.437          0.  0.0       1631. 10.433          0.  0.0          0.  0.0 
1537. Luciano Cuneo                         23.421          0.  0.0       1209. 25.0          0.  0.0          0.  0.0 
1538. Helge Rosjo                         23.406          0.  0.0          0.  0.0        906. 1.796          0.  0.0 
1539. Alline An Ly                         23.383          0.  0.0          0.  0.0          0.  0.0          0.  0.0 
1540. Mohammad Hossein Akbari                         23.338          0.  0.0       1609. 11.172          0.  0.0          0.  0.0 
1541. Walid Jallali                         23.326       1713. 8.843       4216. -113.582          0.  0.0          0.  0.0 
1542. German Lopez                         23.316       4339. -111.553        214. 92.933       1845. -62.988       2188. -44.318 
1543. Kevin Kung                         23.314       1815. 5.512          0.  0.0          0.  0.0          0.  0.0 
1544. Marcelo Melo                         23.298          0.  0.0        430. 68.476          0.  0.0          0.  0.0 
1545. Ismail Majeed                         23.297          0.  0.0          0.  0.0          0.  0.0          0.  0.0 
1546. Carlos Palencia                         23.285       1177. 26.796       1958. 1.251          0.  0.0          0.  0.0 
1547. Dmitro Tolok                         23.265       1249. 25.0          0.  0.0          0.  0.0          0.  0.0 
1548. Usman Rahim                         23.243          0.  0.0       1816. 4.408          0.  0.0          0.  0.0 
1549. Marc Vilanova                         23.226          0.  0.0          0.  0.0        565. 25.0          0.  0.0 
1550. Saeid Ahmadvand                         23.204          0.  0.0       1226. 25.0          0.  0.0          0.  0.0 
1551. Tomas Rodriguez Sanchez                         23.199       1239. 25.0          0.  0.0          0.  0.0          0.  0.0 
1552. Enrique Olivares                          23.19       2270. -3.798          0.  0.0          0.  0.0          0.  0.0 
1553. Filippo Volandri                         23.184       1573. 15.12        734. 46.8        152. 74.939        405. 49.453 
1554. Syrym Abdukhalikov                         23.166       2219. -2.663       3846. -62.983       1523. -28.341          0.  0.0 
1555. Carlos Claverie                         23.152        185. 99.76       1973. 0.888          0.  0.0          0.  0.0 
1556. Ponkaphan Phisaimongket                         23.152       1710. 8.919          0.  0.0          0.  0.0          0.  0.0 
1557. Rodrigo Rappaccioli                         23.151          0.  0.0        798. 44.192          0.  0.0          0.  0.0 
1558. Josef Brabenec                         23.146       3524. -42.014          0.  0.0          0.  0.0          0.  0.0 
1559. Antonio Del Rosario                         23.128       2109. -0.731          0.  0.0          0.  0.0          0.  0.0 
1560. Carl Limberger                         23.116       4023. -66.475       2425. -9.588       1224. -17.426       1767. -24.565 
1561. Anthony Jackie Tang                         23.106        750. 46.595          0.  0.0          0.  0.0          0.  0.0 
1562. Diego Fernandez Flores                         23.068          0.  0.0       1938. 1.796          0.  0.0          0.  0.0 
1563. Daniel Langre                         23.022        184. 100.123          0.  0.0          0.  0.0          0.  0.0 
1564. Mohamed Wafa                         23.004          0.  0.0       2104. -1.666          0.  0.0          0.  0.0 
1565. Jan Hordijk                         22.992       1941. 2.326       1428. 19.044       1652. -40.791        229. 71.589 
1566. Julian Mayers                         22.972        413. 70.72          0.  0.0          0.  0.0          0.  0.0 
1567. Joao Sousa                         22.953       1645. 12.027       2675. -19.583          0.  0.0       2537. -88.867 
1568. Daniel Llarenas                         22.953          0.  0.0       1234. 25.0          0.  0.0          0.  0.0 
1569. William Durham                         22.951       3151. -26.798       1851. 3.578          0.  0.0       1376. -4.841 
1570. Guillermo Carter                         22.951          0.  0.0          0.  0.0        563. 25.0          0.  0.0 
1571. Davide Scala                         22.944          4. 191.349       4015. -76.005       1033. -3.496          0.  0.0 
1572. John Barrett                         22.914          0.  0.0       1797. 4.932          0.  0.0        812. 20.423 
1573. Paul Bailey                         22.886          0.  0.0       2285. -5.448          0.  0.0          0.  0.0 
1574. Miguel Merz                         22.846          0.  0.0       3042. -26.015          0.  0.0          0.  0.0 
1575. Sebastien Leblanc                         22.772       2487. -10.91          0.  0.0          0.  0.0       1870. -25.0 
1576. Nir Welgreen                         22.706        245. 88.181          0.  0.0          0.  0.0          0.  0.0 
1577. Brian Hung                         22.629       2836. -23.288          0.  0.0          0.  0.0          0.  0.0 
1578. Audun Jensen                          22.62       1888. 3.612          0.  0.0          0.  0.0       2241. -48.204 
1579. Juan Hernandez                         22.587          0.  0.0        586. 54.989        461. 29.76          0.  0.0 
1580. Daniel Elahi Galan                         22.566        439. 68.538        690. 48.921          0.  0.0       2592. -107.871 
1581. Hugo Chapacu                         22.507       1723. 8.486       2785. -22.717       1674. -43.098          0.  0.0 
1582. Thomas Schiessling                         22.507          0.  0.0       1640. 10.017          0.  0.0          0.  0.0 
1583. Milen Yanakiev                         22.476          0.  0.0       1080. 29.282          0.  0.0          0.  0.0 
1584. Florian Mayer                         22.467         96. 121.265       3782. -58.695        976. -1.594         83. 109.181 
1585. Juan Gisbert Jr                         22.439          0.  0.0        424. 68.847          0.  0.0          0.  0.0 
1586. Gustavo Giussani                         22.418          0.  0.0       1757. 6.244       1401. -25.0          0.  0.0 
1587. Sergio Casal                         22.399        372. 74.818       2811. -23.485       1537. -29.583       1624. -18.352 
1588. Ulf Eriksson                         22.375       4082. -70.719       1460. 17.991         91. 96.255        232. 71.399 
1589. Franco Ferreiro                         22.298       4111. -74.446       3204. -31.048          0.  0.0          0.  0.0 
1590. Damir Dzumhur                         22.298       1332. 23.426       2502. -12.652          0.  0.0       2423. -68.703 
1591. Jimy Szymanski                         22.269       2827. -23.07        529. 58.764          0.  0.0          0.  0.0 
1592. Thierry Brasseur                         22.267          0.  0.0          0.  0.0          0.  0.0          0.  0.0 
1593. Giuseppe Merlo                         22.212          0.  0.0       4104. -86.545          0.  0.0          0.  0.0 
1594. Yuttana Charoenphon                         22.207       1267. 25.0          0.  0.0          0.  0.0          0.  0.0 
1595. Bobby Reynolds                         22.172       2675. -17.995       1789. 5.06          0.  0.0       1570. -15.381 
1596. Jose Benitez                         22.168       1257. 25.0       4016. -76.044          0.  0.0          0.  0.0 
1597. Bill Barber                         22.158        269. 84.836          0.  0.0          0.  0.0          0.  0.0 
1598. Vincenzo Franchitti                         22.141       1023. 31.274        104. 114.57        731. 14.095       2567. -96.063 
1599. Eric Wilborts                         22.074        329. 77.985       3874. -65.532       1295. -21.294          0.  0.0 
1600. Bob Carmichael                         22.034        351. 75.958       1260. 24.81       1636. -38.949        678. 26.024 
1601. Jurek Stasiak                         22.023       2731. -20.086       1213. 25.0          0.  0.0          0.  0.0 
1602. S Johansson                         21.979          0.  0.0       3441. -41.17          0.  0.0          0.  0.0 
1603. Pierre Ludovic Duclos                         21.975       2468. -10.159          0.  0.0          0.  0.0        465. 42.446 
1604. Reginald Willems                          21.81          0.  0.0       3619. -48.548          0.  0.0          0.  0.0 
1605. Steven Downs                         21.776        379. 73.859       3265. -33.323          0.  0.0          0.  0.0 
1606. Keith Hancock                         21.751       1230. 25.073       1746. 6.562          0.  0.0       2339. -57.574 
1607. S Fine                         21.738          0.  0.0          0.  0.0          0.  0.0       2475. -77.473 
1608. Taras Beiko                         21.727          0.  0.0          0.  0.0        557. 25.0          0.  0.0 
1609. Bastian Trinker                         21.726          0.  0.0        166. 99.592          0.  0.0          0.  0.0 
1610. Evgeny Donskoy                         21.691       3602. -45.633       1168. 26.105          0.  0.0       1989. -29.128 
1611. Dominic Durand                         21.624       2642. -16.66          0.  0.0          0.  0.0          0.  0.0 
1612. Jeff Davis                          21.52         83. 125.512          0.  0.0          0.  0.0          0.  0.0 
1613. Siu Fai Kelvin Lam                         21.424       3987. -64.1          0.  0.0          0.  0.0          0.  0.0 
1614. Ilou Lonfo                         21.422       1318. 23.869       2951. -25.0        555. 25.0          0.  0.0 
1615. Piet Snyman                         21.373        873. 39.656          0.  0.0          0.  0.0          0.  0.0 
1616. Bob Green                         21.357       2896. -24.653          0.  0.0        757. 11.091       2525. -86.921 
1617. Andrea Arnaboldi                         21.259       2651. -17.179        531. 58.638          0.  0.0       1567. -15.076 
1618. Stefano Ianni                          21.22          0.  0.0       1820. 4.299          0.  0.0          0.  0.0 
1619. Eddie Edwards                         21.208        862. 40.233        244. 88.617       1616. -37.695        906. 14.48 
1620. Liova Ayite Ajavon                         21.205       3055. -25.134          0.  0.0          0.  0.0          0.  0.0 
1621. Dinu Pescariu                         21.168        575. 56.789       3709. -53.422        436. 32.267       1566. -15.04 
1622. Finn Dag Jagge                         21.116        860. 40.332          0.  0.0          0.  0.0          0.  0.0 
1623. Klaus Oberparleiter                         21.104          0.  0.0       1424. 19.273          0.  0.0          0.  0.0 
1624. Rogelio Siller                         21.076       1259. 25.0          0.  0.0          0.  0.0          0.  0.0 
1625. Victor Egorov                         21.016          0.  0.0       1755. 6.348          0.  0.0          0.  0.0 
1626. Daniel Courcol                           21.0          0.  0.0       4138. -91.453       1109. -6.879        328. 58.024 
1627. Reginald Bennett                         20.999          0.  0.0          0.  0.0          0.  0.0        613. 29.356 
1628. Filippo Veglio                         20.979       2550. -13.305          0.  0.0          0.  0.0          0.  0.0 
1629. Massimo Calvelli                         20.966          0.  0.0       2418. -9.292          0.  0.0          0.  0.0 
1630. German Puentes                         20.911       4164. -79.202       2840. -24.32          0.  0.0       1768. -24.571 
1631. Roland Stadler                          20.86       4070. -69.6       2608. -17.201       1631. -38.743        802. 20.914 
1632. Mark Edmondson                         20.837       1734. 8.096       2152. -2.354         48. 116.96        920. 13.17 
1633. Sergio Ribeiro                         20.808          0.  0.0        271. 84.384          0.  0.0          0.  0.0 
1634. Pancho Musalem                         20.806          0.  0.0        236. 90.141          0.  0.0          0.  0.0 
1635. Milen Velev                         20.749       3918. -59.965       3827. -61.182       1701. -46.046          0.  0.0 
1636. Nicolas Romero                         20.622          0.  0.0       2330. -6.712          0.  0.0          0.  0.0 
1637. Fernando Soler                         20.621          0.  0.0       3797. -59.699          0.  0.0          0.  0.0 
1638. Antoine Hoang                         20.519       3894. -58.618          5. 202.563          0.  0.0        109. 97.627 
1639. David Prinosil                         20.482       1744. 7.902         56. 130.962       1115. -7.133        341. 55.825 
1640. Thierry Bernasconi                         20.434       1148. 27.444       3885. -66.267          0.  0.0        664. 26.561 
1641. Rhett Purcell                         20.395       1381. 22.15          0.  0.0          0.  0.0          0.  0.0 
1642. Alejandro Gomez Gb42                         20.381       3673. -48.005          0.  0.0          0.  0.0          0.  0.0 
1643. William Lock                         20.364          0.  0.0       1203. 25.129       1432. -25.0          0.  0.0 
1644. Roberto Aubone                          20.33          0.  0.0        488. 62.3          0.  0.0          0.  0.0 
1645. Danilo Petrovic                         20.275       3414. -35.858       2524. -14.245          0.  0.0          0.  0.0 
1646. Jiri Vanek                         20.163       1844. 4.564         40. 141.023       1174. -12.73       2552. -92.59 
1647. Arjun Fernando                         20.123       3872. -57.126       1646. 9.701          0.  0.0          0.  0.0 
1648. Edgardo Massa                         20.043       3745. -50.236       3720. -54.209          0.  0.0       2450. -72.012 
1649. West Nott                         20.043       3394. -35.149          0.  0.0       1445. -25.0          0.  0.0 
1650. Van Thanh Nguyen                         20.006          0.  0.0          0.  0.0          0.  0.0          0.  0.0 
1651. Mohammed Reza Tavakoli                         19.929        671. 50.835       3071. -26.607          0.  0.0          0.  0.0 
1652. Farshad Talavar                         19.887          0.  0.0       2097. -1.54          0.  0.0          0.  0.0 
1653. Asiri Iddamalgoda                         19.806       1542. 16.173       1215. 25.0          0.  0.0          0.  0.0 
1654. Woong Sun Jun                         19.767       3376. -34.292       4207. -110.194        185. 68.106       1876. -25.0 
1655. Mats Moraing                         19.741          0.  0.0        172. 99.13          0.  0.0       2509. -84.086 
1656. Rick Meyers                         19.682       3948. -61.912          0.  0.0          0.  0.0          0.  0.0 
1657. Jose Antonio Pepe Conde                         19.641          0.  0.0        134. 106.648          0.  0.0          0.  0.0 
1658. John Austin                         19.637       4160. -78.422       2311. -6.205       1976. -97.067       1982. -28.98 
1659. Sean Brawley                          19.63       3098. -25.861          0.  0.0       1565. -31.956        210. 74.168 
1660. Harry Bourchier                         19.619       2598. -15.147          0.  0.0          0.  0.0          0.  0.0 
1661. Tintus Arianto Wibowo                         19.593       2596. -15.138        802. 43.909        593. 24.324          0.  0.0 
1662. Alex Radulescu                         19.577       3314. -31.697       4243. -128.323       1475. -25.921        866. 17.089 
1663. Lasith Dissanayake                         19.514        234. 89.829          0.  0.0          0.  0.0          0.  0.0 
1664. Geza Varga                         19.482       2892. -24.528        502. 60.816          0.  0.0       1463. -8.658 
1665. Jens Peter                         19.473          0.  0.0        746. 46.398          0.  0.0          0.  0.0 
1666. Zoran Petkovic                         19.467       1984. 1.396       2538. -14.893          0.  0.0          0.  0.0 
1667. Marat Deviatiarov                         19.435       1309. 24.149          0.  0.0          0.  0.0          0.  0.0 
1668. James Pressly                         19.425          0.  0.0       1445. 18.57          0.  0.0        740. 23.683 
1669. U Hoigshoidt                         19.331        962. 34.046          0.  0.0       1175. -12.791          0.  0.0 
1670. Esam Abdulaal                         19.328        302. 81.397       1358. 21.578          0.  0.0          0.  0.0 
1671. Ian Bidmeade                         19.262          0.  0.0          0.  0.0          0.  0.0       1088. 3.721 
1672. Francisco Fogues                         19.203          0.  0.0       1491. 16.951          0.  0.0          0.  0.0 
1673. Jim Corn                         19.193          0.  0.0       1644. 9.806          0.  0.0          0.  0.0 
1674. John Picken                         19.132       3319. -31.978       1257. 24.874          0.  0.0          0.  0.0 
1675. Hachiro Shibata                         19.064          0.  0.0       2011. 0.023          0.  0.0          0.  0.0 
1676. F Egyir                         19.063       2049. 0.128          0.  0.0          0.  0.0          0.  0.0 
1677. Jose Manuel Dominguez                         18.828          0.  0.0       1719. 7.338          0.  0.0          0.  0.0 
1678. John De Zeeuw                         18.812       1414. 21.064          0.  0.0          0.  0.0          0.  0.0 
1679. Francois Van Der Merwe                         18.772       1349. 23.093          0.  0.0          0.  0.0       1070. 4.687 
1680. Yildirak Das                         18.741          0.  0.0          0.  0.0          0.  0.0          0.  0.0 
1681. Joern Renzenbrink                         18.712       2778. -21.625       3359. -37.249       1574. -32.843       1776. -24.858 
1682. Peter Smylie                         18.549          0.  0.0          0.  0.0          0.  0.0        238. 70.798 
1683. Gerardo Mirad                         18.522          0.  0.0       1790. 5.028          0.  0.0          0.  0.0 
1684. Andrew Harris                         18.522        478. 65.023          0.  0.0          0.  0.0          0.  0.0 
1685. Youssef Hossam                         18.504       3191. -27.834          0.  0.0          0.  0.0          0.  0.0 
1686. Michael Lai                         18.442       2845. -23.419       1648. 9.662          0.  0.0          0.  0.0 
1687. L Maeso                         18.423       3583. -45.015       1641. 9.921          0.  0.0          0.  0.0 
1688. Attila Savolt                          18.35       4294. -99.337       2851. -24.636       1360. -24.321       1387. -5.236 
1689. Jae Sik Kim                         18.342        820. 42.309       1853. 3.558          0.  0.0          0.  0.0 
1690. Yshai Oliel                         18.328       1591. 14.458       1271. 24.484          0.  0.0          0.  0.0 
1691. Jose Imaz Ruiz                         18.311          0.  0.0         23. 152.768          0.  0.0          0.  0.0 
1692. David Egdes                         18.302       1926. 2.772          0.  0.0          0.  0.0          0.  0.0 
1693. Omni Kumar                         18.263       2281. -4.093          0.  0.0          0.  0.0          0.  0.0 
1694. Kaichi Uchida                         18.256       3347. -32.865          0.  0.0          0.  0.0        419. 47.293 
1695. Rohan Bopanna                         18.221       2900. -24.725       1233. 25.0          0.  0.0        580. 31.809 
1696. Jad Ayoub                         18.195       1786. 6.396          0.  0.0          0.  0.0          0.  0.0 
1697. Ali Hamadeh                         18.157       4075. -70.261       1219. 25.0       1092. -6.062        362. 52.963 
1698. Filippo Messori                         18.152          0.  0.0       2484. -12.062       1621. -38.042          0.  0.0 
1699. Sochio Kato                         18.115          0.  0.0          0.  0.0          0.  0.0          0.  0.0 
1700. Andres Andrade                           18.1       1952. 2.042       1244. 25.0          0.  0.0          0.  0.0 
1701. David Caballero                          18.04          0.  0.0       3323. -35.523          0.  0.0          0.  0.0 
1702. Stephen Warboys                         18.021        649. 52.152       3224. -31.971        241. 57.708        107. 97.807 
1703. Jean Pierre Courcol                         17.954          0.  0.0       1253. 24.925          0.  0.0          0.  0.0 
1704. Tanakorn Srichaphan                          17.83       1667. 11.134       3151. -28.856       1888. -69.85          0.  0.0 
1705. George Mcgill                          17.68          0.  0.0          0.  0.0        905. 1.796          0.  0.0 
1706. Gary Muller                         17.638       4398. -192.404       2277. -5.233        327. 45.826       2332. -56.679 
1707. Wolfgang Popp                         17.603       2744. -20.475       1325. 22.911        224. 60.464        143. 88.024 
1708. Orlando Luz                         17.602          0.  0.0        331. 76.937          0.  0.0          0.  0.0 
1709. Konstantin Don Gruber                         17.566        598. 55.318          0.  0.0          0.  0.0          0.  0.0 
1710. Magnus Nilsson                         17.435          0.  0.0        206. 94.149          0.  0.0          0.  0.0 
1711. Ken Binns                         17.419          0.  0.0        266. 84.895          0.  0.0          0.  0.0 
1712. Alfred Schwartz                         17.407       1143. 27.65          0.  0.0          0.  0.0          0.  0.0 
1713. Rok Jarc                         17.379       1252. 25.0       3613. -48.33          0.  0.0          0.  0.0 
1714. Peter Popovic                         17.313          0.  0.0       1354. 21.818          0.  0.0          0.  0.0 
1715. Thomas Heyerdahl                         17.222          0.  0.0        218. 92.445          0.  0.0          0.  0.0 
1716. Rob Cheyne                         17.178        690. 49.946          0.  0.0          0.  0.0       1142. 1.717 
1717. Flavio Mazzocchi                         17.084          0.  0.0          0.  0.0        995. -2.123          0.  0.0 
1718. Anton Tsymbalov                         16.851       2375. -6.901       1278. 24.23       1431. -25.0          0.  0.0 
1719. Gouichi Motomura                         16.849       2451. -9.441       2005. 0.117        486. 28.182        296. 60.97 
1720. Isaac Tetteh Quaye                         16.838        179. 101.555          0.  0.0          0.  0.0          0.  0.0 
1721. Hajime Nihonmatsu                         16.821       3805. -53.163          0.  0.0          0.  0.0          0.  0.0 
1722. Wishaya Trongcharoenchaikul                         16.703       2075. -0.184       4124. -89.17          0.  0.0        413. 48.041 
1723. Miljan Zekic                         16.698          0.  0.0        658. 50.643          0.  0.0          0.  0.0 
1724. Ilia Kushev                         16.695          0.  0.0        245. 88.605        568. 25.0          0.  0.0 
1725. Guillermo Coria                         16.636        751. 46.511       1607. 11.253        251. 54.851       1122. 2.234 
1726. Mike Brown                         16.615        667. 51.223       2473. -11.62          0.  0.0          0.  0.0 
1727. Austen Childs                         16.573       2095. -0.54          0.  0.0          0.  0.0          0.  0.0 
1728. Igor Kornienko                         16.431        181. 101.275       3205. -31.086       1256. -19.27          0.  0.0 
1729. Paul Hearnden                         16.386       1687. 10.146          0.  0.0          0.  0.0       1220. -0.249 
1730. Glenn Weiner                         16.378        115. 114.822          0.  0.0          0.  0.0       1778. -24.877 
1731. Branislav Stankovic                         16.372       2876. -24.064        263. 85.366        145. 75.733        106. 98.755 
1732. Yves Allegro                         16.291       2088. -0.39       1303. 23.498        310. 47.218       2109. -38.101 
1733. Hisham Hemeda                         16.188          0.  0.0       1365. 21.387       1420. -25.0          0.  0.0 
1734. David Katcharava                          16.12          0.  0.0       1745. 6.576          0.  0.0          0.  0.0 
1735. Radoslaw Nijaki                         16.049          0.  0.0        567. 56.072          0.  0.0          0.  0.0 
1736. Khumoun Sultanov                         16.045       3701. -48.529       2982. -25.0          0.  0.0        710. 25.0 
1737. Ramanathan Krishnan                         15.997          0.  0.0       3878. -65.82          0.  0.0          0.  0.0 
1738. Woody Hunt                         15.974       1208. 25.881          0.  0.0         67. 105.042          0.  0.0 
1739. Gilles Bastie                         15.973       3780. -51.857          0.  0.0          0.  0.0          0.  0.0 
1740. Daniel Cukierman                         15.971       4021. -66.368       1737. 6.838          0.  0.0          0.  0.0 
1741. Oscar Serrano                         15.961       4047. -68.034        958. 35.053          0.  0.0          0.  0.0 
1742. Kenichi Hirai                         15.958       1281. 24.844       1893. 2.715       1994. -104.295        392. 50.568 
1743. Herkko Pollanen                         15.836       1392. 21.777          0.  0.0          0.  0.0          0.  0.0 
1744. Ralph Geiger                         15.829        621. 53.5       1138. 26.915          0.  0.0          0.  0.0 
1745. Vincent Millot                         15.808       1840. 4.727       3039. -25.951          0.  0.0        888. 15.845 
1746. Alvaro Raposo De Oliveira                         15.752          0.  0.0       1436. 18.775          0.  0.0          0.  0.0 
1747. Mark Keil                         15.676       1545. 15.956          0.  0.0        551. 25.091       2230. -47.656 
1748. P Sofoulis                         15.647          0.  0.0          0.  0.0          0.  0.0        656. 26.871 
1749. Giulio Zeppieri                         15.631       1554. 15.689        410. 70.103          0.  0.0          0.  0.0 
1750. Michael Mcclune                         15.624       1012. 31.877          0.  0.0          0.  0.0          0.  0.0 
1751. Juan Carlos Arroyo                          15.51          0.  0.0       1272. 24.469          0.  0.0          0.  0.0 
1752. Yohny Romero                         15.389        713. 48.492       1101. 28.516          0.  0.0          0.  0.0 
1753. Francisco Llanes                         15.309          0.  0.0       2541. -15.018          0.  0.0          0.  0.0 
1754. Mischa Zverev                         15.296        486. 64.417        261. 85.732        399. 36.438        403. 49.616 
1755. Igor Sijsling                         15.256        682. 50.262        820. 42.603          0.  0.0        555. 34.235 
1756. Oliver Gross                         15.185        899. 38.278       2495. -12.382       1902. -72.468        385. 51.084 
1757. Carlos Chabalgoity                         15.162       1172. 26.848       3294. -34.346          0.  0.0          0.  0.0 
1758. Lorenzo Manta                         15.069       1497. 17.909       3875. -65.595        644. 21.321       1634. -18.891 
1759. Isao Watanabe                         15.019          0.  0.0          0.  0.0          0.  0.0          0.  0.0 
1760. Jorge Brian Panta Herreros                         14.937          0.  0.0       1300. 23.584          0.  0.0          0.  0.0 
1761. Daniel Kosakowski                         14.834       1363. 22.72          0.  0.0          0.  0.0          0.  0.0 
1762. Treat Conrad Huey                         14.788       3307. -31.426        704. 48.361       1452. -25.0          0.  0.0 
1763. Thomas Oger                         14.788       1285. 24.806       1320. 23.034       2025. -164.048          0.  0.0 
1764. Fabio Maggi                         14.773          0.  0.0       3514. -44.862          0.  0.0          0.  0.0 
1765. Daniil Ostapenkov                         14.707       2818. -22.874       1099. 28.666          0.  0.0          0.  0.0 
1766. Michael Hill                         14.622       2461. -9.86          0.  0.0          0.  0.0        408. 49.047 
1767. M Laimina                         14.617          0.  0.0       1908. 2.365          0.  0.0          0.  0.0 
1768. Steve Shaw                          14.59       3126. -26.411        686. 49.119       1977. -97.12       2619. -133.754 
1769. Broderick Dyke                         14.479       2610. -15.494        687. 49.079        115. 87.213         50. 125.147 
1770. Oscar Bustos                         14.449          0.  0.0          0.  0.0       1005. -2.606          0.  0.0 
1771. Lars Koslowski                         14.448       1729. 8.276        807. 43.691        475. 28.807        892. 15.659 
1772. William Mason                         14.423       3482. -39.866          0.  0.0          0.  0.0        908. 14.394 
1773. Andrew Whittington                         14.416        864. 40.204          0.  0.0          0.  0.0       1879. -25.0 
1774. Roland Steigler                           14.4        585. 56.435          0.  0.0        272. 51.558          0.  0.0 
1775. Gianluca Pozzi                         14.392        472. 65.524       2717. -20.882       1993. -104.038       2273. -50.55 
1776. Kevin Kim                         14.355        282. 83.014        272. 84.355        968. -1.39       2093. -36.658 
1777. Howard Herr                         14.342       1531. 16.65       4270. -149.67          0.  0.0          0.  0.0 
1778. Scott Lipton                         14.303       3499. -40.613       1534. 15.107       1393. -25.0          0.  0.0 
1779. Justin Engel                         14.254       2594. -15.107          0.  0.0          0.  0.0          0.  0.0 
1780. Alvaro Betancur                         14.245       4296. -99.844       1990. 0.456        615. 23.327        594. 30.718 
1781. Chris Bailey                         14.229       3864. -56.608          0.  0.0       1916. -75.774       1358. -4.048 
1782. Brian Dabul                         14.212       2737. -20.22        343. 75.579          0.  0.0       1501. -11.136 
1783. Carl Soderlund                         14.188          0.  0.0       1980. 0.573          0.  0.0          0.  0.0 
1784. Miguel Angel Reyes Varela                         14.187        764. 46.036        131. 106.881          0.  0.0          0.  0.0 
1785. Fernando Perez Pascal                         14.147        442. 68.46       2808. -23.37          0.  0.0          0.  0.0 
1786. Christophe Roger-Vasselin                         14.021       3251. -29.467        549. 57.232        955. -0.368        877. 16.462 
1787. Warrick Jones                         14.012        102. 119.835          0.  0.0          0.  0.0          0.  0.0 
1788. Israel Morales                         13.989       1382. 22.123          0.  0.0          0.  0.0          0.  0.0 
1789. Ben Mckown                         13.986       2124. -1.048       2148. -2.302          0.  0.0          0.  0.0 
1790. Patrick Hombergen                         13.899        726. 47.928       2615. -17.723       2003. -111.366        934. 12.449 
1791. Tres Cushing                         13.795          0.  0.0          0.  0.0          0.  0.0       1251. -1.007 
1792. Martin Laurendeau                         13.786       3691. -48.264        732. 46.92        499. 27.635        914. 13.687 
1793. Gerald Marzenell                         13.767          0.  0.0        476. 63.071          0.  0.0          0.  0.0 
1794. Chris Kachel                         13.763       1060. 30.087        444. 66.719       1909. -73.607       2550. -92.11 
1795. Goudjo Gbedey                         13.725       2152. -1.587       2099. -1.567          0.  0.0          0.  0.0 
1796. Robert Strombachs                         13.695        148. 108.23          0.  0.0          0.  0.0          0.  0.0 
1797. Jimmy Moore                          13.65          0.  0.0          0.  0.0          0.  0.0       2209. -46.304 
1798. Andre Sa                         13.576       1495. 17.993       1549. 14.21        364. 41.102       2071. -34.865 
1799. Gianni Mina                         13.558          0.  0.0        717. 47.862          0.  0.0          0.  0.0 
1800. Rafael Arevalo                         13.529       2307. -4.811       1002. 32.808          0.  0.0          0.  0.0 
1801. Sergio Gutierrez Ferrol                         13.528          0.  0.0        956. 35.089          0.  0.0          0.  0.0 
1802. Romain Arneodo                         13.473       3352. -33.067         38. 141.396          0.  0.0          0.  0.0 
1803. Michael Geerts                         13.464       2889. -24.449        220. 91.895          0.  0.0          0.  0.0 
1804. John Muller                         13.414        207. 95.461          0.  0.0          0.  0.0          0.  0.0 
1805. Moez Echargui                         13.355       3523. -41.964       1077. 29.43          0.  0.0          0.  0.0 
1806. Bernardo Mota                         13.345       1550. 15.769        366. 73.566        217. 61.935          0.  0.0 
1807. Bertalan Csoknyai                         13.253          0.  0.0        470. 63.646          0.  0.0          0.  0.0 
1808. Rio Noguchi                         13.217       3844. -55.207          0.  0.0          0.  0.0          0.  0.0 
1809. Marcin Gawron                         13.184       1196. 26.36          0.  0.0          0.  0.0          0.  0.0 
1810. Lech Sidor                         13.083          0.  0.0       2051. -0.579          0.  0.0          0.  0.0 
1811. Lars Jonsson                         13.003       2880. -24.12       4193. -105.369       1834. -60.227       1390. -5.35 
1812. Tim Pawsat                         12.984       3800. -53.039          0.  0.0        897.  2.2        745. 23.553 
1813. Gary Lemon                         12.933        307. 80.72          0.  0.0          0.  0.0          0.  0.0 
1814. Ramiro Benavides                         12.924       3284. -30.634       3388. -38.676       1592. -35.032        651. 27.118 
1815. Paul Vojtischek                         12.894        554. 58.408       3206. -31.097        235. 58.102       1648. -19.804 
1816. Fitriadi M Rifqi                          12.87       1073. 29.737          0.  0.0          0.  0.0          0.  0.0 
1817. Tom Edlefsen                         12.744       3471. -39.341       3459. -42.151        103. 90.657       1539. -13.105 
1818. Guido Andreozzi                         12.713       4015. -65.346       2815. -23.585          0.  0.0        274. 64.203 
1819. Wayne Pascoe                         12.684       3469. -39.311       1119. 27.684       1535. -29.343       1614. -18.042 
1820. Mohamed Ridaoui                         12.684       3756. -50.591        952. 35.231          0.  0.0          0.  0.0 
1821. Reinhard Mattern                         12.641          0.  0.0       1749. 6.506          0.  0.0          0.  0.0 
1822. Michael Lammer                         12.634        285. 82.643        838. 41.731        856. 3.979          0.  0.0 
1823. Stefan Kozlov                         12.616        903. 37.837        336. 76.275          0.  0.0        212. 74.051 
1824. Geoff Stubbs                         12.539          0.  0.0          0.  0.0          0.  0.0        323. 58.55 
1825. Kacper Zuk                         12.509       3965. -62.898       1871. 3.139          0.  0.0          0.  0.0 
1826. Ignacio Buse                         12.482       3806. -53.175       3189. -30.12          0.  0.0          0.  0.0 
1827. Harold Mayot                         12.456       3601. -45.63       2845. -24.505          0.  0.0        831. 19.733 
1828. John Mattke                         12.443       3269. -30.131       1843. 3.722        698. 17.056       2575. -99.201 
1829. Phil Lehnhoff                         12.439       1092. 29.201        898. 38.315        710. 16.158       1004. 8.091 
1830. Nduka Odizor                         12.361        705. 48.93       2013. 0.012       1491. -26.727       2539. -89.343 
1831. Branko Horvat                         12.349          0.  0.0       1102. 28.507          0.  0.0       1333. -2.978 
1832. Jay Lapidus                         12.338       1781. 6.478       3267. -33.361        237. 57.884       2183. -43.853 
1833. Dale Power                         12.329       4110. -73.843        794. 44.278       1259. -19.354          0.  0.0 
1834. Sanam Singh                         12.225       4093. -72.187       2062. -0.834          0.  0.0          0.  0.0 
1835. Ivan Gakhov                         12.193          0.  0.0       1397. 20.105          0.  0.0          0.  0.0 
1836. Welry Fritz                         12.174       3467. -39.106       1876. 3.094          0.  0.0          0.  0.0 
1837. Willie Davies                         12.081          0.  0.0          0.  0.0          0.  0.0       1196. 0.087 
1838. Gary Penberthy                         12.012          0.  0.0          0.  0.0          0.  0.0       1670. -20.621 
1839. Robert Kendrick                         11.941       2760. -21.113        897. 38.368          0.  0.0        449. 44.745 
1840. Nikos Rovas                         11.939          0.  0.0       1366. 21.332        263. 52.433          0.  0.0 
1841. Brent Larkham                         11.924       1011. 31.881       3453. -41.689        887. 2.474         53. 122.674 
1842. Joe Meyers                         11.914        222. 92.761       2864. -24.847       1198. -15.131        951. 11.356 
1843. Richard Gasquet                         11.865        700. 49.166       1128. 27.437       1182. -13.342        640. 27.711 
1844. Dieter Schultheiss                         11.794          0.  0.0       1403. 19.903          0.  0.0          0.  0.0 
1845. Basil Wheeler                         11.783       3669. -47.715          0.  0.0          0.  0.0          0.  0.0 
1846. Alexander Erler                         11.774          0.  0.0        474. 63.271          0.  0.0          0.  0.0 
1847. Petar Jelenic                         11.751       1191. 26.499          0.  0.0          0.  0.0          0.  0.0 
1848. Vladyslav Orlov                         11.688       1416. 21.012          0.  0.0          0.  0.0          0.  0.0 
1849. Muhammad Khaliq Siddiq                         11.581       3767. -50.982       1061. 30.127          0.  0.0        746. 23.43 
1850. Robert Reininger                         11.578       2011.  0.8       2655. -18.956        827. 5.949       1080. 4.076 
1851. Marcos Aurelio Gorriz                         11.427       3909. -59.63        755. 45.822       1626. -38.371        227. 71.799 
1852. Michael Wayman                         11.426        291. 82.189        368. 73.47       1097. -6.194        180. 78.862 
1853. Alexander Donski                         11.417       1537. 16.382          0.  0.0          0.  0.0          0.  0.0 
1854. Mike Bryan                         11.394       1081. 29.41        283. 82.552          0.  0.0        454. 44.38 
1855. Stephane Robert                          11.36       2401. -7.683       3978. -73.378          0.  0.0       1313. -2.391 
1856. Charles Caudle                          11.34          0.  0.0       1349. 21.97          0.  0.0          0.  0.0 
1857. Massimo Zampieri                         11.329          0.  0.0       2591. -16.621          0.  0.0          0.  0.0 
1858. Yi Zhou                         11.266       1131. 28.06        371. 73.275          0.  0.0          0.  0.0 
1859. Nicolai Budkov Kjaer                         11.258       1180. 26.796       3166. -29.23          0.  0.0          0.  0.0 
1860. Peter Handoyo                          11.24       3184. -27.577          0.  0.0        538. 25.454          0.  0.0 
1861. Andre Van Der Merwe B                         11.188       2434. -8.818          0.  0.0          0.  0.0          0.  0.0 
1862. Gabriel Trujillo Soler                         11.184          0.  0.0        179. 98.341          0.  0.0          0.  0.0 
1863. Tobias Svantesson                         11.144        369. 75.04       2504. -12.788        142. 76.204         16. 157.794 
1864. Romain Jouan                          11.08         70. 133.043        174. 98.879          0.  0.0          0.  0.0 
1865. Eugenio Castigliano                         11.065          0.  0.0         32. 145.841          0.  0.0          0.  0.0 
1866. Albano Olivetti                         11.052        345. 76.313          0.  0.0          0.  0.0       1878. -25.0 
1867. John Yuill                         11.034        376. 74.271         10. 166.182       1558. -31.338        770. 22.219 
1868. Rick Rozen                         11.004       2356. -6.069          0.  0.0          0.  0.0          0.  0.0 
1869. Matthew McDonald                         11.002        519. 61.432          0.  0.0       1600. -35.531          0.  0.0 
1870. Cary Stansbury                         10.987       1504. 17.782       1023. 31.701       1582. -33.993       1762. -24.445 
1871. Gaston Gaudio                         10.987       3193. -27.85       3378. -38.283       1654. -41.056       1493. -10.389 
1872. Paulo Carvallo                         10.986       4142. -77.11       2367. -7.776          0.  0.0          0.  0.0 
1873. Alexander Shvec                         10.961       1757. 7.326       2395. -8.396       1321. -22.715          0.  0.0 
1874. Vimuktha De Alwis                         10.781          0.  0.0        678. 49.517          0.  0.0          0.  0.0 
1875. Arthur Anastopoulo                         10.752       1919. 2.895          0.  0.0          0.  0.0          0.  0.0 
1876. Rob Simpson                          10.74          0.  0.0          0.  0.0          0.  0.0        406. 49.451 
1877. Mousa Alkotop                         10.734          0.  0.0          0.  0.0          0.  0.0          0.  0.0 
1878. Libor Pimek                         10.674       4377. -130.946       1532. 15.169        669. 20.087       2356. -59.706 
1879. Alexander Popp                         10.652       1821. 5.315       2865. -24.869         41. 119.859       1246. -0.912 
1880. Taro Daniel                         10.634       4156. -78.228       4256. -138.005          0.  0.0       1733. -23.378 
1881. Alex Llompart                         10.628        381. 73.66          0.  0.0          0.  0.0          0.  0.0 
1882. Petr Nesterov                         10.624       1272. 25.0       2279. -5.303          0.  0.0          0.  0.0 
1883. Alexander Waske                         10.602        133. 111.765        795. 44.276       1863. -66.291       1655. -20.093 
1884. Alexandros Skorilas                         10.573       3480. -39.807          0.  0.0          0.  0.0          0.  0.0 
1885. Feliciano Lopez                         10.469         62. 135.596       4147. -93.459         20. 134.639        595. 30.667 
1886. Daniel Marco                         10.443       1795. 6.039          0.  0.0          0.  0.0          0.  0.0 
1887. Jesse Witten                          10.43        238. 89.343       2316. -6.27          0.  0.0         59. 118.873 
1888. Francisco Ferrer                         10.393          0.  0.0       2651. -18.804          0.  0.0          0.  0.0 
1889. Prima Simpatiaji                         10.382       2169. -1.822          0.  0.0          0.  0.0          0.  0.0 
1890. Juan Diaz                         10.358          0.  0.0       2177. -3.164          0.  0.0          0.  0.0 
1891. Hans Schwaier                         10.312       3186. -27.604       1458. 18.124          0.  0.0       1371. -4.74 
1892. Philip Sekulic                          10.31        432. 69.208          0.  0.0          0.  0.0          0.  0.0 
1893. Chris Mayotte                         10.251        954. 34.4        291. 81.783       1794. -54.753        529. 36.89 
1894. Florian Krumrey                         10.247          0.  0.0       1613. 11.046        679. 18.62          0.  0.0 
1895. Manuel Sanchez                         10.225       1584. 14.856       4037. -78.493          0.  0.0          0.  0.0 
1896. Jorge Berman                          10.22          0.  0.0          0.  0.0          0.  0.0        752. 23.248 
1897. Nikola Soear                         10.186          0.  0.0       3958. -71.497          0.  0.0          0.  0.0 
1898. Roberto Quiroz                         10.177        415. 70.485        478. 63.0          0.  0.0       1175. 0.716 
1899. Nicolas Salama                         10.125          0.  0.0       1264. 24.766          0.  0.0          0.  0.0 
1900. Jonathan Mridha                         10.114       1040. 30.743          0.  0.0          0.  0.0          0.  0.0 
1901. Nicolas Alvarez Varona                         10.098       2772. -21.503        106. 114.365          0.  0.0          0.  0.0 
1902. Jesper De Jong                         10.075        559. 57.987        201. 95.085          0.  0.0        854. 17.778 
1903. Hashim Bin Sidek                          10.07       1905. 3.339          0.  0.0          0.  0.0       1289. -1.796 
1904. Gustavo Kuerten                          9.994        538. 59.372        270. 84.39        279. 50.886       1062. 4.953 
1905. Bjorn Rehnquist                          9.934        362. 75.509        846. 41.461          0.  0.0          0.  0.0 
1906. Garth Thomson                          9.921        225. 92.638          0.  0.0          0.  0.0          0.  0.0 
1907. Mohammed Khalid                          9.898       1946. 2.155          0.  0.0          0.  0.0       1212.  0.0 
1908. Clive Brebnor                          9.841        514. 61.765          0.  0.0          0.  0.0        940. 11.966 
1909. Ted Scherman                           9.83        784. 44.574          0.  0.0          0.  0.0          0.  0.0 
1910. Tim Smyczek                          9.791        249. 87.441       2557. -15.41          0.  0.0       1499. -11.017 
1911. John Lockington                           9.79          0.  0.0       1883. 2.998          0.  0.0          0.  0.0 
1912. Jason Cask                          9.744       3299. -31.164          0.  0.0          0.  0.0          0.  0.0 
1913. Mikhail Elgin                          9.741       1955. 1.894          0.  0.0       1765. -50.185          0.  0.0 
1914. Claudio Panatta                          9.716       4071. -69.761        759. 45.717        919. 1.031        433. 46.129 
1915. Nathan Healey                          9.707       2663. -17.564        510. 60.03          0.  0.0       2008. -29.794 
1916. Michal Chmela                          9.664       2057. 0.02       3583. -47.536          0.  0.0          0.  0.0 
1917. Stefano Cobolli                          9.662          0.  0.0        659. 50.581          0.  0.0          0.  0.0 
1918. Marinko Matosevic                          9.638       2347. -5.81        227. 91.195          0.  0.0       1964. -27.91 
1919. Scott Warner                           9.46       3819. -53.77          0.  0.0          0.  0.0         23. 144.204 
1920. Gastao Elias                          9.447       2249. -3.488        526. 59.05        575. 25.0       2033. -32.028 
1921. Michael Appleton                          9.351          0.  0.0          0.  0.0          0.  0.0       1637. -19.028 
1922. Viktor Galovic                          9.296          0.  0.0       1503. 16.506          0.  0.0        726. 24.502 
1923. Joseph Lizardo                          9.257       1692. 9.678       2246. -4.489       1615. -37.643          0.  0.0 
1924. Alfonso Gonzalez                          9.242       1958. 1.796       4029. -77.33          0.  0.0          0.  0.0 
1925. Tung Yi Kho                          9.236       2327. -5.393          0.  0.0          0.  0.0          0.  0.0 
1926. Maciej Kost                           9.22          0.  0.0       2353. -7.424        829. 5.873          0.  0.0 
1927. Teymuraz Gabashvili                          9.192       4247. -90.206       4085. -84.379        491. 27.917       2487. -79.527 
1928. Jim Oescher                           9.14          0.  0.0        761. 45.653          0.  0.0          0.  0.0 
1929. Jeff Turpin                          9.118         92. 122.431        495. 61.455        630. 22.486       2420. -68.601 
1930. Laurent Prades                          9.077       1222. 25.313       1810. 4.646        943.  0.0          0.  0.0 
1931. Marcelo Hennemann                          9.073       1458. 19.478       1837. 3.856        350. 42.865          0.  0.0 
1932. M Mulveney                          9.062          0.  0.0          0.  0.0          0.  0.0        701. 25.014 
1933. Pruchya Isarow                          9.018       3212. -28.379          0.  0.0          0.  0.0          0.  0.0 
1934. Christopher Sylvan                          8.982        241. 88.707       3426. -40.386          0.  0.0        568. 32.982 
1935. Jirat Navasirisomboon                          8.968       1954. 1.993        527. 58.836          0.  0.0          0.  0.0 
1936. Neville Nette                          8.936          0.  0.0          0.  0.0          0.  0.0       1099. 3.237 
1937. Nils Langer                          8.758       2504. -11.619       1350. 21.963          0.  0.0          0.  0.0 
1938. Shinya Tanaka                          8.757          0.  0.0       2552. -15.295          0.  0.0          0.  0.0 
1939. Palaphoom Kovapitukted                          8.754       3114. -26.264       1258. 24.839          0.  0.0          0.  0.0 
1940. George Bastl                           8.75       1749. 7.754       1838. 3.84        823. 6.161        290. 61.862 
1941. Marcin Matkowski                          8.712       2165. -1.796       1267. 24.703        579. 25.0          0.  0.0 
1942. John De Mendoza                          8.679          0.  0.0        796. 44.204        925. 0.549        762. 22.717 
1943. Allan McDonald                          8.677       2635. -16.474       3966. -72.472          0.  0.0       1052. 5.589 
1944. Gary Thoroughood                          8.674       1918. 2.986          0.  0.0          0.  0.0          0.  0.0 
1945. Aaron Krickstein                          8.674       2022. 0.566       3716. -54.068        278. 50.997         13. 166.828 
1946. Gary Drake                          8.671          0.  0.0          0.  0.0          0.  0.0       2621. -141.849 
1947. Jacques Manset                          8.612        112. 116.001          0.  0.0          0.  0.0          0.  0.0 
1948. Chi Wan Kim                          8.609       2008. 0.83       3572. -47.304        556. 25.0          0.  0.0 
1949. Roberto Chavez                          8.588       2108. -0.719        189. 96.612        812. 6.85       1423. -6.774 
1950. Mirza Basic                          8.459       3351. -33.031       3667. -50.99        288. 50.0       1685. -21.466 
1951. Howard Schoenfield                          8.398       2173. -1.841       1784. 5.232       1841. -62.314       2340. -57.589 
1952. Noah Rubin                          8.295       1880. 3.82       3659. -50.7          0.  0.0       2538. -89.039 
1953. Jean Michel Durango                          8.232          0.  0.0       1779. 5.366          0.  0.0          0.  0.0 
1954. Andreas Beck                          8.132       2535. -12.596       2321. -6.495          0.  0.0        478. 41.695 
1955. Goran Oresic                          8.129          0.  0.0        959. 34.996        559. 25.0          0.  0.0 
1956. Erwin Jager                          8.127          0.  0.0        421. 69.168          0.  0.0          0.  0.0 
1957. Alexandre Strambini                          8.102          0.  0.0        304. 80.137          0.  0.0          0.  0.0 
1958. Walter Lanz                          8.054          0.  0.0       3771. -58.406          0.  0.0          0.  0.0 
1959. Jose Edison Mandarino                          8.012       3817. -53.593       2445. -10.554       1507. -27.403        500. 39.739 
1960. Andreas Seppi                          7.981        321. 79.03       3999. -74.81        637. 22.117        667. 26.417 
1961. John Chris Lewis                          7.976       1375. 22.305       1809. 4.657       1908. -73.441          0.  0.0 
1962. Paul Capdeville                          7.959       3545. -43.087       2131. -1.967       1514. -27.82       2334. -57.081 
1963. Chris Bovett                          7.916          0.  0.0        942. 35.517          0.  0.0        784. 21.864 
1964. John Fraser                          7.911          0.  0.0          0.  0.0          0.  0.0        968. 10.3 
1965. Ian Pollard                          7.899          0.  0.0          0.  0.0          0.  0.0        564. 33.529 
1966. Yong Il Yoon                          7.825        283. 82.949       3502. -44.479       1156. -10.881        936. 12.289 
1967. Clay Iles                          7.663          0.  0.0          0.  0.0          0.  0.0       2355. -59.65 
1968. A Galbraith                           7.66          0.  0.0          0.  0.0          0.  0.0       1135. 1.812 
1969. Barry King                          7.657       2019.  0.6          0.  0.0        582. 25.0          0.  0.0 
1970. Zdenek Kolar                          7.652          0.  0.0        460. 64.941          0.  0.0        679. 26.013 
1971. Peter Jackson                          7.615       2193. -2.126          0.  0.0          0.  0.0       1308. -2.265 
1972. R Bortulan                          7.583        397. 72.131          0.  0.0          0.  0.0          0.  0.0 
1973. Mark Draper                          7.547       3286. -30.65          0.  0.0          0.  0.0        325. 58.436 
1974. Brian Connor                          7.447          0.  0.0          0.  0.0          0.  0.0       1163. 1.132 
1975. Diego Cubas                          7.447        693. 49.814          0.  0.0          0.  0.0          0.  0.0 
1976. Colin Grant                          7.421        774. 44.988       1709. 7.55       1060. -4.298          0.  0.0 
1977. Mike Gandolfo                          7.405       3453. -38.421          0.  0.0        186. 67.512       1182. 0.453 
1978. Luis Herrera                          7.396        187. 99.328       3348. -36.507       1340. -23.537       1505. -11.282 
1979. Alan Lane                          7.298          0.  0.0          0.  0.0          0.  0.0        712. 24.99 
1980. Balazs Veress                          7.269        419. 69.902          0.  0.0          0.  0.0          0.  0.0 
1981. Mehdi Benyebka                          7.248          0.  0.0       2745. -21.585          0.  0.0          0.  0.0 
1982. David Livingston                          7.245       2132. -1.307          0.  0.0          0.  0.0          0.  0.0 
1983. Bryan Burrell                          7.154          0.  0.0          0.  0.0          0.  0.0       1087. 3.747 
1984. Zacharie Moungnol                          7.147       1890. 3.579          0.  0.0          0.  0.0          0.  0.0 
1985. Petr Kralert                          7.125       4273. -94.63       1068. 29.879        843. 5.371          0.  0.0 
1986. Ugo Blanchet                          7.094       4212. -84.752       2716. -20.859          0.  0.0          0.  0.0 
1987. Dave Simmonds                          7.029       2762. -21.191          0.  0.0          0.  0.0        395. 50.118 
1988. Gregory Carraz                          7.011        634. 52.769       3980. -73.778       1749. -48.97       1057. 5.143 
1989. M Abid Ali Khan Akbar                          6.981       3120. -26.309       2064. -0.866          0.  0.0        709. 25.0 
1990. Jiri Prucha                          6.965       3490. -40.175       2658. -19.073       1721. -47.322          0.  0.0 
1991. A Ferguson                          6.875          0.  0.0          0.  0.0          0.  0.0       1519. -11.72 
1992. Heinz Gildemeister                          6.853       3959. -62.484        110. 112.979          0.  0.0          0.  0.0 
1993. Zoltan Ilin                          6.851        428. 69.522       1008. 32.5          0.  0.0          0.  0.0 
1994. Luis David Martinez                          6.839       1980. 1.438       2814. -23.562          0.  0.0          0.  0.0 
1995. Jean Baptiste Chanfreau                          6.813       3240. -29.172       3995. -74.483       1326. -23.076        261. 65.549 
1996. Lothar Pawlik                          6.809          0.  0.0       1850. 3.582          0.  0.0          0.  0.0 
1997. X Zhao                          6.748          0.  0.0          0.  0.0        600. 24.111          0.  0.0 
1998. Thomas Fabbiano                           6.69       3815. -53.539       4121. -88.855          0.  0.0       2070. -34.739 
1999. Guillermo Aubone                          6.667       2805. -22.613        416. 69.67          0.  0.0          0.  0.0 
2000. Tim Clements                          6.631          0.  0.0          0.  0.0          0.  0.0       1392. -5.39 
2001. Aldin Setkic                          6.574       2893. -24.552         94. 117.443          0.  0.0          0.  0.0 
2002. Andres Martin                          6.573       1109. 28.621          0.  0.0          0.  0.0          0.  0.0 
2003. Ignacio Martinez                          6.568       3327. -32.23          0.  0.0          0.  0.0          0.  0.0 
2004. Olivier Mutis                          6.561       3362. -33.516       3066. -26.553        821. 6.193        177. 79.117 
2005. Fritz Gildemeister                          6.552       2069. -0.071       1158. 26.414          0.  0.0          0.  0.0 
2006. Ted Schroeder                          6.446       1163. 26.993       1896. 2.608          0.  0.0          0.  0.0 
2007. Andy Andrews                          6.427       3074. -25.433       2666. -19.197       1205. -15.53         88. 107.085 
2008. Zan Guerry                          6.312       2562. -13.76       2369. -7.802       1964. -92.616       1301. -2.071 
2009. Harsh Mankad                          6.253        306. 80.851       3836. -61.853       1434. -25.0        654. 26.93 
2010. Howard Joffe                          6.138       1678. 10.67          0.  0.0          0.  0.0          0.  0.0 
2011. Stefano Galvani                          6.118       4087. -71.815        598. 54.134        650. 20.958       1153. 1.333 
2012. David Graham                          6.106       3849. -55.33          0.  0.0          0.  0.0       2399. -65.285 
2013. Denis Yevseyev                          6.097       2719. -19.708        195. 95.756          0.  0.0          0.  0.0 
2014. Uros Vico                          6.047       3611. -45.935       1602. 11.398        972. -1.495       2429. -69.363 
2015. Chris Haggard                          6.044          0.  0.0          0.  0.0          0.  0.0       1304. -2.092 
2016. Julio Van Kerckhoven                          5.989          0.  0.0       1311. 23.204          0.  0.0          0.  0.0 
2017. Kristof Vliegen                          5.972       2812. -22.757       4159. -95.817        230. 59.327        980. 9.709 
2018. Rodrigo Navarro                          5.963          0.  0.0       2468. -11.452          0.  0.0          0.  0.0 
2019. Fernando Roese                          5.883       4170. -79.515       3843. -62.66        751. 11.584       2116. -38.433 
2020. Vallis Wilder                          5.867       3763. -50.855          0.  0.0        426. 33.017       2115. -38.4 
2021. Anthony Mills                          5.867       1451. 19.709          0.  0.0          0.  0.0          0.  0.0 
2022. Peter Nagy                          5.856       3951. -62.045        413. 69.968          0.  0.0          0.  0.0 
2023. A Boss                          5.833          0.  0.0          0.  0.0          0.  0.0        719. 24.796 
2024. Andrea Pellegrino                          5.819          0.  0.0       3835. -61.713          0.  0.0          0.  0.0 
2025. Ruby Hoskowetz                          5.812          0.  0.0        583. 55.073          0.  0.0          0.  0.0 
2026. Gundars Tilmanis                           5.79          0.  0.0          0.  0.0          0.  0.0        925. 12.919 
2027. Daniil Glinka                          5.782       1037. 30.855          0.  0.0          0.  0.0          0.  0.0 
2028. Alexandar Lazarov                          5.772       3070. -25.393       1241. 25.0          0.  0.0          0.  0.0 
2029. Tom Karp                          5.764          0.  0.0          0.  0.0          0.  0.0        781. 21.952 
2030. Zack Fleishman                           5.69       1653. 11.708          0.  0.0          0.  0.0        622. 28.816 
2031. Leon Naude                          5.645        599. 55.306          0.  0.0          0.  0.0          0.  0.0 
2032. Francesco Passaro                          5.607       3680. -48.142        345. 75.49          0.  0.0          0.  0.0 
2033. Mikael Torpegaard                          5.591        496. 63.661          0.  0.0        540. 25.412        517. 37.835 
2034. Michael Berrer                          5.574       2734. -20.128       3997. -74.752       1089. -5.922        944. 11.823 
2035. Petros Tsitsipas                           5.57        456. 66.955       4020. -76.545          0.  0.0          0.  0.0 
2036. Ryler Deheart                          5.521       3433. -36.723          0.  0.0          0.  0.0          0.  0.0 
2037. Alessandro De Minicis                          5.512       3147. -26.74        351. 75.195       1397. -25.0          0.  0.0 
2038. Ezzat Nemati                          5.494          0.  0.0       1767. 5.975          0.  0.0          0.  0.0 
2039. Jing Zhu Yang                          5.464       4258. -92.449          0.  0.0          0.  0.0          0.  0.0 
2040. Kenneth Dowuona                          5.404       1035. 30.887          0.  0.0          0.  0.0          0.  0.0 
2041. Michael Ryderstedt                          5.359        839. 41.38       2383. -8.181          0.  0.0          0.  0.0 
2042. Johan Ortegren                          5.357       3398. -35.223       1684. 8.671          0.  0.0          0.  0.0 
2043. Matt Mitchell                          5.328       3338. -32.555       1680. 8.829        216. 61.947       1572. -15.528 
2044. Markus Hipfl                          5.326       2623. -16.002       1886. 2.896        727. 14.397        317. 58.854 
2045. Stefano Tarallo                          5.276          0.  0.0       2044. -0.438          0.  0.0          0.  0.0 
2046. Thomas Randby                          5.241          0.  0.0       3384. -38.52          0.  0.0          0.  0.0 
2047. Cayetano March                          5.188       3108. -26.101          0.  0.0          0.  0.0          0.  0.0 
2048. Peter Luczak                          5.146        196. 97.171       3533. -45.493          0.  0.0        581. 31.578 
2049. Tico Carrero                          5.144       2751. -20.719          0.  0.0          0.  0.0          0.  0.0 
2050. Bill Bennion                          5.116       1776. 6.57          0.  0.0          0.  0.0          0.  0.0 
2051. Victor Sendin                          5.112          0.  0.0        330. 77.111          0.  0.0          0.  0.0 
2052. Marko Ostoja                          5.008       2721. -19.739       2693. -20.071        346. 43.353       2421. -68.659 
2053. Harald Mair                          4.995          0.  0.0       2801. -23.101        930. 0.329          0.  0.0 
2054. Stephen Nugent                          4.995       2991. -25.0          0.  0.0          0.  0.0        707. 25.0 
2055. Felipe Meligeni Alves                          4.975       1685. 10.287       1016. 32.368          0.  0.0        974. 10.014 
2056. Martin Rodriguez                          4.967       3410. -35.7       1963. 1.117          0.  0.0        646. 27.224 
2057. Cesar Ramirez                          4.929       1153. 27.358         28. 149.865       1936. -80.7          0.  0.0 
2058. Dimitri Muzyka                          4.905          0.  0.0       1858. 3.508          0.  0.0          0.  0.0 
2059. Greig Rodger                          4.903       2276. -3.93       1142. 26.796          0.  0.0          0.  0.0 
2060. Takao Yamamoto                          4.895          0.  0.0        880. 39.291          0.  0.0        690. 25.385 
2061. John Davis                          4.891       1639. 12.325          0.  0.0        325. 46.051          0.  0.0 
2062. Massimo Valeri                          4.888          0.  0.0       1470. 17.678       1782. -52.116          0.  0.0 
2063. Magnus Tideman                           4.82       3988. -64.164        318. 78.069         82. 100.315        390. 50.594 
2064. Diko Murdono                          4.814          0.  0.0          0.  0.0          0.  0.0          0.  0.0 
2065. Colin Fleming                          4.785        131. 112.187          0.  0.0          0.  0.0        970. 10.197 
2066. Shao Xuan Zeng                          4.769        358. 75.687          0.  0.0        924. 0.711          0.  0.0 
2067. Blaz Rola                          4.749       4200. -83.165        426. 68.785          0.  0.0       1086. 3.782 
2068. Jeff Robinson                          4.698          0.  0.0       4050. -79.752          0.  0.0          0.  0.0 
2069. William Higgins                          4.696       2897. -24.664        594. 54.552          0.  0.0       1927. -26.665 
2070. Marcus Daniell                          4.693       3242. -29.183          0.  0.0          0.  0.0          0.  0.0 
2071. Igor Flego                           4.67       1221. 25.336       1029. 31.491          0.  0.0          0.  0.0 
2072. Miguel Angel Este                          4.658       1262. 25.0       2665. -19.195          0.  0.0          0.  0.0 
2073. Peter Pearson                          4.624       1513. 17.364        656. 50.72        689. 17.96       1645. -19.562 
2074. Lindsay Murphy                          4.606       2730. -20.077          0.  0.0          0.  0.0        601. 30.28 
2075. Oriol Roca Batalla                          4.575          0.  0.0       4252. -135.539          0.  0.0          0.  0.0 
2076. Matteo Gigante                          4.544          0.  0.0        280. 83.119          0.  0.0          0.  0.0 
2077. Wouter Fok                          4.481          0.  0.0       3339. -36.031        132. 79.774          0.  0.0 
2078. U Zerngibl                          4.447          0.  0.0       1863. 3.326          0.  0.0          0.  0.0 
2079. Dmitry Popko                          4.446       1137. 27.814       2026. -0.215          0.  0.0          0.  0.0 
2080. Jonathan Marray                          4.445       2750. -20.643          0.  0.0          0.  0.0       2610. -123.189 
2081. Dalibor Svrcina                          4.445       1920. 2.846          0.  0.0          0.  0.0          0.  0.0 
2082. John Hayes                          4.367        324. 78.39       1706. 7.739       1601. -36.303       2395. -64.688 
2083. Keith Simpson                          4.309          0.  0.0          0.  0.0          0.  0.0        680. 26.007 
2084. Peter Bothwell                           4.29       2142. -1.468          0.  0.0          0.  0.0          0.  0.0 
2085. David Jorda Sanchis                          4.284          0.  0.0       1177. 25.855          0.  0.0          0.  0.0 
2086. Norman Holmes                          4.264       1835. 4.942       3524. -45.161       1822. -59.043       1682. -21.269 
2087. Michael Geserer                           4.13       1479. 18.776       3342. -36.166          0.  0.0          0.  0.0 
2088. Karel Demuynck                          4.104          0.  0.0       1294. 23.822        144. 75.812          0.  0.0 
2089. Luciano Ramazzini                           4.09        308. 80.619          0.  0.0          0.  0.0          0.  0.0 
2090. Juan Pablo Ficovich                          4.088          0.  0.0        141. 105.176          0.  0.0          0.  0.0 
2091. John Solow                          4.081          0.  0.0       1380. 20.765          0.  0.0          0.  0.0 
2092. Gilbert Schaller                          4.064       3395. -35.165       1112. 28.093       1638. -39.228       2618. -131.152 
2093. Luis Perez Chete                          4.016       1129. 28.087       1968. 0.95          0.  0.0          0.  0.0 
2094. Ernesto Aguirre                          4.006          0.  0.0       1438. 18.728          0.  0.0          0.  0.0 
2095. Ned Caswell                          3.941        243. 88.587         53. 132.867          0.  0.0          0.  0.0 
2096. Vernon Lewis                          3.921       4014. -65.296          0.  0.0          0.  0.0          0.  0.0 
2097. Witold Meres                          3.894          0.  0.0       1388. 20.357          0.  0.0          0.  0.0 
2098. Steve Fiske                           3.88       2916. -25.0          0.  0.0       1543. -29.928        164. 82.359 
2099. Melle Van Gemerden                          3.866        154. 106.172       4143. -92.594       1729. -47.956       1700. -22.077 
2100. Benjy Robins                          3.823          0.  0.0          0.  0.0          0.  0.0          0.  0.0 
2101. Jose Clavet                          3.798          0.  0.0        138. 106.017          0.  0.0          0.  0.0 
2102. Thompson Onibokun                          3.792          0.  0.0          0.  0.0          0.  0.0          0.  0.0 
2103. Thomas Stalhandske                          3.783       2326. -5.341       2420. -9.346          0.  0.0          0.  0.0 
2104. Stephen Noteboom                          3.694       2344. -5.763       3526. -45.204          0.  0.0          0.  0.0 
2105. John Sullivan                          3.662        891. 38.886          0.  0.0          0.  0.0          0.  0.0 
2106. Louis Wessels                          3.649          0.  0.0        455. 65.338          0.  0.0       1037. 6.031 
2107. Dane Sweeny                          3.627        765. 45.95          0.  0.0          0.  0.0          0.  0.0 
2108. Vladyslav Manafov                          3.616       3078. -25.494       1942. 1.679          0.  0.0          0.  0.0 
2109. Kehinde Ajayi                          3.593       1957. 1.796       3960. -71.577          0.  0.0          0.  0.0 
2110. Hugo Nys                           3.54       2018. 0.645       1246. 25.0          0.  0.0          0.  0.0 
2111. Matei Pampoulov                          3.497          0.  0.0       1208. 25.0          0.  0.0          0.  0.0 
2112. Suwandi Suwandi                          3.479       1430. 20.608       3070. -26.602       1772. -50.7          0.  0.0 
2113. Jorge Aguilar                          3.409          0.  0.0       4274. -163.579          0.  0.0          0.  0.0 
2114. Bob Borella                          3.391       2984. -25.0       1217. 25.0          0.  0.0          0.  0.0 
2115. Abdel Gawad Mohammed                          3.384          0.  0.0       1734. 6.957          0.  0.0          0.  0.0 
2116. Fernando Gentil                          3.349          0.  0.0         87. 119.339        321. 46.354          0.  0.0 
2117. Max Mirnyi                          3.346       3123. -26.354       2103. -1.66       2014. -128.653       1330. -2.864 
2118. Robert Collins                          3.313          0.  0.0          0.  0.0       1337. -23.359          0.  0.0 
2119. Thomas Emmrich                          3.309          0.  0.0          0.  0.0       1290. -21.114          0.  0.0 
2120. R W Davies                          3.305          0.  0.0          0.  0.0          0.  0.0       2620. -140.755 
2121. Eric Riley                          3.272          0.  0.0          0.  0.0          0.  0.0       1728. -23.204 
2122. Frank Schmitz                          3.234       2060.  0.0          0.  0.0          0.  0.0          0.  0.0 
2123. Thomaz Bellucci                          3.206       3878. -57.318        398. 71.136       1513. -27.741       1781. -24.949 
2124. K Javan                           3.14          0.  0.0        380. 72.487          0.  0.0          0.  0.0 
2125. Takehiko Nishiwaki                          3.057          0.  0.0       1590. 11.979          0.  0.0          0.  0.0 
2126. Nishesh Basavareddy                           3.05       3981. -63.808          0.  0.0          0.  0.0          0.  0.0 
2127. Daniel Koellerer                          3.034       3514. -41.64       2343. -7.009          0.  0.0        324. 58.522 
2128. Stefano Napolitano                          3.034       2581. -14.616       2318. -6.405          0.  0.0       2344. -57.969 
2129. Mario Tabares                           3.01       1507. 17.641       2300. -5.918       1140. -8.867          0.  0.0 
2130. Junie Chatman                          2.959        998. 32.357       1726. 7.232       1975. -97.036        331. 57.203 
2131. Pietro Pennisi                          2.937          0.  0.0       3867. -64.609          0.  0.0          0.  0.0 
2132. A Macdonald                          2.895          0.  0.0       4120. -88.66          0.  0.0          0.  0.0 
2133. Jan Simbera                          2.891       1477. 18.865       3366. -37.788       1489. -26.657        859. 17.55 
2134. Gabi Adrian Boitan                          2.851       3384. -34.654       1046. 30.803          0.  0.0          0.  0.0 
2135. Hazem Naw                          2.809       1969. 1.626          0.  0.0          0.  0.0          0.  0.0 
2136. Ilija Bozoljac                          2.789       3432. -36.682       3498. -44.338       1775. -50.95       1053. 5.41 
2137. Richard Garey                           2.78          0.  0.0          0.  0.0          0.  0.0        845. 18.596 
2138. Antonio Martinez                          2.777          0.  0.0       1372. 21.122          0.  0.0          0.  0.0 
2139. Hugo Roverano                          2.734          0.  0.0        720. 47.563          0.  0.0          0.  0.0 
2140. Kristian Mitrovski                          2.693          0.  0.0       1275. 24.323          0.  0.0          0.  0.0 
2141. John Bryan Decasa Otico                          2.674       1179. 26.796       2998. -25.012          0.  0.0          0.  0.0 
2142. Robert Morrison                          2.662       1440. 20.139          0.  0.0          0.  0.0          0.  0.0 
2143. Umit Center                           2.63          0.  0.0          0.  0.0          0.  0.0          0.  0.0 
2144. Juan Alejandro Hernandez Serrano                            2.6       1789. 6.277          0.  0.0          0.  0.0          0.  0.0 
2145. Pancho Walthall                          2.575        632. 52.878       2140. -2.178          0.  0.0       2032. -31.915 
2146. Tasos Bavelas                          2.574       2252. -3.564       3051. -26.183       1039. -3.573       1378. -4.881 
2147. Albert Ramos                          2.563        814. 42.47       2685. -19.952          0.  0.0        882. 16.358 
2148. Rudolf Molleker                          2.488       2032. 0.438       2292. -5.58          0.  0.0        158. 83.618 
2149. Janos Guti                          2.466          0.  0.0          0.  0.0        671. 20.013          0.  0.0 
2150. Javier Soler                          2.452       3322. -32.091       2185. -3.236       1119. -7.303          0.  0.0 
2151. Frank Harris                           2.44          0.  0.0          0.  0.0          0.  0.0        303. 60.459 
2152. Edgar Schurmann                          2.405          0.  0.0       2487. -12.251       1389. -25.0          0.  0.0 
2153. Na Sulistyono                           2.38          0.  0.0       1312. 23.204          0.  0.0          0.  0.0 
2154. Hans Joachim Ploetz                          2.364       2597. -15.146        427. 68.675        168. 71.313       1113. 2.646 
2155. Mike Lee                          2.346       3832. -54.538          0.  0.0          0.  0.0        283. 62.562 
2156. Soren Wedege                          2.345          0.  0.0       4246. -131.063       1524. -28.373          0.  0.0 
2157. Alexandre Sidorenko                          2.309       2686. -18.409        790. 44.411          0.  0.0          0.  0.0 
2158. Alexander Reichel                          2.222       2336. -5.549        530. 58.734       1276. -20.527       1245. -0.904 
2159. Peter Polansky                          2.195        844. 41.196       3061. -26.432        655. 20.727       1881. -25.0 
2160. Larry Loeb                          2.173       3397. -35.218          0.  0.0          0.  0.0          0.  0.0 
2161. Javier Sanchez                          2.171       2182. -1.967       3578. -47.463       1189. -14.072       2150. -41.52 
2162. Lui Pang                          2.164       1471. 19.157          0.  0.0          0.  0.0          0.  0.0 
2163. Gonzales Austin                          2.154        288. 82.424          0.  0.0          0.  0.0          0.  0.0 
2164. Ignacio Garcia Atance                          2.115          0.  0.0       3112. -27.454          0.  0.0          0.  0.0 
2165. Marc Flur                          2.113       1541. 16.291       2282. -5.388       1267. -19.685       1312. -2.384 
2166. Henry Estrella                          2.073       3007. -25.0       1461. 17.962          0.  0.0          0.  0.0 
2167. Carlos Taberner                          2.028        266. 85.263        374. 73.077          0.  0.0       2595. -109.983 
2168. Emile Ngoran                          2.025        933. 35.769          0.  0.0        554. 25.0          0.  0.0 
2169. Emilio Gomez                          1.909       2472. -10.501       1720. 7.322          0.  0.0          0.  0.0 
2170. William Shivar                          1.887          0.  0.0          0.  0.0          0.  0.0        787. 21.675 
2171. Eddie Myers                           1.84          0.  0.0          0.  0.0          0.  0.0       1254. -1.072 
2172. Fred Hemmes                          1.835        520. 61.428       2958. -25.0          0.  0.0        300. 60.877 
2173. Juan Carlos Fuentes Vasquez                          1.796       1275. 25.0       2993. -25.0          0.  0.0          0.  0.0 
2174. Piero Luisi                          1.663       3389. -35.011       2441. -10.412          0.  0.0          0.  0.0 
2175. Jack Acheson                          1.646       3620. -46.199          0.  0.0          0.  0.0        522. 37.304 
2176. Rob Wheatley                          1.629          0.  0.0          0.  0.0          0.  0.0       1046. 5.814 
2177. Fredrik Rosenquist                           1.61          0.  0.0       1401. 19.953          0.  0.0          0.  0.0 
2178. Alen Avidzba                           1.58       1418. 20.975          0.  0.0          0.  0.0          0.  0.0 
2179. Sule Ladipo                          1.578       3866. -56.71       2853. -24.669        940. 0.107          0.  0.0 
2180. Colin Sinclair                          1.449          0.  0.0          0.  0.0          0.  0.0          0.  0.0 
2181. Massimo Dellacqua                          1.433         79. 127.328        339. 75.915          0.  0.0       1140. 1.733 
2182. Kiril Yashmakov                          1.287          0.  0.0       2122. -1.808          0.  0.0          0.  0.0 
2183. Hong Kit Jack Wong                          1.261        995. 32.487          0.  0.0          0.  0.0          0.  0.0 
2184. Alberto Mancini                          1.246       3443. -37.695       3672. -51.329       1611. -37.349       1929. -26.682 
2185. Ivan Navarro                          1.232        884. 39.128        468. 63.951          0.  0.0       1960. -27.691 
2186. Borut Urh                           1.23       2146. -1.533       2449. -10.76        911. 1.49          0.  0.0 
2187. Bastian Knittel                            1.2          0.  0.0        988. 33.521          0.  0.0       1932. -26.738 
2188. Sergei Yaroshenko                          1.198        982. 33.144       2472. -11.597       1416. -25.0          0.  0.0 
2189. Kunio Tsukamoto                          1.181          0.  0.0       1021. 31.762          0.  0.0          0.  0.0 
2190. Jocelyn Robichaud                          1.081        611. 54.351       1212. 25.0          0.  0.0          0.  0.0 
2191. Gene Stuart Malin                          1.009       4080. -70.7       3897. -67.17         32. 126.181       1956. -27.565 
2192. Nadir Ali Khan                          0.946          0.  0.0          0.  0.0          0.  0.0          0.  0.0 
2193. Mario Monroy                           0.91       2179. -1.955       1402. 19.953          0.  0.0          0.  0.0 
2194. Saketh Myneni                          0.808       3884. -57.701          0.  0.0          0.  0.0        708. 25.0 
2195. Ian Pomerenke                          0.776          0.  0.0          0.  0.0          0.  0.0        693. 25.229 
2196. Aly El Dawoudi                          0.761       2883. -24.269       1045. 30.815          0.  0.0          0.  0.0 
2197. Wen Lung Chang                          0.754       1985. 1.387          0.  0.0          0.  0.0        969. 10.273 
2198. Maks Kasnikowski                          0.745       3886. -57.729          0.  0.0          0.  0.0          0.  0.0 
2199. John Stoddart                          0.706          0.  0.0          0.  0.0        173. 69.892        441. 45.486 
2200. Des Foley                          0.704          0.  0.0          0.  0.0          0.  0.0       1668. -20.573 
2201. Alexander Tabares                          0.616          0.  0.0       1089. 28.931          0.  0.0          0.  0.0 
2202. Justin Barki                           0.59       1455. 19.586          0.  0.0          0.  0.0          0.  0.0 
2203. Nicklas Utgren                          0.526       1748. 7.759       3306. -34.934          0.  0.0          0.  0.0 
2204. Gunawan Trismuwantara                          0.502       3175. -27.368          0.  0.0          0.  0.0          0.  0.0 
2205. Andres Alarcon                          0.482       1036. 30.855          0.  0.0          0.  0.0          0.  0.0 
2206. Toufiq Zhalan                          0.434       1674. 10.774          0.  0.0          0.  0.0          0.  0.0 
2207. Sean Cooper                          0.412       1245. 25.0       2115. -1.796          0.  0.0          0.  0.0 
2208. Dzmitry Zhyrmont                          0.389       4101. -72.963        121. 109.649          0.  0.0          0.  0.0 
2209. Joshua Eagle                          0.376       2563. -13.761        881. 39.289        775. 10.095          6. 183.759 
2210. Paschoal Penetta                          0.354       1544. 16.057          0.  0.0          0.  0.0          0.  0.0 
2211. Bob Weise W055                          0.306          0.  0.0        614. 53.245          0.  0.0          0.  0.0 
2212. Chris Rodesch                          0.286       3102. -25.963       3528. -45.32          0.  0.0          0.  0.0 
2213. Suk Young Jeong                          0.256       1817. 5.446          0.  0.0          0.  0.0          0.  0.0 
2214. Felix Kaplan                          0.238          0.  0.0          0.  0.0          0.  0.0          0.  0.0 
2215. Kenneth Thome Bolanos                          0.231          0.  0.0       1862. 3.368          0.  0.0          0.  0.0 
2216. Peter Svensson                          0.188          0.  0.0       2624. -18.05          0.  0.0          0.  0.0 
2217. Leonardo Tavares                           0.13       1924. 2.789        868. 39.856        162. 72.001          0.  0.0 
2218. Patrick Kypson                          0.129       2631. -16.389       3344. -36.401          0.  0.0          0.  0.0 
2219. Franco Roncadelli                          0.122       1610. 13.764       3673. -51.33          0.  0.0          0.  0.0 
2220. P Scott                          0.113          0.  0.0          0.  0.0          0.  0.0       1203.  0.0 
2221. R Walker                          0.111          0.  0.0          0.  0.0          0.  0.0       1195. 0.111 
2222. Di Wu                          0.049        449. 67.921       2686. -19.96       1296. -21.369       2217. -46.735 
2223. Mark Merklein                          0.046        521. 61.269       2491. -12.3          0.  0.0       2106. -37.949 
2224. Ainius Sabaliauskas                          0.027       1457. 19.544          0.  0.0          0.  0.0          0.  0.0 
2225. John Mcgrath                            0.0          0.  0.0          0.  0.0          0.  0.0       1202.  0.0 
2226. P Mortoire                            0.0          0.  0.0          0.  0.0          0.  0.0       1204.  0.0 
2227. S Joseph                            0.0          0.  0.0          0.  0.0          0.  0.0       1205.  0.0 
2228. L B Taylor                            0.0          0.  0.0          0.  0.0          0.  0.0       1209.  0.0 
2229. C Wijono                         -0.011          0.  0.0          0.  0.0          0.  0.0       1206.  0.0 
2230. Gert Vilms                         -0.033       3477. -39.599          0.  0.0        560. 25.0          0.  0.0 
2231. Alaaddin Karagoz                         -0.083       2278. -3.966       1279. 24.228          0.  0.0          0.  0.0 
2232. Riccardo Bonadio                         -0.083          0.  0.0       1417. 19.457          0.  0.0          0.  0.0 
2233. Keith Richardson                          -0.12       1500. 17.828       3746. -56.009        971. -1.44          0.  0.0 
2234. Raymond Suarez                         -0.128       3771. -51.141        927. 36.463          0.  0.0          0.  0.0 
2235. Ivaylo Traykov                         -0.128          0.  0.0       3437. -41.064        678. 18.648          0.  0.0 
2236. Johan Settergren                         -0.164       3298. -31.16        968. 34.615          0.  0.0          0.  0.0 
2237. Lew Hoad                         -0.196       3899. -59.051       3209. -31.225          0.  0.0       2007. -29.775 
2238. Gabriel Monroy                         -0.207          0.  0.0       1466. 17.82          0.  0.0          0.  0.0 
2239. Frantisek Cermak                          -0.22        691. 49.936        277. 83.26          0.  0.0       2061. -34.207 
2240. Sven Ginman                         -0.226          0.  0.0       1326. 22.876          0.  0.0          0.  0.0 
2241. Frederico Ferreira Silva                         -0.264       2735. -20.133       4083. -84.252          0.  0.0          0.  0.0 
2242. Alexis Hombrecher                         -0.266       2542. -12.93          0.  0.0        106. 90.008       2518. -85.542 
2243. Samson Ahinakwa                         -0.269       2063.  0.0          0.  0.0          0.  0.0          0.  0.0 
2244. S Sullivan                          -0.28       2158. -1.752          0.  0.0          0.  0.0          0.  0.0 
2245. Kuan Yi Lee                         -0.285       2858. -23.704          0.  0.0          0.  0.0          0.  0.0 
2246. Cheuk Wai Hui                         -0.329        831. 41.802          0.  0.0          0.  0.0          0.  0.0 
2247. Jing Yi Li                         -0.331       1248. 25.0       3560. -46.798          0.  0.0          0.  0.0 
2248. Ralph Kok                         -0.355          0.  0.0       1028. 31.537        219. 61.631       1579. -15.947 
2249. Andy Lucchesi                         -0.361          0.  0.0          0.  0.0        167. 71.554          0.  0.0 
2250. Javier Roch                           -0.4       3822. -53.838          0.  0.0          0.  0.0          0.  0.0 
2251. Alejandro Moro Canas                         -0.407          0.  0.0        506. 60.395          0.  0.0       1746. -23.859 
2252. Scott Oudsema                         -0.411       1895. 3.529          0.  0.0          0.  0.0        716. 24.881 
2253. William Blaze                         -0.443          0.  0.0        805. 43.832          0.  0.0          0.  0.0 
2254. Kevin Sorensen                         -0.464       1995. 1.209          0.  0.0        211. 62.86       1874. -25.0 
2255. Charles Buzz Strode                         -0.475       1688. 10.102       2368. -7.799       1463. -25.117        903. 14.595 
2256. Edson Krause                          -0.49       2062.  0.0          0.  0.0          0.  0.0          0.  0.0 
2257. Craig Duncan                         -0.534          0.  0.0       1276. 24.318          0.  0.0          0.  0.0 
2258. Oskars Vaskis                         -0.555       2982. -25.0       3433. -40.933          0.  0.0          0.  0.0 
2259. A Brogden                         -0.587          0.  0.0          0.  0.0          0.  0.0       2555. -93.369 
2260. Bruno Fragoso                         -0.592          0.  0.0       1877. 3.091          0.  0.0          0.  0.0 
2261. Joaquin  Aguilar Cardozo                          -0.616          0.  0.0        322. 77.772          0.  0.0          0.  0.0 
2262. Mihai Vanta                          -0.64          0.  0.0       1363. 21.474          0.  0.0          0.  0.0 
2263. Max Senior                         -0.647          0.  0.0          0.  0.0          0.  0.0        577. 32.326 
2264. Alvaro Guillen Meza                         -0.659          0.  0.0       3374. -38.015          0.  0.0          0.  0.0 
2265. Rogerio Dutra Silva                         -0.664       1583. 14.864       3698. -52.713          0.  0.0       2443. -70.674 
2266. Stylianos Christodoulou                         -0.687       1273. 25.0       2987. -25.0          0.  0.0          0.  0.0 
2267. Kristian Capalik                          -0.74       2899. -24.703        804. 43.851          0.  0.0        358. 53.728 
2268. Glenn Gerstmar                         -0.759          0.  0.0          0.  0.0          0.  0.0          0.  0.0 
2269. Gerald Melzer                         -0.761        310. 80.363       1962. 1.197          0.  0.0          0.  0.0 
2270. Ivan Beros                         -0.769          0.  0.0       4043. -78.703          0.  0.0          0.  0.0 
2271. Sergio Cortes                         -0.781       1634. 12.488       3364. -37.62          0.  0.0          0.  0.0 
2272. Federico Agustin Gomez                         -0.784        600. 55.28       1433. 18.884          0.  0.0          0.  0.0 
2273. Mikhail Kukushkin                         -0.792       2323. -5.251       4024. -76.977        875. 2.993       2193. -44.894 
2274. Michael Mullan                         -0.811          0.  0.0          0.  0.0          0.  0.0        653. 27.045 
2275. Harry Brittain                         -0.814          0.  0.0          0.  0.0          0.  0.0        466. 42.396 
2276. Juan Pablo Varillas                         -0.819       4369. -126.086        945. 35.481          0.  0.0       2048. -32.992 
2277. A Jackson                          -0.82          0.  0.0          0.  0.0          0.  0.0       1043. 5.946 
2278. Bengt Lundstedt                         -0.844       3950. -61.961          0.  0.0        254. 54.028          0.  0.0 
2279. Tim Vann                         -0.866          0.  0.0          0.  0.0       1642. -39.717          0.  0.0 
2280. Andy Zingman                         -0.868        573. 56.806       2032. -0.278          0.  0.0          0.  0.0 
2281. Andrew Painter                         -0.874          0.  0.0          0.  0.0          0.  0.0       2242. -48.26 
2282. Henry Adjei Darko                         -1.011       1354. 22.997       1337. 22.325          0.  0.0          0.  0.0 
2283. Habib Saleh                         -1.058          0.  0.0       1446. 18.566          0.  0.0          0.  0.0 
2284. Peter Marmureanu                         -1.097          0.  0.0       1502. 16.519          0.  0.0       2091. -36.529 
2285. Phillipe Ventura                         -1.117          0.  0.0       1473. 17.618          0.  0.0          0.  0.0 
2286. C Webster                         -1.123          0.  0.0          0.  0.0          0.  0.0        822. 19.899 
2287. C J Bendall                         -1.132          0.  0.0          0.  0.0          0.  0.0       1250. -1.0 
2288. Ibrahim Mahmoud                         -1.133          0.  0.0       3845. -62.943          0.  0.0          0.  0.0 
2289. Brett Dickinson                         -1.174        371. 74.922       3928. -69.161        177. 69.193         28. 138.168 
2290. Juan Manuel Hidalgo                         -1.201          0.  0.0        359. 74.171          0.  0.0          0.  0.0 
2291. B Kronruge                         -1.242          0.  0.0         26. 151.22          0.  0.0          0.  0.0 
2292. Deniss Pavlovs                         -1.257       1899. 3.395       2662. -19.112       1367. -24.836          0.  0.0 
2293. Henry Kamakana                         -1.269        357. 75.7          0.  0.0        864. 3.543          0.  0.0 
2294. Cyril Rudman                          -1.32       1008. 32.08          0.  0.0          0.  0.0          0.  0.0 
2295. Roberto Saad                         -1.332       2273. -3.818       1327. 22.726       1396. -25.0       1959. -27.647 
2296. Mario Caimo                          -1.35          0.  0.0         98. 115.845          0.  0.0          0.  0.0 
2297. Gustavo Heide                         -1.354       1598. 14.15        628. 52.414          0.  0.0          0.  0.0 
2298. T Tang                         -1.368          0.  0.0          0.  0.0       1669. -42.66          0.  0.0 
2299. Bob Blazekovic                         -1.369       2017. 0.675          0.  0.0        748. 11.954          0.  0.0 
2300. Hamid Reza Nadaf                         -1.394       1735. 8.094       2997. -25.0          0.  0.0          0.  0.0 
2301. Richard Howes                         -1.411          0.  0.0          0.  0.0          0.  0.0       1207.  0.0 
2302. Roy Schwegman                         -1.428       2770. -21.444          0.  0.0          0.  0.0          0.  0.0 
2303. Miguel Olvera                         -1.429       2564. -13.782       2388. -8.292          0.  0.0          0.  0.0 
2304. Jose Andrade                          -1.44          0.  0.0       2080. -1.167          0.  0.0          0.  0.0 
2305. A J Gould                         -1.445          0.  0.0          0.  0.0          0.  0.0       1272. -1.547 
2306. Ronald Agenor                         -1.557        422. 69.833       4134. -90.63        822. 6.177       1995. -29.414 
2307. Gardnar Mulloy                         -1.583          0.  0.0       3158. -28.987          0.  0.0          0.  0.0 
2308. Lukas Thomas                         -1.584          0.  0.0        148. 103.711          0.  0.0          0.  0.0 
2309. Alex Calatrava                         -1.596        227. 92.058        954. 35.164       1957. -89.479       1146. 1.536 
2310. Nicholas Sayer                         -1.608        827. 41.906          0.  0.0          0.  0.0          0.  0.0 
2311. Augustin Gensse                         -1.633       3792. -52.62        481. 62.633          0.  0.0          0.  0.0 
2312. Nicola Spear                         -1.643         76. 130.537       2670. -19.386       1361. -24.54        411. 48.825 
2313. Mike Shore                         -1.653        936. 35.65       3750. -56.421        180. 68.56          0.  0.0 
2314. Mustafa Azkara                         -1.655       2027. 0.494       2014.  0.0          0.  0.0          0.  0.0 
2315. Maurice Claitte                         -1.657          0.  0.0         12. 161.699          0.  0.0          0.  0.0 
2316. Francisco Castillo                         -1.658          0.  0.0          0.  0.0       1025. -3.365          0.  0.0 
2317. Antonio Solana                         -1.706          0.  0.0       3040. -25.981          0.  0.0          0.  0.0 
2318. Mikhail Youzhny                         -1.716       1067. 29.841       1610. 11.164        788. 9.522       1971. -28.318 
2319. Christophe Pognon                         -1.726        530. 60.111          0.  0.0          0.  0.0          0.  0.0 
2320. R Jenkin                         -1.787          0.  0.0          0.  0.0          0.  0.0       1277. -1.667 
2321. Ludi Wijono                         -1.796          0.  0.0       2926. -25.0          0.  0.0          0.  0.0 
2322. Bobby Heald                         -1.799       4203. -83.774          0.  0.0          0.  0.0          0.  0.0 
2323. B Dimalanta                         -1.832       1132. 28.054          0.  0.0          0.  0.0          0.  0.0 
2324. Oscar Posada                         -1.923        344. 76.395       2117. -1.796          0.  0.0          0.  0.0 
2325. K Brebnor                         -1.942       2674. -17.986          0.  0.0          0.  0.0          0.  0.0 
2326. Peter Mcgrath                         -1.958          0.  0.0          0.  0.0          0.  0.0        515. 38.045 
2327. Peter Adolph                         -1.968          0.  0.0       2453. -10.916          0.  0.0          0.  0.0 
2328. Luis Haddock                         -1.997        971. 33.472          0.  0.0          0.  0.0          0.  0.0 
2329. Mateus Alves                         -1.997          0.  0.0        677. 49.557          0.  0.0          0.  0.0 
2330. Pablo Andujar                         -2.012       4152. -77.751        667. 50.067          0.  0.0       1437. -7.385 
2331. Ivo Bratanov                         -2.029       3645. -46.875       2215. -3.812          0.  0.0          0.  0.0 
2332. R Louie                         -2.034          0.  0.0          0.  0.0          0.  0.0        672. 26.284 
2333. Jui Chen Hung                         -2.036       1409. 21.316          0.  0.0          0.  0.0          0.  0.0 
2334. Andrej Krasevec                         -2.038          0.  0.0       1171. 26.07          0.  0.0          0.  0.0 
2335. Eddie Fox                         -2.073          0.  0.0          0.  0.0          0.  0.0        603. 30.142 
2336. Adolfo Daniel Vallejo                         -2.135          0.  0.0       2796. -22.996          0.  0.0          0.  0.0 
2337. Rolf Hertzog                         -2.138        390. 72.785       1024. 31.692          0.  0.0          0.  0.0 
2338. Tennys Sandgren                         -2.173       1944. 2.192       3318. -35.358          0.  0.0       1442. -7.611 
2339. John Van Lottum                         -2.228         26. 153.211       3638. -49.51         69. 104.335        219. 72.478 
2340. Doug Burke                         -2.237       1802. 5.814       3223. -31.766        209. 62.957          0.  0.0 
2341. M Borgener                         -2.259       2262. -3.753          0.  0.0          0.  0.0          0.  0.0 
2342. Glenn Wilson                         -2.288       2742. -20.39       1819. 4.314          0.  0.0          0.  0.0 
2343. Arnau Brugues Davi                         -2.299        237. 89.543       3153. -28.902          0.  0.0          0.  0.0 
2344. Federico Coria                          -2.34       4032. -66.904       1051. 30.668          0.  0.0       2402. -66.158 
2345. Neil Golden                         -2.345          0.  0.0       3761. -57.484          0.  0.0          0.  0.0 
2346. Viacheslav Bielinskyi                         -2.373        457. 66.889          0.  0.0          0.  0.0          0.  0.0 
2347. Jim Landin                         -2.412          0.  0.0          0.  0.0        242. 57.593          0.  0.0 
2348. Nouhoun Sangare                         -2.439       1123. 28.228       4081. -84.232          0.  0.0          0.  0.0 
2349. Ted Williams                         -2.507       1603. 14.037          0.  0.0          0.  0.0          0.  0.0 
2350. Eui Jong Chang                         -2.548       2448. -9.357        750. 46.282       1008. -2.735       1260. -1.134 
2351. Lars Uebel                         -2.553          0.  0.0          0.  0.0          0.  0.0       2173. -43.032 
2352. Ola Kristiansson                         -2.557          0.  0.0       2522. -14.171          0.  0.0          0.  0.0 
2353. Philipp Oswald                         -2.565          0.  0.0       3611. -48.257          0.  0.0          0.  0.0 
2354. Germain Gigounon                         -2.574          0.  0.0       3852. -63.451          0.  0.0          0.  0.0 
2355. Weller Evans                         -2.589          0.  0.0       2493. -12.338          0.  0.0          0.  0.0 
2356. Robert Eriksson                          -2.63        852. 40.93          0.  0.0          0.  0.0          0.  0.0 
2357. Patrice Wiman                         -2.669          0.  0.0          0.  0.0          0.  0.0       1622. -18.327 
2358. Markus Rackl                         -2.679       2574. -14.452       1105. 28.415        951. -0.21          0.  0.0 
2359. Syed Nasir Sherazi                          -2.69       2112. -0.816       2848. -24.574          0.  0.0          0.  0.0 
2360. Artem Sitak                         -2.739       2205. -2.393       1861. 3.393          0.  0.0       1051. 5.59 
2361. Norman Perry                          -2.74          0.  0.0       2211. -3.714          0.  0.0          0.  0.0 
2362. Jeremy Bates                         -2.749       2769. -21.428       4200. -106.68       1641. -39.49       2419. -68.516 
2363. Antso Rakotondramanga                         -2.821       2423. -8.516       1988. 0.469       1457. -25.0          0.  0.0 
2364. Vincenzo Santopadre                         -2.824       3704. -48.615       1782. 5.284       1169. -12.259       1285. -1.786 
2365. Gilchrist Berg                         -2.831          0.  0.0       1732. 7.025          0.  0.0          0.  0.0 
2366. Tomas Tenconi                         -2.861          0.  0.0        596. 54.312          0.  0.0          0.  0.0 
2367. Abdullah Zamjaoui                         -2.867          0.  0.0          0.  0.0          0.  0.0          0.  0.0 
2368. John Van Nostrand                         -2.885       2575. -14.46        316. 78.322          0.  0.0        347. 54.791 
2369. Howard Sands                         -2.902       2021. 0.578          0.  0.0        358. 41.72       2611. -123.227 
2370. Simon Partridge                         -2.962          0.  0.0       1328. 22.681          0.  0.0        451. 44.644 
2371. Martin Slanar                         -2.992       1453. 19.632          0.  0.0          0.  0.0          0.  0.0 
2372. J Luna                         -3.002          0.  0.0       2077. -1.127          0.  0.0          0.  0.0 
2373. Chase Buchanan                         -3.023       1627. 13.063          0.  0.0          0.  0.0          0.  0.0 
2374. Gianni Capozza                          -3.07          0.  0.0       3919. -68.62          0.  0.0          0.  0.0 
2375. Hao Lu                         -3.158       2478. -10.752       2082. -1.206          0.  0.0       1238. -0.767 
2376. J Cabeza                         -3.159          0.  0.0       3959. -71.504          0.  0.0          0.  0.0 
2377. Scott Griekspoor                         -3.201       2046. 0.146          0.  0.0          0.  0.0          0.  0.0 
2378. Hermes Gamonal                         -3.287       1379. 22.213       3230. -32.406        983. -1.796          0.  0.0 
2379. Jose Villarete                         -3.312          0.  0.0          0.  0.0        799. 8.221          0.  0.0 
2380. I Brady                         -3.335       1393. 21.761          0.  0.0          0.  0.0          0.  0.0 
2381. Peter Becroft                         -3.347          0.  0.0          0.  0.0          0.  0.0       1081. 4.07 
2382. Morton Stern                          -3.36       1647. 11.955          0.  0.0          0.  0.0          0.  0.0 
2383. Yasufumi Yamamoto                           -3.4       2907. -24.839          0.  0.0        239. 57.774          0.  0.0 
2384. Yuta Shimizu                         -3.412        588. 56.023          0.  0.0          0.  0.0       1137. 1.796 
2385. Najdo Abou Hassoun                         -3.434          0.  0.0       2800. -23.085          0.  0.0          0.  0.0 
2386. Jannie Louw                         -3.441       1025. 31.213          0.  0.0          0.  0.0          0.  0.0 
2387. Pablo Galdon                         -3.461          0.  0.0         17. 156.908          0.  0.0          0.  0.0 
2388. Ryan Blake                         -3.469       3904. -59.356          0.  0.0          0.  0.0          0.  0.0 
2389. Bruno Echagaray                         -3.474        853. 40.888       1125. 27.505       1129. -8.189          0.  0.0 
2390. Ted Farnsworth                         -3.475          0.  0.0       3725. -54.609          0.  0.0          0.  0.0 
2391. Sina Moghimi                         -3.566          0.  0.0       2412. -9.023          0.  0.0          0.  0.0 
2392. A G Barker                         -3.573          0.  0.0          0.  0.0          0.  0.0       2210. -46.427 
2393. Massimo Rivaroli                         -3.573          0.  0.0          0.  0.0        746. 12.291          0.  0.0 
2394. Richard Bloomfield                          -3.59       2166. -1.803          0.  0.0          0.  0.0        507. 38.643 
2395. Marcos Perez Hubert                         -3.595          0.  0.0       2680. -19.882          0.  0.0          0.  0.0 
2396. Hendri Susilo Pramono                         -3.674       3219. -28.548          0.  0.0          0.  0.0          0.  0.0 
2397. Tadayuki Sawamatsu                          -3.69        126. 113.383          0.  0.0          0.  0.0          0.  0.0 
2398. Andrei Cherkasov                          -3.72        846. 41.158       2838. -24.307        195. 65.775       2006. -29.773 
2399. Oliver Marach                         -3.721       4166. -79.289         59. 130.127        610. 23.645        875. 16.698 
2400. Fabien Cousin                         -3.733          0.  0.0          0.  0.0        498. 27.704          0.  0.0 
2401. Nicolas Sotiriu                         -3.766       1353. 23.014          0.  0.0          0.  0.0          0.  0.0 
2402. M Billows                          -3.77          0.  0.0          0.  0.0          0.  0.0        795. 21.26 
2403. Marc Krippendorf                         -3.806          0.  0.0       2380. -8.075          0.  0.0          0.  0.0 
2404. John Benson                         -3.821        895. 38.643        914. 37.441        931. 0.298          0.  0.0 
2405. Dave Kanter                         -3.824          0.  0.0       1676. 8.869       1468. -25.287          0.  0.0 
2406. Antonio Mennella                         -3.869          0.  0.0       2348. -7.145          0.  0.0          0.  0.0 
2407. Santiago Fa Rodriguez Taverna                         -3.884          0.  0.0       3802. -59.832          0.  0.0          0.  0.0 
2408. Guillermo Olaso                         -3.919       1841. 4.698        827. 42.031          0.  0.0          0.  0.0 
2409. Flavio Cipolla                         -3.921        937. 35.623        137. 106.043          0.  0.0       2154. -41.68 
2410. Denys Molchanov                         -3.927       3065. -25.33        472. 63.331          0.  0.0          0.  0.0 
2411. Marco Gudino                         -3.938          0.  0.0        147. 104.078          0.  0.0          0.  0.0 
2412. Kirati Siributwong                          -3.94       3799. -53.035          0.  0.0          0.  0.0          0.  0.0 
2413. AJ Mitha                         -3.954          0.  0.0          0.  0.0          0.  0.0       2391. -64.082 
2414. Christian Saceanu                         -3.968       1091. 29.257       2692. -20.014       1030. -3.457        575. 32.377 
2415. Kyrian Jacquet                         -4.008       4361. -119.721          0.  0.0          0.  0.0          0.  0.0 
2416. Vittorio Crotta                         -4.052          0.  0.0       1557. 13.464          0.  0.0          0.  0.0 
2417. Hans Nerell                         -4.062          0.  0.0       1930. 1.88          0.  0.0          0.  0.0 
2418. Wilfredo Gonzalez                         -4.071       3915. -59.83       2858. -24.769          0.  0.0          0.  0.0 
2419. Andres Filimonov                         -4.083       2030. 0.475       3641. -49.562       1195. -15.02          0.  0.0 
2420. Alberto Capitan                         -4.085          0.  0.0        797. 44.202          0.  0.0          0.  0.0 
2421. Juan Andres Gomez                         -4.157        686. 50.078       1227. 25.0          0.  0.0          0.  0.0 
2422. Marin Draganja                         -4.184        529. 60.184          0.  0.0          0.  0.0          0.  0.0 
2423. John O'Shea                          -4.21          0.  0.0          0.  0.0          0.  0.0       1527. -12.3 
2424. Younes Rachidi                         -4.228       1162. 27.001       3856. -63.765          0.  0.0          0.  0.0 
2425. Sergei Petrouchevsky                         -4.234          0.  0.0          0.  0.0        320. 46.441          0.  0.0 
2426. Frantisek Pala                         -4.237       1703. 9.231       2695. -20.129         66. 106.53        616. 29.148 
2427. Oswaldo Cruz                          -4.24          0.  0.0          0.  0.0          0.  0.0        987. 9.251 
2428. Jiri Zigmund                         -4.279          0.  0.0          0.  0.0          0.  0.0       1710. -22.389 
2429. Kwasi Ahenkora                         -4.282       1959. 1.796       2119. -1.796          0.  0.0          0.  0.0 
2430. Peter Van Lingen                         -4.294          0.  0.0       4019. -76.32          0.  0.0          0.  0.0 
2431. Trevor Fancutt                         -4.312          0.  0.0          0.  0.0          0.  0.0        223. 71.888 
2432. Brad Holland                         -4.337          0.  0.0          0.  0.0          0.  0.0       1712. -22.43 
2433. Brian Joelson                         -4.352          0.  0.0          0.  0.0          0.  0.0       2310. -53.992 
2434. Loic Courteau                         -4.373       1189. 26.548       1179. 25.818        680. 18.409       1078. 4.237 
2435. Juan Ignacio Londero                         -4.401         65. 134.409        324. 77.58          0.  0.0       1942. -26.989 
2436. Francisco Cabral                         -4.406          0.  0.0       3263. -33.236          0.  0.0          0.  0.0 
2437. Jesus Villela                         -4.426          0.  0.0          0.  0.0        868. 3.191          0.  0.0 
2438. Atilio Rosetti                         -4.428          0.  0.0          0.  0.0          0.  0.0        852. 17.974 
2439. Eddy Chala                         -4.458          0.  0.0       3173. -29.644          0.  0.0          0.  0.0 
2440. Naratorn Srichaphan                         -4.474       1519. 16.939         52. 133.729          0.  0.0       2199. -45.275 
2441. Bob Adams                         -4.486          0.  0.0          0.  0.0          0.  0.0          0.  0.0 
2442. Toizo Hosoi                         -4.581        533. 59.978          0.  0.0          0.  0.0        730. 24.254 
2443. Antoine Beugre                         -4.587       3563. -43.939          0.  0.0        518. 26.79          0.  0.0 
2444. Buff Farrow                         -4.593       1114. 28.527        523. 59.16          0.  0.0          0.  0.0 
2445. Nick Mohtadi                          -4.62       3388. -34.946          0.  0.0          0.  0.0          0.  0.0 
2446. Sean Cole                         -4.641          0.  0.0          0.  0.0          0.  0.0        115. 94.66 
2447. Marcos Braga                         -4.648          0.  0.0       1983. 0.532          0.  0.0          0.  0.0 
2448. Sho Shimabukuro                          -4.65        481. 64.834          0.  0.0          0.  0.0        532. 36.424 
2449. John Harrison                         -4.658          0.  0.0          0.  0.0          0.  0.0        744. 23.555 
2450. Salomon Velasco                         -4.667          0.  0.0          0.  0.0          0.  0.0          0.  0.0 
2451. Harry Coe                         -4.676          0.  0.0       1373. 21.06          0.  0.0          0.  0.0 
2452. Todd Larkham                         -4.701        217. 93.506       1591. 11.975          0.  0.0       2001. -29.644 
2453. Francisco Cabello                         -4.707          0.  0.0       4079. -84.015          0.  0.0          0.  0.0 
2454. Geoff Roper                         -4.729       1797. 6.036          0.  0.0          0.  0.0          0.  0.0 
2455. Richard Russell                          -4.74        264. 85.305       2036. -0.32        603. 23.979        816. 20.272 
2456. Emilio Benfele Alvarez                         -4.745       3229. -28.868       3842. -62.611        381. 39.154        416. 47.793 
2457. Bill Heinbecker                         -4.748          0.  0.0         95. 116.565          0.  0.0          0.  0.0 
2458. Stephen Furlong                         -4.748       1846. 4.531          0.  0.0          0.  0.0       1121. 2.268 
2459. Alexander Zalesky                         -4.764          0.  0.0       1712. 7.457          0.  0.0          0.  0.0 
2460. David Mitchell                         -4.768        816. 42.451          0.  0.0        901. 2.05          0.  0.0 
2461. Sergio Roitman                         -4.769       2723. -19.829       3315. -35.313        194. 65.977        280. 63.064 
2462. Mark Freedman                         -4.771          0.  0.0          0.  0.0          0.  0.0       1561. -14.361 
2463. Jose Fernandez                         -4.776          0.  0.0        512. 59.99          0.  0.0          0.  0.0 
2464. Krister Wedenby                          -4.78          0.  0.0          0.  0.0         56. 113.602          0.  0.0 
2465. B Chaffey                          -4.81       3110. -26.138          0.  0.0          0.  0.0          0.  0.0 
2466. Marius Masencamp                         -4.841       2010. 0.803          0.  0.0          0.  0.0          0.  0.0 
2467. Mousa Shanan Zayed                         -4.864       3608. -45.85          0.  0.0          0.  0.0          0.  0.0 
2468. Atet Wijono                          -4.88       2729. -20.064       1274. 24.409          0.  0.0       1755. -24.027 
2469. Sebo Kiss                         -4.887       2687. -18.412       1934. 1.805          0.  0.0          0.  0.0 
2470. Graziano Risi                          -4.89          0.  0.0       1638. 10.111          0.  0.0          0.  0.0 
2471. Rich Hillway                         -4.902          0.  0.0          0.  0.0       2015. -128.686          0.  0.0 
2472. Talito Corrales                         -4.932          0.  0.0        252. 87.18          0.  0.0          0.  0.0 
2473. Robert Potthast                          -4.96          0.  0.0          0.  0.0          0.  0.0        170. 80.934 
2474. Antonio Capella                         -4.974          0.  0.0       1118. 27.761          0.  0.0          0.  0.0 
2475. Bo Svensson                         -4.989          0.  0.0        863. 40.295          0.  0.0          0.  0.0 
2476. Win Irwin                         -4.997          0.  0.0        729. 47.04          0.  0.0          0.  0.0 
2477. Benito Jose Suriano                         -5.006       3549. -43.278       3440. -41.158          0.  0.0          0.  0.0 
2478. Jimmy Tattersall                         -5.031          0.  0.0          0.  0.0          0.  0.0       1891. -25.199 
2479. Roberto Alvarez                         -5.033          0.  0.0       1627. 10.568          0.  0.0          0.  0.0 
2480. Abdul Kahar Mim                         -5.083          0.  0.0          0.  0.0        743. 12.699          0.  0.0 
2481. Ma Ilahi                         -5.136          0.  0.0          0.  0.0          0.  0.0       1687. -21.537 
2482. Andreas Lesch                          -5.14          0.  0.0       3734. -54.945       1188. -13.937       2017. -30.464 
2483. Juan Carlos Santiago                         -5.143          0.  0.0        372. 73.199          0.  0.0          0.  0.0 
2484. Florian Merkel                         -5.178          0.  0.0          0.  0.0       1072. -4.942          0.  0.0 
2485. Yenesi Allen                         -5.181          0.  0.0       1552. 14.157          0.  0.0          0.  0.0 
2486. Clement Morel                         -5.204          0.  0.0       3107. -27.331          0.  0.0          0.  0.0 
2487. Jukka Narakka                         -5.254          0.  0.0          0.  0.0          0.  0.0        632. 28.142 
2488. Jan Zielinski                         -5.267       3217. -28.476          0.  0.0          0.  0.0          0.  0.0 
2489. Theodoros Angelinos                         -5.277          0.  0.0        878. 39.474          0.  0.0          0.  0.0 
2490. John Segal                         -5.305          0.  0.0       1538. 14.817          0.  0.0          0.  0.0 
2491. Jan Jilemnicky                         -5.306          0.  0.0          0.  0.0          0.  0.0          0.  0.0 
2492. Jeff Salzenstein                         -5.307        263. 85.415       1699. 7.978          0.  0.0       2613. -126.219 
2493. Tom Kempers                         -5.309          0.  0.0       1126. 27.502       1486. -26.558        572. 32.586 
2494. Lester Sack                         -5.319          0.  0.0          0.  0.0        672. 19.811          0.  0.0 
2495. Salvador Colvee                         -5.342        882. 39.253        400. 71.0          0.  0.0          0.  0.0 
2496. Jean Segodo                         -5.351       2509. -11.728          0.  0.0          0.  0.0          0.  0.0 
2497. Igor Tihonenko                         -5.373          0.  0.0       1778. 5.512          0.  0.0          0.  0.0 
2498. Francis Barnett                         -5.404       2489. -10.939          0.  0.0          0.  0.0          0.  0.0 
2499. Joao Cunha Silva                         -5.427        999. 32.344        919. 37.049       1490. -26.659        256. 66.244 
2500. Gerry Gomes                         -5.455          0.  0.0       3048. -26.136          0.  0.0          0.  0.0 
2501. Amir Weintraub                         -5.495       3496. -40.344        507. 60.327          0.  0.0         60. 118.28 
2502. Rodrigo Banzer                         -5.501       4333. -108.519        936. 35.946          0.  0.0          0.  0.0 
2503. Conny Falk                         -5.505          0.  0.0       1971. 0.912          0.  0.0          0.  0.0 
2504. Geoff Roberts                         -5.512          0.  0.0          0.  0.0          0.  0.0        506. 38.784 
2505. Matias Boeker                         -5.533       1701. 9.349       1603. 11.312          0.  0.0          0.  0.0 
2506. Rodrigo Pacheco Mendez                         -5.538       1925. 2.776       1145. 26.796          0.  0.0          0.  0.0 
2507. Yoshiya Hamano                         -5.553          0.  0.0       1081. 29.277          0.  0.0          0.  0.0 
2508. Michael Bauer                         -5.555          0.  0.0          0.  0.0       1210. -15.838          0.  0.0 
2509. Kirk Watson                         -5.562          0.  0.0          0.  0.0          0.  0.0          0.  0.0 
2510. George Bezecny                         -5.572       3306. -31.423        568. 56.016          0.  0.0          0.  0.0 
2511. Amani Jumatano                         -5.579       2891. -24.498          0.  0.0          0.  0.0          0.  0.0 
2512. Geoff Griffiths                         -5.582          0.  0.0          0.  0.0          0.  0.0        927. 12.723 
2513. Radovan Svetlik                         -5.594          0.  0.0       1285. 24.009          0.  0.0          0.  0.0 
2514. Sascha Kloer                          -5.63          0.  0.0       1515. 15.92          0.  0.0          0.  0.0 
2515. Helson Barros                         -5.639          0.  0.0          0.  0.0        474. 28.817          0.  0.0 
2516. Duy Bao Ta                         -5.641          0.  0.0          0.  0.0          0.  0.0       1897. -25.333 
2517. Mike Bauer                         -5.667       3828. -54.278        712. 47.988        786. 9.543        874. 16.76 
2518. Bernard Paul                         -5.675       3176. -27.388       1114. 28.0       1751. -49.137        319. 58.739 
2519. Kevin Kerns                          -5.69       1715. 8.787        348. 75.322          0.  0.0        677. 26.135 
2520. U Akhtar                         -5.696          0.  0.0       1605. 11.261          0.  0.0          0.  0.0 
2521. Jung Woong Na                         -5.707       3715. -48.979          0.  0.0          0.  0.0          0.  0.0 
2522. Agustin Garizzio                         -5.709          0.  0.0       1655. 9.423          0.  0.0          0.  0.0 
2523. Zachary Svajda                         -5.729       3671. -47.903          0.  0.0          0.  0.0       1591. -16.775 
2524. Kadhim Kadhim                         -5.732       2052. 0.095          0.  0.0          0.  0.0          0.  0.0 
2525. Lucas Arnold Ker                         -5.737       3220. -28.56       2007. 0.07         58. 112.896       2216. -46.719 
2526. Ali Kadhim                          -5.74       2051. 0.095          0.  0.0          0.  0.0          0.  0.0 
2527. Giorgio Galimberti                         -5.789       4256. -92.059        826. 42.038       1913. -75.356          0.  0.0 
2528. Roberto Raffa                         -5.828          0.  0.0          0.  0.0       1200. -15.189          0.  0.0 
2529. Gary Henderson                          -5.83          0.  0.0          0.  0.0          0.  0.0       2068. -34.644 
2530. Alan Ho                         -5.837        123. 113.461          0.  0.0          0.  0.0          0.  0.0 
2531. Tom Fontana                         -5.868          0.  0.0        651. 51.003          0.  0.0          0.  0.0 
2532. Martin Landaluce                         -5.885       1945. 2.172          0.  0.0          0.  0.0          0.  0.0 
2533. Jamie Baker                         -5.888       2462. -9.861        362. 73.904          0.  0.0        563. 33.588 
2534. Bill Lefgron                         -5.913          0.  0.0        528. 58.827          0.  0.0          0.  0.0 
2535. Todd Perry                         -5.914       3887. -57.815          0.  0.0          0.  0.0          0.  0.0 
2536. Nigel Orourke                         -5.915        120. 114.196          0.  0.0          0.  0.0          0.  0.0 
2537. Jay Gooding                         -5.936        356. 75.716          0.  0.0          0.  0.0          0.  0.0 
2538. Chip Tolleson                         -5.984          0.  0.0       3279. -33.741          0.  0.0          0.  0.0 
2539. J Spinnenweber                         -5.989          0.  0.0        922. 36.901          0.  0.0          0.  0.0 
2540. Bostjan Osabnik                         -5.989        757. 46.361       1651. 9.514          0.  0.0          0.  0.0 
2541. Peter Tudhope                         -5.993       1200. 26.231          0.  0.0          0.  0.0          0.  0.0 
2542. Sergei Leonjuk                         -5.998          0.  0.0         60. 129.245        647. 21.085          0.  0.0 
2543. Nicolas Pereira                         -6.013       3852. -55.687       4127. -89.437        886. 2.502        366. 52.547 
2544. Corey Wittenberg                         -6.019          0.  0.0          0.  0.0          0.  0.0        230. 71.436 
2545. Andrea Basso                         -6.058          0.  0.0       3244. -32.717          0.  0.0          0.  0.0 
2546. Jonathan Smith                         -6.069       2767. -21.409        511. 60.006        531. 26.113        313. 59.357 
2547. Ryan Shane                         -6.086        153. 106.81          0.  0.0          0.  0.0          0.  0.0 
2548. Marco Cacopardo                         -6.103          0.  0.0          0.  0.0       1572. -32.614          0.  0.0 
2549. Jim Bochte                          -6.12          0.  0.0       3962. -71.875          0.  0.0          0.  0.0 
2550. Randy Jones                         -6.131          0.  0.0          0.  0.0          0.  0.0       1242. -0.804 
2551. Tij Syma                         -6.136          0.  0.0          0.  0.0          0.  0.0        750. 23.369 
2552. Lukas Hellum Lilleengen                         -6.183       3399. -35.319          0.  0.0          0.  0.0          0.  0.0 
2553. Barry Smith                         -6.202          0.  0.0          0.  0.0          0.  0.0       2327. -56.323 
2554. Ignacio Hirigoyen                         -6.215       3483. -39.958        173. 98.896          0.  0.0          0.  0.0 
2555. Bruce Brescia                         -6.239          0.  0.0        151. 102.47          0.  0.0          0.  0.0 
2556. David Franco                         -6.243          0.  0.0       2295. -5.711          0.  0.0          0.  0.0 
2557. Pete Smith                          -6.27          0.  0.0        663. 50.325          0.  0.0          0.  0.0 
2558. Mark Witsken                         -6.302          0.  0.0        340. 75.906          0.  0.0          0.  0.0 
2559. Felipe Rivera                         -6.309        758. 46.357       4177. -101.109       1344. -23.668          0.  0.0 
2560. Enrique Lopez Perez                         -6.312          0.  0.0         54. 132.034          0.  0.0          0.  0.0 
2561. Andres Pedroso                         -6.342        319. 79.092          0.  0.0          0.  0.0          0.  0.0 
2562. Dave Ranney                         -6.416        218. 93.467          0.  0.0          0.  0.0          0.  0.0 
2563. Johan Donar                         -6.443          0.  0.0       4213. -112.801          0.  0.0          0.  0.0 
2564. Bob Goeltz                         -6.459          0.  0.0          0.  0.0        999. -2.322          0.  0.0 
2565. Oleksandr Dolgopolov                         -6.485          0.  0.0        140. 105.252          0.  0.0          0.  0.0 
2566. Vladimir Petrovic                         -6.491       3905. -59.365          0.  0.0          0.  0.0          0.  0.0 
2567. Marcus Sarstrand                         -6.522       3375. -34.23       1479. 17.328          0.  0.0          0.  0.0 
2568. Norbert Mazany                         -6.531          0.  0.0       3825. -61.143          0.  0.0          0.  0.0 
2569. Jorge Cano                         -6.549          0.  0.0        730. 46.973          0.  0.0          0.  0.0 
2570. Andrew Anderson                         -6.559       2309. -4.899          0.  0.0          0.  0.0          0.  0.0 
2571. Ray Keldie                         -6.588       2746. -20.548       4132. -90.124       1051. -3.925       1678. -21.05 
2572. Josko Topic                         -6.601          0.  0.0       1463. 17.864          0.  0.0          0.  0.0 
2573. Kj Hippensteel                         -6.609       3961. -62.605          0.  0.0          0.  0.0          0.  0.0 
2574. Markus Menzler                         -6.612          0.  0.0          0.  0.0          0.  0.0       1993. -29.365 
2575. Jeff Robbins                         -6.663        500. 63.11          0.  0.0          0.  0.0          0.  0.0 
2576. Carlos Gimeno Valero                         -6.689          0.  0.0       1834. 3.943          0.  0.0          0.  0.0 
2577. Roy Sprengelmeyer                         -6.696          0.  0.0       1830. 4.098          0.  0.0          0.  0.0 
2578. Desmond Early                         -6.698       2296. -4.436          0.  0.0          0.  0.0       1650. -19.85 
2579. Yair Werthimer                         -6.732          0.  0.0       3357. -37.209          0.  0.0          0.  0.0 
2580. Jan Munch Soegaard                         -6.746          0.  0.0       2734. -21.272          0.  0.0          0.  0.0 
2581. Juan Manuel Couder                         -6.754          0.  0.0       3757. -57.277          0.  0.0          0.  0.0 
2582. Lars Burgsmuller                         -6.781       1086. 29.343       3058. -26.354        778. 9.78        893. 15.318 
2583. Vladimir Pavicevic                         -6.793       4378. -132.49       3397. -38.866       1739. -48.204          0.  0.0 
2584. Mark Pinchbeck                         -6.816          0.  0.0          0.  0.0          0.  0.0       1323. -2.629 
2585. Dickson Ogu                         -6.848          0.  0.0       3320. -35.442          0.  0.0          0.  0.0 
2586. Jean Andersen                         -6.902       1930. 2.581          0.  0.0          0.  0.0          0.  0.0 
2587. Soteris Hadjistyllis                         -6.924       2074. -0.147          0.  0.0          0.  0.0          0.  0.0 
2588. Gregoire Rafaitin                         -6.937       2031. 0.449       4202. -107.57          0.  0.0          0.  0.0 
2589. Yue Wei Wang                         -6.977        722. 48.169          0.  0.0          0.  0.0          0.  0.0 
2590. Zbynek Mlynarik                         -6.997       4359. -117.695          0.  0.0          0.  0.0          0.  0.0 
2591. Fook Chong Chiew                         -7.006          0.  0.0          0.  0.0          0.  0.0          0.  0.0 
2592. Sang Hoon Lee                         -7.009       3954. -62.205          0.  0.0          0.  0.0          0.  0.0 
2593. Ken Hiskins                         -7.037          0.  0.0          0.  0.0          0.  0.0        700. 25.037 
2594. Herve Bardot                         -7.077       1561. 15.51          0.  0.0          0.  0.0          0.  0.0 
2595. Adria Soriano Barrera                         -7.081       3974. -63.447        423. 68.993          0.  0.0          0.  0.0 
2596. Rene Nicklisch                         -7.085          0.  0.0          0.  0.0          0.  0.0       1318. -2.495 
2597. Scott Mccain                         -7.107        257. 86.507       1691. 8.33       1356. -24.143       2331. -56.632 
2598. Fred Mcnair                         -7.116       2553. -13.35       1579. 12.518        604. 23.973        592. 30.735 
2599. Patrick Kaukovalta                         -7.134       2440. -9.065          0.  0.0          0.  0.0          0.  0.0 
2600. Rik De Voest                         -7.166        468. 65.81       3711. -53.581          0.  0.0       1919. -26.416 
2601. G Harris                         -7.171          0.  0.0          0.  0.0          0.  0.0          0.  0.0 
2602. Alexander Zgirovsky                         -7.176          0.  0.0       3532. -45.479          0.  0.0          0.  0.0 
2603. Brett Hansen Dent                         -7.179       1671. 10.824          0.  0.0          0.  0.0          0.  0.0 
2604. Oded Yaacov                         -7.226        430. 69.29          0.  0.0          0.  0.0          0.  0.0 
2605. Mohammed Abdulla                         -7.231       1056. 30.229          0.  0.0          0.  0.0          0.  0.0 
2606. Martin Goldberg                         -7.255          0.  0.0          0.  0.0        801. 7.818          0.  0.0 
2607. Alexander Sadecky                         -7.259          0.  0.0        482. 62.6          0.  0.0          0.  0.0 
2608. Chang Hong Ni                         -7.272          0.  0.0       1030. 31.399          0.  0.0          0.  0.0 
2609. Emilio Daniel Baez Britez                         -7.273       2757. -21.051       1297. 23.681          0.  0.0          0.  0.0 
2610. Johny De Leon                         -7.275       3688. -48.204       1308. 23.319          0.  0.0          0.  0.0 
2611. G Silberman                         -7.285        845. 41.162          0.  0.0          0.  0.0          0.  0.0 
2612. Felix Morey                         -7.308          0.  0.0       2274. -5.194          0.  0.0          0.  0.0 
2613. Manuel Ruiz                         -7.309          0.  0.0         35. 144.154          0.  0.0          0.  0.0 
2614. Ted Gorski                         -7.321        679. 50.331          0.  0.0          0.  0.0          0.  0.0 
2615. Jose Garcia Requena                         -7.331          0.  0.0       4025. -77.034          0.  0.0          0.  0.0 
2616. Ricardo Acioly                         -7.364       3781. -51.872          0.  0.0       1887. -69.785       1440. -7.546 
2617. Antonio Gonzalez                         -7.405          0.  0.0       1487. 17.074          0.  0.0          0.  0.0 
2618. Charles Merzbacher                         -7.428       4358. -117.432          0.  0.0          0.  0.0          0.  0.0 
2619. Edoardo Artaldi                         -7.436          0.  0.0          0.  0.0        706. 16.432          0.  0.0 
2620. Michael Mooney                          -7.44          0.  0.0          0.  0.0          0.  0.0          0.  0.0 
2621. Alessandro Giannessi                         -7.452       3254. -29.538        627. 52.469          0.  0.0          0.  0.0 
2622. Mark Joffey                         -7.463       3812. -53.372          0.  0.0          0.  0.0          0.  0.0 
2623. Bill Drake                         -7.464          0.  0.0       1477. 17.45          0.  0.0          0.  0.0 
2624. Filip Peliwo                         -7.499       2843. -23.405       2598. -16.956          0.  0.0          0.  0.0 
2625. Nicolas Meister                         -7.528       3059. -25.177          0.  0.0          0.  0.0          0.  0.0 
2626. Lior Mor                         -7.529       1445. 19.989        789. 44.446          0.  0.0          0.  0.0 
2627. Lawrence Hall                         -7.531       2484. -10.819       3400. -39.02          0.  0.0       2042. -32.686 
2628. Robert Lamarche                         -7.542          0.  0.0       2649. -18.785          0.  0.0          0.  0.0 
2629. Hans Hach Verdugo                         -7.546       3949. -61.929          0.  0.0          0.  0.0          0.  0.0 
2630. Jim Hodges                         -7.547        398. 71.963          0.  0.0          0.  0.0          0.  0.0 
2631. Brad Hibbert                         -7.552       3259. -29.64          0.  0.0          0.  0.0          0.  0.0 
2632. Don O'Connell                         -7.567       4210. -84.637          0.  0.0          0.  0.0       1138. 1.783 
2633. Francisco Pinto                         -7.582          0.  0.0          0.  0.0        910. 1.538          0.  0.0 
2634. U Jadcyznski                         -7.591       4018. -65.975          0.  0.0          0.  0.0          0.  0.0 
2635. Diego Schwartzman                         -7.593        526. 60.694       2163. -2.708          0.  0.0       1034. 6.133 
2636. Philippe Lacombrade                         -7.644          0.  0.0          0.  0.0        636. 22.166          0.  0.0 
2637. Oliver Freund                          -7.67          0.  0.0       2168. -2.793          0.  0.0          0.  0.0 
2638. Nicholas David Ionel                          -7.68       3786. -52.233       1669. 9.003          0.  0.0          0.  0.0 
2639. Kelly Evernden                         -7.701       3348. -32.97       2031. -0.263       1264. -19.6        949. 11.465 
2640. Ned Neely                         -7.722          0.  0.0          0.  0.0          0.  0.0       2152. -41.641 
2641. Stephen Taylor Sr                         -7.723          0.  0.0       2647. -18.596          0.  0.0          0.  0.0 
2642. Jeck Chu                         -7.729       3063. -25.253          0.  0.0          0.  0.0          0.  0.0 
2643. Chemseddine Belal                         -7.745          0.  0.0       3480. -43.265          0.  0.0          0.  0.0 
2644. Thomas Messmer                         -7.764       3525. -42.086          0.  0.0          0.  0.0          0.  0.0 
2645. Toshihisa Tsuchihashi                         -7.783       3801. -53.063       2746. -21.586        912. 1.444          0.  0.0 
2646. Christopher Diaz Figueroa                         -7.806       1010. 31.885       3396. -38.843          0.  0.0          0.  0.0 
2647. Paul Carey                         -7.814          0.  0.0          0.  0.0          0.  0.0       1178. 0.613 
2648. Evan Furness                         -7.822       1543. 16.128          0.  0.0          0.  0.0          0.  0.0 
2649. Clinton Marsh                         -7.827       2534. -12.589          0.  0.0          0.  0.0          0.  0.0 
2650. Tony Bujan                         -7.856       2372. -6.77          0.  0.0          0.  0.0          0.  0.0 
2651. Matt Reid                         -7.858          0.  0.0          0.  0.0          0.  0.0       1602. -17.386 
2652. Francisco Costa                         -7.863       3999. -64.646        422. 69.006          0.  0.0          0.  0.0 
2653. R Buckley                         -7.869          0.  0.0          0.  0.0          0.  0.0       2219. -46.762 
2654. Jack Brasington                         -7.887       1488. 18.319        197. 95.305          0.  0.0       2257. -49.678 
2655. Shai Friedman                         -7.888        412. 70.817          0.  0.0          0.  0.0          0.  0.0 
2656. Dexter Macbride                          -7.89       2655. -17.264          0.  0.0          0.  0.0          0.  0.0 
2657. Peter Hampton                         -7.925       3313. -31.596          0.  0.0          0.  0.0          0.  0.0 
2658. Fabio Moscino                         -7.929          0.  0.0          0.  0.0        166. 71.593          0.  0.0 
2659. J Fairchild                         -7.934          0.  0.0        437. 67.432          0.  0.0          0.  0.0 
2660. David Martin                         -7.934       4120. -75.264          0.  0.0          0.  0.0          0.  0.0 
2661. Jean Van Rensburg                         -7.942        742. 46.918          0.  0.0          0.  0.0          0.  0.0 
2662. Yassine Dlimi                         -7.991       1397. 21.721       2994. -25.0          0.  0.0          0.  0.0 
2663. W Bell                         -7.993          0.  0.0          0.  0.0          0.  0.0        559. 33.832 
2664. Kent Woodward                           -8.0          0.  0.0          0.  0.0       1926. -78.646          0.  0.0 
2665. Ricardo Aubone                         -8.078          0.  0.0       3341. -36.132          0.  0.0          0.  0.0 
2666. P Rickey                          -8.08          0.  0.0          0.  0.0          0.  0.0       2221. -46.787 
2667. Shirzad Akbari                         -8.085          0.  0.0       1494. 16.786          0.  0.0          0.  0.0 
2668. Pedro Braga                         -8.094          0.  0.0       1548. 14.211          0.  0.0          0.  0.0 
2669. Graham Primrose                         -8.114          0.  0.0          0.  0.0          0.  0.0       1035. 6.086 
2670. Roberto Vaz Carvalhaes                         -8.115          0.  0.0       1759. 6.194          0.  0.0          0.  0.0 
2671. Eyal Erlich                         -8.128         58. 137.84          0.  0.0        796. 8.462       1895. -25.298 
2672. Christophe Lesage                         -8.162       2688. -18.417       1090. 28.916          0.  0.0          0.  0.0 
2673. Don Bitler                         -8.173          0.  0.0       2002. 0.21          0.  0.0          0.  0.0 
2674. Mark Jeffrey                         -8.176       4312. -103.421          0.  0.0          0.  0.0          0.  0.0 
2675. Sam Riffice                         -8.215       3233. -28.926          0.  0.0          0.  0.0          0.  0.0 
2676. Gerardo Lopez Villasenor                         -8.216       1492. 18.145       3458. -42.02          0.  0.0          0.  0.0 
2677. Dirk Dier                         -8.231       2612. -15.579        665. 50.173       1904. -72.808        187. 77.752 
2678. Reijo Tuomola                         -8.268          0.  0.0          0.  0.0          0.  0.0       1548. -13.521 
2679. Denis Matsukevitch                         -8.286        337. 77.051       1058. 30.233       1564. -31.91          0.  0.0 
2680. Nikolas Sanchez Izquierdo                         -8.305          0.  0.0        118. 110.696          0.  0.0          0.  0.0 
2681. Christopher Koderisch                         -8.306          0.  0.0          0.  0.0          0.  0.0       2267. -50.264 
2682. Martin Emmrich                         -8.307          0.  0.0          0.  0.0          0.  0.0       1455. -8.224 
2683. G Halabi                         -8.319          0.  0.0        934. 36.116          0.  0.0          0.  0.0 
2684. Rocky Vasquez                         -8.332          0.  0.0       2605. -17.171          0.  0.0          0.  0.0 
2685. Simon Robinson                         -8.352        885. 39.031          0.  0.0          0.  0.0          0.  0.0 
2686. Ingo Neumuller                         -8.358          0.  0.0       4231. -119.693          0.  0.0          0.  0.0 
2687. Susheel Narla                         -8.375         40. 149.057          0.  0.0          0.  0.0          0.  0.0 
2688. Ugo Colombini                           -8.4          0.  0.0       2729. -21.186        114. 87.227          0.  0.0 
2689. Jack Kruger                         -8.416       3924. -60.347          0.  0.0          0.  0.0          0.  0.0 
2690. Rayane Roumane                         -8.436       2865. -23.822          0.  0.0          0.  0.0          0.  0.0 
2691. William Koo                         -8.447        149. 107.95          0.  0.0          0.  0.0          0.  0.0 
2692. Yaoki Ishii                         -8.452       2396. -7.638          0.  0.0        487. 28.174          0.  0.0 
2693. Ulises Blanch                         -8.452       2334. -5.521          0.  0.0          0.  0.0          0.  0.0 
2694. Andrew Mclean                         -8.523        714. 48.437          0.  0.0          0.  0.0          0.  0.0 
2695. Toru Yonezawa                         -8.555       3775. -51.357       1191. 25.408          0.  0.0          0.  0.0 
2696. Marco Morales                         -8.611          0.  0.0        237. 89.899          0.  0.0          0.  0.0 
2697. Kamil Capkovic                         -8.622        299. 81.553          0.  0.0          0.  0.0          0.  0.0 
2698. Carlos Costa                         -8.628       3869. -57.028       1003. 32.783        187. 67.037       2492. -80.204 
2699. Victor Ionita                         -8.643          0.  0.0       4115. -88.119          0.  0.0          0.  0.0 
2700. Patrick McEnroe                          -8.66        961. 34.09       1832. 4.029         83. 99.645       1073. 4.485 
2701. Mohammed Arif Elahi                          -8.67       2887. -24.414          0.  0.0          0.  0.0          0.  0.0 
2702. John Andrews                         -8.671          0.  0.0       2780. -22.613          0.  0.0          0.  0.0 
2703. Simone Ercoli                         -8.692          0.  0.0        776. 44.856          0.  0.0          0.  0.0 
2704. Diego Hipperdinger                         -8.713          0.  0.0       1735. 6.925          0.  0.0          0.  0.0 
2705. Adrian Cruciat                         -8.729          0.  0.0       2095. -1.508          0.  0.0          0.  0.0 
2706. Axel Finnberg                         -8.756        278. 83.76          0.  0.0          0.  0.0          0.  0.0 
2707. Henry Whitesell                         -8.763          0.  0.0        328. 77.296          0.  0.0          0.  0.0 
2708. Raymond Sarmiento                         -8.785        360. 75.563          0.  0.0          0.  0.0          0.  0.0 
2709. Jan Satral                         -8.794       3277. -30.437        282. 82.718          0.  0.0          0.  0.0 
2710. James Lemke                         -8.847       3178. -27.424          0.  0.0          0.  0.0          0.  0.0 
2711. Leonardo Olguin                         -8.864          0.  0.0        119. 110.095          0.  0.0          0.  0.0 
2712. Andreas Fikas                         -8.877          0.  0.0        329. 77.214       1038. -3.573          0.  0.0 
2713. Ricardo Chile Fonte                         -8.879       2492. -11.168       1097. 28.758          0.  0.0          0.  0.0 
2714. Thomas Prerovsky                         -8.945          0.  0.0          0.  0.0       1007. -2.661        308. 60.063 
2715. Guillermo Rivera Aranguiz                         -8.959          0.  0.0       3865. -64.528          0.  0.0          0.  0.0 
2716. Erik Stenninger                          -8.97          0.  0.0          0.  0.0          0.  0.0          0.  0.0 
2717. Chris Greendale                         -8.971          0.  0.0          0.  0.0          0.  0.0        558. 33.935 
2718. Ken Fletcher                         -9.021          0.  0.0          0.  0.0          0.  0.0       1041. 5.997 
2719. D Hardiman                         -9.043          0.  0.0          0.  0.0          0.  0.0        674. 26.217 
2720. Carey Brading                         -9.058          0.  0.0          0.  0.0          0.  0.0          0.  0.0 
2721. Julien Chauvin                         -9.067          0.  0.0         84. 119.959          0.  0.0          0.  0.0 
2722. Michel Koning                         -9.082          0.  0.0          0.  0.0          0.  0.0       2137. -39.999 
2723. Paul Sidone                         -9.107       1843. 4.57          0.  0.0          0.  0.0          0.  0.0 
2724. Stefanos Sakellaridis                         -9.108         19. 164.346          0.  0.0          0.  0.0          0.  0.0 
2725. Silvio Moine                         -9.142          0.  0.0        442. 66.881          0.  0.0          0.  0.0 
2726. Nematollah Nemati                         -9.147          0.  0.0       2650. -18.787          0.  0.0          0.  0.0 
2727. Bob Smith                         -9.173          0.  0.0          0.  0.0          0.  0.0       1154. 1.321 
2728. Eduard Pana                         -9.176          0.  0.0       1804. 4.779          0.  0.0          0.  0.0 
2729. Nigel Sears                         -9.182       3675. -48.042          0.  0.0          0.  0.0          0.  0.0 
2730. Alastair Gray                         -9.183          0.  0.0          0.  0.0          0.  0.0       1405. -5.772 
2731. Michael Vrbensky                         -9.199       1170. 26.866          0.  0.0          0.  0.0          0.  0.0 
2732. William Notar                         -9.203        696. 49.527          0.  0.0          0.  0.0          0.  0.0 
2733. David Kass                         -9.222       2510. -11.746          0.  0.0          0.  0.0          0.  0.0 
2734. Adam Peterson                         -9.223       2579. -14.573          0.  0.0          0.  0.0          0.  0.0 
2735. Isaac Becroft                         -9.242       1938. 2.371          0.  0.0          0.  0.0          0.  0.0 
2736. Manuel Tolentino                         -9.249       3653. -47.089       2073. -1.028          0.  0.0        703. 25.0 
2737. Frank Parker                         -9.251       2498. -11.35          0.  0.0          0.  0.0          0.  0.0 
2738. Harvey Becker                         -9.259          0.  0.0        702. 48.415          0.  0.0          0.  0.0 
2739. J Zimincer                         -9.265          0.  0.0        617. 52.985          0.  0.0          0.  0.0 
2740. Oscar Burrieza                         -9.272       4132. -76.454       3180. -29.819        969. -1.398        761. 22.907 
2741. Ling Fong                         -9.277       1226. 25.197          0.  0.0          0.  0.0          0.  0.0 
2742. Ettore Rossetti                         -9.286          0.  0.0       3848. -63.15          0.  0.0          0.  0.0 
2743. Joe De Foor                         -9.293        512. 61.835          0.  0.0          0.  0.0          0.  0.0 
2744. Maurizio Aracri                         -9.384          0.  0.0        209. 93.811          0.  0.0          0.  0.0 
2745. H Lerke                         -9.387       3562. -43.915          0.  0.0          0.  0.0          0.  0.0 
2746. Hideki Kaneko                         -9.396       4374. -130.51       1854. 3.557       1811. -57.076          0.  0.0 
2747. Terence Chia                         -9.435       3131. -26.511          0.  0.0          0.  0.0          0.  0.0 
2748. S Carr                         -9.439          0.  0.0          0.  0.0          0.  0.0        585. 31.255 
2749. Benjamin Becker                         -9.441       4316. -103.599       3794. -59.462       1799. -55.397        475. 41.875 
2750. Jamie Harty                         -9.473          0.  0.0          0.  0.0          0.  0.0        894. 15.288 
2751. Hans Goransson                         -9.511       2529. -12.46          0.  0.0          0.  0.0          0.  0.0 
2752. Lester Brown                         -9.531          0.  0.0        500. 61.021          0.  0.0          0.  0.0 
2753. Jeff Klaparda                         -9.533        569. 57.153          0.  0.0          0.  0.0       2265. -50.102 
2754. Anders Henricsson                         -9.627       1780. 6.492          0.  0.0          0.  0.0          0.  0.0 
2755. Larry Rolle                         -9.629          0.  0.0          0.  0.0          0.  0.0          0.  0.0 
2756. Timur Ganiev                          -9.64       2442. -9.129          0.  0.0          0.  0.0          0.  0.0 
2757. C Mora                         -9.676       3787. -52.254          0.  0.0          0.  0.0          0.  0.0 
2758. Didier Frantz                         -9.679       3925. -60.355          0.  0.0          0.  0.0          0.  0.0 
2759. Nenad Zimonjic                         -9.683       4288. -97.296       2319. -6.439        324. 46.241        964. 10.647 
2760. Gunther Vanderveeren                         -9.689          0.  0.0          0.  0.0       1868. -66.898          0.  0.0 
2761. Titouan Droguet                         -9.702       2530. -12.483       1478. 17.355          0.  0.0          0.  0.0 
2762. V Popanen                         -9.748          0.  0.0        920. 37.024          0.  0.0          0.  0.0 
2763. Jan Sandberg                          -9.79       1391. 21.794          0.  0.0          0.  0.0          0.  0.0 
2764. Trevor Allan                         -9.801          0.  0.0       1031. 31.358       1298. -21.516       1018. 7.01 
2765. Robbie Smith                         -9.804        252. 86.72          0.  0.0          0.  0.0          0.  0.0 
2766. John Alexander                         -9.812       4139. -76.92        825. 42.051       1790. -53.92       1516. -11.504 
2767. Gerard Toulon                         -9.812       1759. 7.232       3417. -39.819          0.  0.0          0.  0.0 
2768. Matt Lucena                         -9.817          0.  0.0       3355. -36.897          0.  0.0          0.  0.0 
2769. Nick Fulwood                         -9.823       3813. -53.506          0.  0.0          0.  0.0        983. 9.622 
2770. Dan Cantwell                         -9.826       1090. 29.276          0.  0.0          0.  0.0          0.  0.0 
2771. Lee Merry                         -9.828        169. 102.698          0.  0.0          0.  0.0          0.  0.0 
2772. Terry Hassell                         -9.856       1654. 11.664          0.  0.0          0.  0.0          0.  0.0 
2773. Lee Childs                         -9.857       2297. -4.468          0.  0.0       1696. -45.616       2087. -35.649 
2774. Sandeep Kirtane                         -9.874       4392. -149.191          0.  0.0          0.  0.0          0.  0.0 
2775. Mark Ozer                         -9.907          0.  0.0       3143. -28.475          0.  0.0          0.  0.0 
2776. Max Cocks                         -9.914       3911. -59.698          0.  0.0          0.  0.0        839. 19.099 
2777. Ivan Keskinov                         -9.922          0.  0.0       3681. -51.711          0.  0.0          0.  0.0 
2778. Akash Wagh                         -9.923       1019. 31.5          0.  0.0          0.  0.0          0.  0.0 
2779. Wayne Bryan                         -9.925          0.  0.0          0.  0.0          0.  0.0        213. 73.858 
2780. Stephane Grenier                         -9.928          0.  0.0       2227. -4.063        204. 63.451          0.  0.0 
2781. Jason Netter                         -9.941       1570. 15.244          0.  0.0          0.  0.0          0.  0.0 
2782. Mark Lyndon                         -9.942          0.  0.0          0.  0.0          0.  0.0       1221. -0.25 
2783. Paul Wekesa                         -9.946       2527. -12.307       2556. -15.394       1920. -76.998        174. 79.921 
2784. Denys Maasdorp                         -9.968         47. 144.219       2239. -4.354          0.  0.0          0.  0.0 
2785. Mykyta Mashtakov                         -9.974          0.  0.0        335. 76.598          0.  0.0          0.  0.0 
2786. W Thom                         -9.977          0.  0.0          0.  0.0          0.  0.0          0.  0.0 
2787. Brandon Coupe                         -9.985       3431. -36.615          0.  0.0          0.  0.0          0.  0.0 
2788. Javier Contreras                         -9.988          0.  0.0        979. 34.066          0.  0.0          0.  0.0 
2789. Chuck De Voe                         -9.992          0.  0.0       3792. -59.323          0.  0.0          0.  0.0 
2790. Rodrigo Senattore                        -10.054       1758. 7.302          0.  0.0          0.  0.0          0.  0.0 
2791. Adam Neff                        -10.058       1657. 11.528          0.  0.0          0.  0.0          0.  0.0 
2792. David Parker                        -10.062       4180. -80.854          0.  0.0          0.  0.0          0.  0.0 
2793. Ilya Belyaev                        -10.068        556. 58.238          0.  0.0          0.  0.0          0.  0.0 
2794. Kelvin Ng                        -10.071       2406. -7.823       2925. -25.0          0.  0.0        399. 50.0 
2795. Alex Rybakov                        -10.071       3677. -48.067          0.  0.0          0.  0.0          0.  0.0 
2796. Peter Tramacchi                         -10.09       2638. -16.525       3515. -44.865          0.  0.0       1048. 5.676 
2797. Bob Bushman Jr                        -10.103          0.  0.0       2267. -4.877          0.  0.0          0.  0.0 
2798. Hernando Salas                        -10.104          0.  0.0       2529. -14.449          0.  0.0          0.  0.0 
2799. Ashkan Shokoofi                        -10.104       1402. 21.554       3705. -53.252        621. 23.204          0.  0.0 
2800. Sever Muresan                        -10.107          0.  0.0       3887. -66.43          0.  0.0        291. 61.738 
2801. Srdan Muskatirovic                        -10.114          0.  0.0         44. 139.2        594. 24.315          0.  0.0 
2802. Jorge Gonzalez                        -10.144       2506. -11.688       1949. 1.489          0.  0.0          0.  0.0 
2803. Tim Trigueiro                        -10.166          0.  0.0          0.  0.0          0.  0.0       1497. -10.728 
2804. Alvaro Espinoza                        -10.169          0.  0.0       1414. 19.657          0.  0.0          0.  0.0 
2805. Stephen Meyers                        -10.171          0.  0.0          0.  0.0          0.  0.0       1531. -12.582 
2806. Rui Machado                        -10.172       3692. -48.34       3436. -41.062       1348. -23.791        596. 30.626 
2807. Patrick Osnua                          -10.2        851. 40.938          0.  0.0          0.  0.0          0.  0.0 
2808. Filip Veger                        -10.205       2291. -4.332          0.  0.0          0.  0.0          0.  0.0 
2809. Frank Briscoe                        -10.215       2824. -22.991          0.  0.0          0.  0.0       2385. -63.669 
2810. Luis Lopez                        -10.235          0.  0.0       3735. -54.958          0.  0.0          0.  0.0 
2811. Aziz Ouakaa                        -10.246       4146. -77.279       1238. 25.0          0.  0.0          0.  0.0 
2812. Craig Boynton                        -10.251          0.  0.0        587. 54.946          0.  0.0          0.  0.0 
2813. Adrian Bohane                        -10.267       1088. 29.305          0.  0.0          0.  0.0          0.  0.0 
2814. Milan Tajenar                         -10.27          0.  0.0       1110. 28.172          0.  0.0          0.  0.0 
2815. Thierry Grin                         -10.29          0.  0.0       4034. -78.0          0.  0.0          0.  0.0 
2816. Massimo Grassotti                        -10.291          0.  0.0        541. 57.825          0.  0.0          0.  0.0 
2817. Thomas Andersen                        -10.304          0.  0.0          0.  0.0        255. 53.995          0.  0.0 
2818. Jean Marc Piacentile                        -10.338       3185. -27.59       4003. -75.157        993. -2.051          0.  0.0 
2819. Richard Matuszewski                        -10.363       4307. -103.062       4227. -117.802       1121. -7.377       1248. -0.933 
2820. Yoshito Nakamura                         -10.37          0.  0.0        425. 68.81          0.  0.0          0.  0.0 
2821. Chris Kennedy                        -10.382       2799. -22.453          0.  0.0          0.  0.0          0.  0.0 
2822. Keith Gilbert                        -10.383       2436. -8.941          0.  0.0          0.  0.0          0.  0.0 
2823. Francesco Maestrelli                        -10.389        528. 60.294          0.  0.0          0.  0.0          0.  0.0 
2824. Mikal Oliver Statham                        -10.418       1719. 8.704       3625. -48.83          0.  0.0          0.  0.0 
2825. Luca Gasparini                        -10.419          0.  0.0         14. 159.938          0.  0.0          0.  0.0 
2826. Andre Ghem                        -10.427          0.  0.0       1121. 27.611          0.  0.0          0.  0.0 
2827. Alexander Blom                        -10.444       3373. -34.076        312. 79.1          0.  0.0          0.  0.0 
2828. A Rodney Mandelstam                        -10.447          0.  0.0       3791. -59.295          0.  0.0          0.  0.0 
2829. Radovan Chrz                        -10.457          0.  0.0          0.  0.0        541. 25.407          0.  0.0 
2830. Finn Reynolds                        -10.457          0.  0.0          0.  0.0          0.  0.0       2468. -75.701 
2831. Dusan Lojda                        -10.472       3962. -62.647          0.  0.0          0.  0.0          0.  0.0 
2832. Junzo Kawamori                         -10.49       2525. -12.284          0.  0.0          0.  0.0          0.  0.0 
2833. Paul Smith                        -10.496          0.  0.0          0.  0.0          0.  0.0       2126. -39.001 
2834. Darwin Blanch                        -10.504       1696. 9.47          4. 203.631          0.  0.0          0.  0.0 
2835. Oliver Freelove                        -10.513       3534. -42.273          0.  0.0          0.  0.0          0.  0.0 
2836. Oscar Blacutt                        -10.517          0.  0.0       2084. -1.296          0.  0.0          0.  0.0 
2837. Alvaro Fillol                        -10.533       1499. 17.879        758. 45.73       1084. -5.584       1090. 3.563 
2838. Marcello Craca                        -10.535       4365. -124.076        161. 100.327          0.  0.0         94. 104.144 
2839. Chuck Willenborg                        -10.536        825. 42.085          0.  0.0          0.  0.0          0.  0.0 
2840. Bert Leach                        -10.565          0.  0.0          0.  0.0          0.  0.0        958. 10.993 
2841. Ashley Cooper                         -10.59       3071. -25.41          0.  0.0          0.  0.0          0.  0.0 
2842. Ulf Pettersson                          -10.6       2671. -17.872          0.  0.0          0.  0.0          0.  0.0 
2843. Frank Condor                        -10.614          0.  0.0       3898. -67.243          0.  0.0          0.  0.0 
2844. Larry Miller                        -10.615          0.  0.0          0.  0.0       1082. -5.485          0.  0.0 
2845. Stephane Matheu                        -10.635          0.  0.0        551. 57.174          0.  0.0          0.  0.0 
2846. Otto Oberparleiter                        -10.663          0.  0.0        633. 51.922          0.  0.0          0.  0.0 
2847. Unknown Seymour                        -10.667       2104. -0.625          0.  0.0          0.  0.0          0.  0.0 
2848. Mauricio Echazu                        -10.672       3015. -25.0       3026. -25.565          0.  0.0          0.  0.0 
2849. Shelby Cannon                        -10.673         41. 149.045          0.  0.0          0.  0.0          0.  0.0 
2850. Curt Stalder                        -10.692       4122. -75.441          0.  0.0         35. 125.651          0.  0.0 
2851. Richard Vogel                        -10.698          0.  0.0       1756. 6.317          0.  0.0       2547. -91.782 
2852. Kenneth Andersson                        -10.703       3914. -59.821         22. 153.041          0.  0.0          0.  0.0 
2853. Brandon Walsh                        -10.711        596. 55.455          0.  0.0          0.  0.0          0.  0.0 
2854. Dick Metz                        -10.721       4141. -77.03          0.  0.0          0.  0.0          0.  0.0 
2855. Gabriel Pitta                        -10.722          0.  0.0        931. 36.333          0.  0.0          0.  0.0 
2856. Mark Hilton                         -10.73          0.  0.0          0.  0.0          0.  0.0        240. 70.314 
2857. Mike Baroch                        -10.731          0.  0.0          0.  0.0          0.  0.0       2062. -34.212 
2858. Jacques Bonnemaison                        -10.751          0.  0.0          0.  0.0        505. 27.411          0.  0.0 
2859. Federico Mordegan                        -10.764          0.  0.0       1430. 19.021          0.  0.0          0.  0.0 
2860. Ye Cong Mo                        -10.771        322. 78.671          0.  0.0          0.  0.0          0.  0.0 
2861. Akifumi Machidori                        -10.779          0.  0.0       2912. -25.0          0.  0.0          0.  0.0 
2862. Dejan Petrovic                        -10.784        228. 91.883          0.  0.0          0.  0.0        633. 28.089 
2863. Bruno Agostinelli                        -10.797       3973. -63.396       1194. 25.37          0.  0.0          0.  0.0 
2864. Peter Ballauff                          -10.8       2641. -16.608       3923. -68.731       1861. -65.821          0.  0.0 
2865. Fritz Kolbinger                        -10.808          0.  0.0       4123. -89.158          0.  0.0          0.  0.0 
2866. S Menzies                        -10.837          0.  0.0          0.  0.0          0.  0.0          0.  0.0 
2867. Zach Dailey                        -10.851       1209. 25.76          0.  0.0          0.  0.0          0.  0.0 
2868. Fred Kangwa                        -10.871       2085. -0.326       1923. 2.088          0.  0.0          0.  0.0 
2869. Kristijan Mesaros                        -10.876       2207. -2.474          0.  0.0          0.  0.0          0.  0.0 
2870. Ya Nan Ma                        -10.876          0.  0.0          0.  0.0          0.  0.0       1165. 1.06 
2871. Kurt Wodak                        -10.878          0.  0.0         43. 139.811          0.  0.0          0.  0.0 
2872. Ron Goldman                        -10.883        216. 93.585       3352. -36.736          0.  0.0          0.  0.0 
2873. John Roddick                        -10.912       2599. -15.162          0.  0.0          0.  0.0          0.  0.0 
2874. Roman Andres Burruchaga                        -10.914          0.  0.0        452. 65.742          0.  0.0          0.  0.0 
2875. Ofer Sela                        -10.955       1432. 20.401          0.  0.0          0.  0.0          0.  0.0 
2876. Keishiro Yanagi                        -10.962       1481. 18.731       1736. 6.885          0.  0.0       1905. -25.609 
2877. B Hochstadter                        -10.966       3934. -61.095          0.  0.0          0.  0.0          0.  0.0 
2878. Vojtech Flegl                        -10.972          0.  0.0       3492. -43.912          0.  0.0          0.  0.0 
2879. Gonzalo Villanueva                        -10.975       3646. -46.881          0.  0.0          0.  0.0          0.  0.0 
2880. John Williams                        -10.977          0.  0.0       3243. -32.711          0.  0.0       1727. -23.204 
2881. Nick Hardt                        -10.979       1426. 20.712        590. 54.809          0.  0.0          0.  0.0 
2882. A Marquez                        -11.011          0.  0.0       2157. -2.416          0.  0.0          0.  0.0 
2883. Roger Mckee                        -11.046       1355. 22.937       3758. -57.325       1682. -43.609          0.  0.0 
2884. Marco Alciati                        -11.072       2949. -25.0       2230. -4.254       1828. -59.703          0.  0.0 
2885. David Szintai                        -11.073       1514. 17.352          0.  0.0          0.  0.0          0.  0.0 
2886. Johnny Arcilla                        -11.081       2657. -17.296       3063. -26.466       1571. -32.306          0.  0.0 
2887. Johan De Preter                        -11.107          0.  0.0        941. 35.545          0.  0.0          0.  0.0 
2888. Diego Lozano                        -11.112          0.  0.0       2676. -19.59          0.  0.0          0.  0.0 
2889. Milan Trneny                        -11.133          0.  0.0       3413. -39.705          0.  0.0          0.  0.0 
2890. C Lane                        -11.152          0.  0.0          0.  0.0          0.  0.0       1079. 4.11 
2891. Helder Lopes                        -11.155       2697. -18.628       2485. -12.227        658. 20.675          0.  0.0 
2892. A Luttrell                        -11.203          0.  0.0          0.  0.0          0.  0.0       2588. -105.125 
2893. Marcos Ondruska                        -11.217        770. 45.245        892. 38.789        836. 5.579       1492. -10.339 
2894. Dick Horowitz                        -11.262          0.  0.0          0.  0.0        703. 16.613          0.  0.0 
2895. Ricardo Schlachter                        -11.265          0.  0.0       3406. -39.228          0.  0.0          0.  0.0 
2896. Guillermo Alcaide                        -11.266          0.  0.0          0.  0.0          0.  0.0       1063. 4.949 
2897. Joao Lagos                        -11.271          0.  0.0        742. 46.612          0.  0.0          0.  0.0 
2898. Gabriel Montilla                        -11.284       3170. -27.236          0.  0.0          0.  0.0          0.  0.0 
2899. Toshisuke Sakai                        -11.285          0.  0.0          0.  0.0          0.  0.0       2044. -32.75 
2900. Jorge Todero                        -11.298       1005. 32.269          0.  0.0          0.  0.0          0.  0.0 
2901. Yusuke Takahashi                        -11.302       3867. -56.718          0.  0.0          0.  0.0          0.  0.0 
2902. Gleb Sakharov                        -11.303       3537. -42.381       2400. -8.584          0.  0.0          0.  0.0 
2903. Matthew Behrmann                        -11.328       4063. -69.068          0.  0.0          0.  0.0          0.  0.0 
2904. Brett Greenwood                        -11.329          0.  0.0          0.  0.0       1609. -37.094          0.  0.0 
2905. Mikael Stig                        -11.347       2682. -18.312          0.  0.0          0.  0.0          0.  0.0 
2906. K Shimamura                        -11.352          0.  0.0       1647. 9.669          0.  0.0          0.  0.0 
2907. Greg Parker                        -11.366          0.  0.0          0.  0.0          0.  0.0       1199. 0.039 
2908. John Wright                         -11.37          0.  0.0          0.  0.0        590. 24.663          0.  0.0 
2909. Robin Drysdale                        -11.381       3870. -57.045       3546. -46.268        105. 90.052        997. 8.76 
2910. Nick Van Der Meer                        -11.393          0.  0.0       1682. 8.755          0.  0.0          0.  0.0 
2911. D Neilson                        -11.438          0.  0.0          0.  0.0          0.  0.0          0.  0.0 
2912. Federico Sansonetti                        -11.457       2994. -25.0        139. 105.978          0.  0.0          0.  0.0 
2913. Vladimir Ivanov                         -11.46       2795. -22.222       1180. 25.798        330. 45.411          0.  0.0 
2914. Patrick Chucri                        -11.479       3280. -30.527       3450. -41.449        571. 25.0          0.  0.0 
2915. Carlos Berlocq                        -11.492        503. 62.889        390. 71.509          0.  0.0        813. 20.41 
2916. Peter Flintsoe                        -11.495          0.  0.0          0.  0.0        790. 9.171          0.  0.0 
2917. Steve Herdoiza                        -11.503       1547. 15.825          0.  0.0          0.  0.0          0.  0.0 
2918. Jean Christophe Faurel                         -11.51        604. 54.578       3665. -50.951          0.  0.0       2479. -78.318 
2919. Kiyoshi Miyanami                        -11.534          0.  0.0       3889. -66.524          0.  0.0          0.  0.0 
2920. Peter Doerner                        -11.537       3858. -56.098       3097. -27.15          0.  0.0        259. 65.964 
2921. Olle Palmer                        -11.586       1989. 1.308       2684. -19.946       1885. -69.64          0.  0.0 
2922. Lionel Barthez                        -11.633       2122. -1.022       1066. 29.915         42. 119.82        452. 44.598 
2923. A Davis                        -11.642          0.  0.0          0.  0.0          0.  0.0       1763. -24.478 
2924. Karam Hatamleh                        -11.706          0.  0.0          0.  0.0          0.  0.0          0.  0.0 
2925. Roy Pigeon                        -11.718          0.  0.0          0.  0.0          0.  0.0       1191. 0.148 
2926. Marko Tepavac                        -11.725       2718. -19.688          0.  0.0          0.  0.0          0.  0.0 
2927. Stefan Eriksson                        -11.744       2145. -1.526        286. 82.074        826. 6.028        738. 23.896 
2928. Viktor Durasovic                        -11.753        290. 82.291       2162. -2.59          0.  0.0          0.  0.0 
2929. Sung Bae Kim                        -11.771          0.  0.0       1985. 0.519          0.  0.0          0.  0.0 
2930. Colin Ebelthite                        -11.784        349. 76.009          0.  0.0          0.  0.0          0.  0.0 
2931. R Elangovan                        -11.799          0.  0.0        741. 46.672          0.  0.0          0.  0.0 
2932. William Blumberg                        -11.803          0.  0.0          0.  0.0          0.  0.0        961. 10.927 
2933. Oliver Anderson                        -11.804       4191. -82.008          0.  0.0          0.  0.0          0.  0.0 
2934. Martin Barba                        -11.807       3205. -28.125       2228. -4.076          0.  0.0          0.  0.0 
2935. Alan Fox                        -11.817       4059. -68.745          0.  0.0          0.  0.0       1194. 0.116 
2936. Rafael Ruiz                        -11.824          0.  0.0         50. 135.128        950. -0.159          0.  0.0 
2937. Kishiya Matsumoto                        -11.837          0.  0.0          0.  0.0          0.  0.0          3. 194.604 
2938. Rodolfo Rake                         -11.84       2134. -1.343          0.  0.0          0.  0.0          0.  0.0 
2939. Rick Leach                        -11.845       4277. -95.193       1563. 13.158        108. 89.957       1757. -24.052 
2940. Philip Henning                         -11.86       1838. 4.788       2195. -3.447          0.  0.0          0.  0.0 
2941. Peter Wright                        -11.882       3629. -46.497       1721. 7.316       1056. -4.119        756. 23.204 
2942. Andreas Fasching                        -11.912          0.  0.0         72. 123.262          0.  0.0          0.  0.0 
2943. Jack Gorsuch                        -11.929        389. 73.06       1041. 30.901          0.  0.0       1320. -2.525 
2944. Juan Pablo Etchecoin                        -11.932          0.  0.0        884. 39.164          0.  0.0          0.  0.0 
2945. Ziya Isikustun                        -11.936          0.  0.0          0.  0.0          0.  0.0          0.  0.0 
2946. Javier Barranco Cosano                        -11.962          0.  0.0         91. 117.761          0.  0.0          0.  0.0 
2947. Thierry Tulasne                        -11.967       4267. -93.852       3340. -36.089        609. 23.68       1226. -0.332 
2948. Heve Kelley                        -11.967        767. 45.551          0.  0.0          0.  0.0          0.  0.0 
2949. Taso Vasiliadis                        -11.976       1380. 22.151       2948. -25.0       1427. -25.0          0.  0.0 
2950. Brendan Evans                        -11.978        871. 39.808          0.  0.0          0.  0.0        437. 45.843 
2951. Pat Serret                        -12.015       2002. 0.972          0.  0.0          0.  0.0       1404. -5.74 
2952. D Beasant                        -12.025          0.  0.0          0.  0.0          0.  0.0       1319. -2.524 
2953. Eddie Smatt                        -12.035       2464. -9.925          0.  0.0          0.  0.0          0.  0.0 
2954. Marc Abdulnour                        -12.038       3341. -32.614        727. 47.172          0.  0.0          0.  0.0 
2955. Neil Broad                        -12.045        997. 32.388       2492. -12.312          0.  0.0       1562. -14.439 
2956. Shyam Minotra                        -12.096          0.  0.0          0.  0.0          0.  0.0          0.  0.0 
2957. Javier Garcia Sintes                        -12.097          0.  0.0        591. 54.752          0.  0.0          0.  0.0 
2958. Doug King                          -12.1          0.  0.0          0.  0.0       1730. -47.982          0.  0.0 
2959. Francois Servelle                        -12.162          0.  0.0          0.  0.0        121. 81.919          0.  0.0 
2960. Leighton Alfred                        -12.168          0.  0.0          0.  0.0          0.  0.0       1940. -26.874 
2961. Micky Dominguez                        -12.198        935. 35.655       1936. 1.796          0.  0.0          0.  0.0 
2962. Allan Burns                        -12.262       4195. -82.242          0.  0.0          0.  0.0          0.  0.0 
2963. David Brandt                        -12.307       1473. 19.011          0.  0.0          0.  0.0          0.  0.0 
2964. Helmut Beermann                        -12.308          0.  0.0       3984. -74.008          0.  0.0          0.  0.0 
2965. Grant Saacks                        -12.328       1034. 30.913          0.  0.0          0.  0.0          0.  0.0 
2966. Arthur De Greef                        -12.349        355. 75.859       1307. 23.32          0.  0.0          0.  0.0 
2967. Robert Machan                        -12.353       2540. -12.844       1522. 15.546       1318. -22.55       2155. -41.704 
2968. A Trenkle                        -12.364          0.  0.0       3866. -64.605          0.  0.0          0.  0.0 
2969. Fadel Berthe                        -12.371       1523. 16.791        688. 49.071          0.  0.0          0.  0.0 
2970. Drew Meyers                        -12.372          0.  0.0          0.  0.0        442. 31.494          0.  0.0 
2971. Isaac Donkor                        -12.377        315. 79.725       2804. -23.333          0.  0.0          0.  0.0 
2972. Brian Benson                        -12.392          0.  0.0          0.  0.0          0.  0.0       1764. -24.492 
2973. Abdullah Maqdas                        -12.396       3421. -36.175        684. 49.204          0.  0.0          0.  0.0 
2974. Steve Stefanki                        -12.401          0.  0.0          0.  0.0          0.  0.0        521. 37.385 
2975. Artem Dubrivnyy                        -12.414       3488. -40.134          0.  0.0          0.  0.0          0.  0.0 
2976. Takeshi Omono                        -12.437       3067. -25.364          0.  0.0          0.  0.0          0.  0.0 
2977. Kyoichi Sakamoto                        -12.454          0.  0.0          0.  0.0          0.  0.0          0.  0.0 
2978. Mario Radic                        -12.456          0.  0.0        806. 43.824          0.  0.0          0.  0.0 
2979. Doug Ditmer                        -12.464       3287. -30.699          0.  0.0          0.  0.0          0.  0.0 
2980. U Naharaj                        -12.482       3733. -49.774          0.  0.0          0.  0.0          0.  0.0 
2981. Steve Faulk                        -12.504       4263. -93.328         99. 115.825       1481. -26.343        720. 24.761 
2982. Donni Leaycraft                        -12.548        326. 78.159          0.  0.0          0.  0.0          0.  0.0 
2983. Paul Novoa                        -12.555          0.  0.0       4067. -82.105          0.  0.0          0.  0.0 
2984. Miguel Pastura                        -12.556          0.  0.0       2721. -20.977          0.  0.0          0.  0.0 
2985. Pedro Barrios                        -12.588          0.  0.0       2175. -3.041          0.  0.0          0.  0.0 
2986. Andrew Park                        -12.599       1424. 20.732          0.  0.0          0.  0.0          0.  0.0 
2987. Quoc Tuan Dinh                        -12.607          0.  0.0          0.  0.0          0.  0.0          0.  0.0 
2988. Michael Nanton                        -12.615        527. 60.518          0.  0.0          0.  0.0          0.  0.0 
2989. Peter Lamb                        -12.632       1739. 8.002          0.  0.0          0.  0.0          0.  0.0 
2990. Ivo Heuberger                        -12.677        597. 55.391        389. 71.762       1584. -34.27       1261. -1.163 
2991. Gianluigi Quinzi                          -12.7       2449. -9.396        326. 77.443          0.  0.0          0.  0.0 
2992. Jin Yen Chiang                        -12.707          0.  0.0       1266. 24.729          0.  0.0          0.  0.0 
2993. Rudy Hernando                        -12.741          0.  0.0        716. 47.92          0.  0.0          0.  0.0 
2994. Keith Evans                        -12.746       2570. -14.188          0.  0.0          0.  0.0       2101. -37.564 
2995. Mathias Bourgue                        -12.764       1994. 1.24       2429. -9.703          0.  0.0          0.  0.0 
2996. F Briscoe                        -12.767       3350. -33.007          0.  0.0          0.  0.0          0.  0.0 
2997. Nikoloz Basilashvili                        -12.775       3953. -62.194       3701. -53.029        520. 26.667        838. 19.442 
2998. John Brown                        -12.788       3575. -44.763          0.  0.0          0.  0.0        371. 52.006 
2999. Per Hjertquist                        -12.806       1394. 21.761       3804. -59.894        460. 29.776        952. 11.304 
3000. Harold Phillips                        -12.812       4237. -89.039          0.  0.0          0.  0.0          0.  0.0 
3001. Ahmed Hassan                         -12.84          0.  0.0       2317. -6.325          0.  0.0          0.  0.0 
3002. Ivan Dupasquier                        -12.844       3309. -31.49       1831. 4.069       1761. -49.933          0.  0.0 
3003. N Sriram Balaji                         -12.85       1966. 1.661        518. 59.582          0.  0.0        422. 46.979 
3004. Hisham Nasser                        -12.882       2228. -3.002       2833. -24.149          0.  0.0          0.  0.0 
3005. Erik Vant Hof                        -12.892       4057. -68.571          0.  0.0          0.  0.0          0.  0.0 
3006. Tim Cooper                        -12.912          0.  0.0          0.  0.0        756. 11.111          0.  0.0 
3007. Tim Anderson                        -12.923          0.  0.0          0.  0.0        231. 58.982          0.  0.0 
3008. Nomi Qamar                        -12.948       2728. -20.014          0.  0.0          0.  0.0          0.  0.0 
3009. Colin Beecher                         -12.99          0.  0.0       1454. 18.229          0.  0.0       1502. -11.144 
3010. Denis Naegelen                        -12.993       3179. -27.433       3815. -60.594       1526. -28.41       1103. 3.14 
3011. Paul Chaput                        -13.003          0.  0.0       3473. -42.771          0.  0.0          0.  0.0 
3012. Emilio Sanchez                        -13.006       2874. -23.979       2590. -16.561        831. 5.73       1673. -20.701 
3013. Ricardo Rivera                        -13.025          0.  0.0       2483. -12.014          0.  0.0          0.  0.0 
3014. Andrei Dirzu                        -13.046       3622. -46.22        361. 73.94        534. 25.761       2353. -59.086 
3015. Jerry Van Linge                        -13.058          0.  0.0          0.  0.0        729. 14.291          0.  0.0 
3016. Andrei Daescu                        -13.071       3913. -59.769          0.  0.0          0.  0.0          0.  0.0 
3017. X Menn                        -13.092          0.  0.0          0.  0.0        287. 50.073          0.  0.0 
3018. Tomasz Lichon                        -13.095       2693. -18.51       3849. -63.161       1527. -28.499          0.  0.0 
3019. Kimmo Alkio                        -13.104       1233. 25.0       1420. 19.369          0.  0.0          0.  0.0 
3020. Pavel Sevcik                        -13.107          0.  0.0        679. 49.466          0.  0.0          0.  0.0 
3021. Giuseppe Belli                        -13.122          0.  0.0       1357. 21.588          0.  0.0          0.  0.0 
3022. Laird Dunlop                        -13.132        909. 37.507          0.  0.0          0.  0.0          0.  0.0 
3023. Julian Lenz                        -13.188        189. 99.052       3020. -25.432          0.  0.0          0.  0.0 
3024. Thorvald Moe                        -13.196       2143. -1.473       3106. -27.322          0.  0.0          0.  0.0 
3025. Dusan Prchlik                        -13.216          0.  0.0       1904. 2.379          0.  0.0          0.  0.0 
3026. Francois Errard                         -13.22          0.  0.0       1972. 0.892          0.  0.0          0.  0.0 
3027. Roman Valent                        -13.251       1398. 21.643          0.  0.0          0.  0.0          0.  0.0 
3028. Cahit Atas                        -13.264       1535. 16.497          0.  0.0          0.  0.0          0.  0.0 
3029. Boris Bachert                        -13.266          0.  0.0        327. 77.42          0.  0.0          0.  0.0 
3030. Valentin Vacherot                        -13.281       1574. 15.081        689. 48.951          0.  0.0          0.  0.0 
3031. Howard Broun                        -13.288          0.  0.0          0.  0.0          0.  0.0       1096. 3.345 
3032. Nicola Bruno                        -13.296       1754. 7.576       2176. -3.143       1629. -38.493          0.  0.0 
3033. Ali Madani                        -13.311          0.  0.0       4068. -82.502       1117. -7.284          0.  0.0 
3034. Trevor Kronemann                        -13.316          0.  0.0          0.  0.0          0.  0.0       1626. -18.388 
3035. Ciprian Petre Porumb                        -13.322          0.  0.0        844. 41.525          0.  0.0          0.  0.0 
3036. Bill Light                        -13.333          0.  0.0        463. 64.276          0.  0.0          0.  0.0 
3037. John Stimpson                         -13.34        783. 44.629          0.  0.0         80. 100.968          0.  0.0 
3038. Marcello Bassanelli                        -13.352          0.  0.0       2252. -4.608          0.  0.0          0.  0.0 
3039. William Brown                        -13.355       3449. -38.13       4167. -97.854       1998. -108.595        611. 29.567 
3040. Simon Aspelin                        -13.357       2849. -23.474          0.  0.0        613. 23.416          0.  0.0 
3041. Steven Korteling                        -13.387          0.  0.0       3838. -62.11          0.  0.0          0.  0.0 
3042. Matthew Forbes                          -13.4       2421. -8.417          0.  0.0          0.  0.0          0.  0.0 
3043. Roland Burtscher                        -13.424       2076. -0.207        235. 90.361         71. 103.498          0.  0.0 
3044. Andreja Petrovic                         -13.44       1014. 31.676          0.  0.0          0.  0.0          0.  0.0 
3045. Nerman Fatic                        -13.452        548. 58.859       3573. -47.371          0.  0.0          0.  0.0 
3046. Lars Olander                        -13.466        989. 32.696       3420. -39.909          0.  0.0          0.  0.0 
3047. Craig A Miller                        -13.466       1020. 31.491       1529. 15.253        809. 7.059       2113. -38.331 
3048. Gary Hale                        -13.467          0.  0.0          0.  0.0          0.  0.0       2269. -50.401 
3049. Ryan Wolters                        -13.475       1567. 15.338          0.  0.0          0.  0.0          0.  0.0 
3050. Eduardo Medica                        -13.483          0.  0.0        768. 45.165          0.  0.0          0.  0.0 
3051. Gary Kesl                        -13.487          0.  0.0       1091. 28.909          0.  0.0          0.  0.0 
3052. Xiao Cheng Liu                         -13.49       1768. 6.822          0.  0.0          0.  0.0          0.  0.0 
3053. Christian Feenstra                        -13.492          0.  0.0       1758. 6.215          0.  0.0          0.  0.0 
3054. Peter Mors                        -13.496       2758. -21.081          0.  0.0          0.  0.0          0.  0.0 
3055. Bruno Dadillon                        -13.505       2755. -20.933       3820. -60.847          0.  0.0          0.  0.0 
3056. Alexander Peya                        -13.505        363. 75.417       1254. 24.917        282. 50.302       2364. -60.797 
3057. Nandan Bal                        -13.521          0.  0.0       4033. -77.781          0.  0.0       1264. -1.208 
3058. Manuel Diaz                        -13.548       3428. -36.502          0.  0.0       1253. -19.158          0.  0.0 
3059. Peter Nyborg                        -13.564       2400. -7.683        279. 83.22       1702. -46.085        873. 16.761 
3060. David Collins                        -13.579       2133. -1.342          0.  0.0          0.  0.0          0.  0.0 
3061. Eric Carlier                        -13.594       1235. 25.0       3138. -28.282          0.  0.0          0.  0.0 
3062. Mazizat Sofyan                        -13.614       2333. -5.519          0.  0.0          0.  0.0          0.  0.0 
3063. Ronald Mckenzie                        -13.631          0.  0.0          0.  0.0          0.  0.0       1729. -23.25 
3064. Roberto Carruthers                        -13.643          0.  0.0       3399. -38.958          0.  0.0          0.  0.0 
3065. Rick Jordan                        -13.657          0.  0.0          0.  0.0          0.  0.0        643. 27.484 
3066. Yaman Esin                         -13.67          0.  0.0       1928. 1.913          0.  0.0          0.  0.0 
3067. Martin Lorenzoni                        -13.688          0.  0.0        962. 34.805          0.  0.0          0.  0.0 
3068. Robert Clarke                        -13.699          0.  0.0          0.  0.0          0.  0.0       2051. -33.741 
3069. Pedro Sakamoto                        -13.706          0.  0.0       3403. -39.093          0.  0.0          0.  0.0 
3070. Blake Mott                        -13.727       4207. -84.322          0.  0.0          0.  0.0          0.  0.0 
3071. Geoffery Newton                        -13.739       1889. 3.599          0.  0.0          0.  0.0       1826. -25.0 
3072. Manuel Pabon                        -13.744          0.  0.0       1567. 12.951          0.  0.0          0.  0.0 
3073. Jorge Bardou                         -13.77       4368. -125.612       3126. -27.887          0.  0.0          0.  0.0 
3074. Enrico Cocchi                        -13.783          0.  0.0       2422. -9.444          0.  0.0          0.  0.0 
3075. C Floe                        -13.801          0.  0.0       3310. -35.12          0.  0.0          0.  0.0 
3076. Peter Thrupp                        -13.809          0.  0.0          0.  0.0          0.  0.0       1443. -7.641 
3077. Hugo Grenier                        -13.812        926. 36.245       1150. 26.614          0.  0.0        860. 17.422 
3078. Jesus Bandres                        -13.849       2474. -10.58          0.  0.0          0.  0.0          0.  0.0 
3079. Alex Diaz                        -13.859       1206. 25.926          0.  0.0          0.  0.0          0.  0.0 
3080. Steve Bryan                        -13.884       1053. 30.366        671. 49.843        459. 29.899       1628. -18.461 
3081. Philip Davydenko                        -13.888        550. 58.675          0.  0.0          0.  0.0          0.  0.0 
3082. David Dowlen                        -13.893         73. 131.713        890. 38.842        437. 32.183        890. 15.835 
3083. Amr Elsayed Abdou Ahmed Mohamed                        -13.901       4214. -84.798        888. 39.097          0.  0.0          0.  0.0 
3084. Guillaume Marx                        -13.903          0.  0.0       1432. 18.94          0.  0.0          0.  0.0 
3085. Tegar Abdi Satrio Wibowo                        -13.907       2096. -0.547          0.  0.0          0.  0.0          0.  0.0 
3086. Don Ernst                        -13.923          0.  0.0          0.  0.0          0.  0.0       1316. -2.433 
3087. Alexandr Zotov                        -13.956       1604. 14.024          0.  0.0          0.  0.0          0.  0.0 
3088. Tadeu Luiz                        -13.963       4384. -136.442          0.  0.0          0.  0.0          0.  0.0 
3089. Johan Hede                        -13.985       4284. -96.882          0.  0.0          0.  0.0          0.  0.0 
3090. Timo Fleischfresser                        -14.004          0.  0.0       3905. -67.879          0.  0.0          0.  0.0 
3091. Benjamin Hannestad                        -14.004       3164. -27.06          0.  0.0        584. 25.0          0.  0.0 
3092. Nick Boyne                        -14.046          0.  0.0          0.  0.0          0.  0.0       1726. -23.117 
3093. Arafat Chekrouni                        -14.064       1280. 24.886        130. 107.435          0.  0.0          0.  0.0 
3094. Mark Elliott                        -14.069          0.  0.0          0.  0.0          0.  0.0        736. 23.983 
3095. U Warfield                        -14.074          0.  0.0       2876. -25.0          0.  0.0          0.  0.0 
3096. E Chavez                        -14.075          0.  0.0       2421. -9.349          0.  0.0          0.  0.0 
3097. Rodolfo Varela                        -14.084          0.  0.0          0.  0.0       1003. -2.515          0.  0.0 
3098. Emin Agaev                        -14.092       3956. -62.4          0.  0.0          0.  0.0          0.  0.0 
3099. Dmitry Vlasov                        -14.093          0.  0.0       3232. -32.438          0.  0.0          0.  0.0 
3100. Pedro Gonzalez                        -14.116       1836. 4.84        185. 97.571          0.  0.0          0.  0.0 
3101. D Gueddes                        -14.121       3853. -55.732          0.  0.0          0.  0.0          0.  0.0 
3102. Cole Gromley                        -14.129       2493. -11.224          0.  0.0          0.  0.0          0.  0.0 
3103. Nicholas Sido                         -14.14          0.  0.0       4101. -86.33          0.  0.0          0.  0.0 
3104. Jim Gurfein                        -14.157       4257. -92.399        514. 59.697       2005. -112.591       2004. -29.724 
3105. J Kirs                        -14.177          0.  0.0       3337. -35.969          0.  0.0          0.  0.0 
3106. Kasparas Zemaitelis                        -14.194          0.  0.0       3568. -47.137          0.  0.0          0.  0.0 
3107. Emmanuel Marmillod                        -14.203          0.  0.0        477. 63.042          0.  0.0          0.  0.0 
3108. Ling Lu                         -14.21       2706. -19.163          0.  0.0          0.  0.0          0.  0.0 
3109. Marcelo Demoliner                        -14.242       1988. 1.31          0.  0.0          0.  0.0          0.  0.0 
3110. Iman Sutarli                        -14.256          0.  0.0          0.  0.0          0.  0.0          0.  0.0 
3111. Ante Pavic                        -14.275        607. 54.459          0.  0.0          0.  0.0       2130. -39.106 
3112. Adolf Musil                        -14.282          0.  0.0          0.  0.0        785. 9.558          0.  0.0 
3113. Jack Lowe                        -14.287          0.  0.0       1010. 32.464          0.  0.0          0.  0.0 
3114. Jorg Muller                         -14.29        560. 57.854          0.  0.0          0.  0.0          0.  0.0 
3115. Rainer Kuhlmey                        -14.298          0.  0.0       3910. -68.164          0.  0.0          0.  0.0 
3116. Patrick Tierro                        -14.308       2287. -4.268       2610. -17.401        578. 25.0          0.  0.0 
3117. Alain Bouteleux                        -14.339          0.  0.0        738. 46.719          0.  0.0          0.  0.0 
3118. Jerome Haehnel                        -14.349       1152. 27.358        192. 96.268        539. 25.435       2521. -85.776 
3119. Gian Marco Moroni                        -14.356        922. 36.628       3622. -48.757          0.  0.0          0.  0.0 
3120. Salahaddine Adbib                        -14.361       2350. -5.864          0.  0.0          0.  0.0          0.  0.0 
3121. Bruno Chimenti                        -14.369          0.  0.0        150. 103.054          0.  0.0          0.  0.0 
3122. Guillermo Stevens                        -14.375          0.  0.0       2586. -16.512          0.  0.0          0.  0.0 
3123. Attila Korpas                        -14.417         95. 121.292       1733. 6.995        135. 77.787          0.  0.0 
3124. Julien Mathieu                        -14.432          0.  0.0          0.  0.0        236. 58.036          0.  0.0 
3125. John Eagleton                        -14.441       3791. -52.62       1622. 10.713          0.  0.0          0.  0.0 
3126. Anibal Leal                        -14.446          0.  0.0       1727. 7.22          0.  0.0          0.  0.0 
3127. Alexander Sarkissian                        -14.453       2546. -13.163          0.  0.0          0.  0.0          0.  0.0 
3128. Boaz Merenstein                        -14.475       2578. -14.567          0.  0.0          0.  0.0          0.  0.0 
3129. Josef Solc                        -14.479       2141. -1.453          0.  0.0          0.  0.0          0.  0.0 
3130. Takayoshi Shibuya                        -14.518       3989. -64.272          0.  0.0          0.  0.0          0.  0.0 
3131. Alex Witt                        -14.522          0.  0.0          0.  0.0          0.  0.0        901. 14.918 
3132. Benjamin Janse Sims                        -14.555          0.  0.0          0.  0.0       1956. -89.124          0.  0.0 
3133. Camilo Ugo Carabelli                        -14.561       4343. -112.393       1164. 26.315          0.  0.0          0.  0.0 
3134. Roberto Ortega Olmedo                        -14.563          0.  0.0        159. 100.984          0.  0.0          0.  0.0 
3135. U Fischtel                        -14.567          0.  0.0       1663. 9.152          0.  0.0          0.  0.0 
3136. Mark Farren                        -14.573          0.  0.0          0.  0.0       1022. -3.226          0.  0.0 
3137. Wojciech Marek                        -14.574       4340. -111.59          0.  0.0          0.  0.0          0.  0.0 
3138. Catalin Gard                        -14.612          0.  0.0       2859. -24.778          0.  0.0          0.  0.0 
3139. Luis Riba                         -14.62          0.  0.0       2328. -6.587          0.  0.0          0.  0.0 
3140. Danylo Kalenichenko                        -14.627       1194. 26.381          0.  0.0          0.  0.0          0.  0.0 
3141. Robert Hubbard                        -14.639       4350. -114.97          0.  0.0        797. 8.452          0.  0.0 
3142. Evan King                        -14.649       1871. 3.955          0.  0.0          0.  0.0          0.  0.0 
3143. Chak Lam Coleman Wong                        -14.659       1437. 20.285          0.  0.0          0.  0.0          0.  0.0 
3144. Frank Salazar                         -14.68          0.  0.0       3270. -33.467          0.  0.0          0.  0.0 
3145. Luis Felipe Tavares                        -14.685       3955. -62.268       1803. 4.787        907. 1.769        669. 26.374 
3146. Kelvin Belcher                         -14.69       3762. -50.848          0.  0.0        510. 27.025        509. 38.561 
3147. Julian Stamatov                         -14.71       3707. -48.708       1064. 29.976       1048. -3.807          0.  0.0 
3148. Raymond Pascale                        -14.711          0.  0.0          0.  0.0       1857. -65.398        535. 36.169 
3149. Alois Beust                        -14.712          0.  0.0       3512. -44.788          0.  0.0          0.  0.0 
3150. Jim Boyce                        -14.737          0.  0.0       2782. -22.632        511. 27.012          0.  0.0 
3151. Sven Salumaa                         -14.74       1125. 28.153          0.  0.0       1789. -53.597          0.  0.0 
3152. E Vasquez                        -14.755       2946. -25.0          0.  0.0          0.  0.0          0.  0.0 
3153. Serge Soulie                        -14.775          0.  0.0          0.  0.0       1306. -21.787          0.  0.0 
3154. Nathan Anthony Barki                        -14.776       2395. -7.631          0.  0.0          0.  0.0          0.  0.0 
3155. Lester Cook                        -14.793        516. 61.752          0.  0.0          0.  0.0          0.  0.0 
3156. Duilio Beretta                        -14.802          0.  0.0       3229. -32.339          0.  0.0          0.  0.0 
3157. Fredrik Bergh                        -14.808       3511. -41.556          0.  0.0        732. 13.818          0.  0.0 
3158. Franz Stauder                        -14.839          0.  0.0          0.  0.0          0.  0.0       1504. -11.246 
3159. Manlio Bartoni                        -14.865          0.  0.0       3523. -45.115          0.  0.0          0.  0.0 
3160. Theo Papamalamis                        -14.874       3847. -55.241          0.  0.0          0.  0.0          0.  0.0 
3161. Fabio Silberberg                        -14.888       1511. 17.512          0.  0.0       1408. -25.0          0.  0.0 
3162. Timothy Phillips                          -14.9       4319. -104.097          0.  0.0          0.  0.0          0.  0.0 
3163. Jason Jung                        -14.932       2588. -14.808        940. 35.594          0.  0.0        671. 26.303 
3164. Taras Demyanekno                        -14.956       1902. 3.382          0.  0.0          0.  0.0          0.  0.0 
3165. Donald Lutz                        -14.962          0.  0.0          0.  0.0       1711. -46.537          0.  0.0 
3166. Eliot Spizzirri                        -14.984       1553. 15.702          0.  0.0          0.  0.0        184. 78.373 
3167. Maxim Shin                        -15.014       3510. -41.298          0.  0.0          0.  0.0          0.  0.0 
3168. Yaraslav Shyla                        -15.032        320. 79.059       3233. -32.441          0.  0.0          0.  0.0 
3169. Yannick Mertens                        -15.062       4220. -85.872          0.  0.0          0.  0.0          0.  0.0 
3170. Minoru Ueda                        -15.077       1555. 15.664          0.  0.0          0.  0.0          0.  0.0 
3171. Kris Goossens                        -15.092         69. 133.68       2315. -6.258       1192. -14.453       1715. -22.496 
3172. Tripp Phillips                        -15.097       4204. -83.854          0.  0.0          0.  0.0          0.  0.0 
3173. Tristan Schoolkate                        -15.098         72. 132.796          0.  0.0          0.  0.0       1155. 1.27 
3174. Tomislav Peric                        -15.111          0.  0.0       4277. -179.462          0.  0.0          0.  0.0 
3175. Remzi Aydin                        -15.114          0.  0.0        841. 41.601          0.  0.0          0.  0.0 
3176. Brett Custer                        -15.127       1869. 3.98       2927. -25.0          0.  0.0       1222. -0.251 
3177. Waldemar Timm                        -15.134          0.  0.0        700. 48.494          0.  0.0          0.  0.0 
3178. Andy Moffat                        -15.142          0.  0.0          0.  0.0          0.  0.0       1632. -18.758 
3179. Marius Barnard                        -15.168       2298. -4.503          0.  0.0          0.  0.0          0.  0.0 
3180. Patrik Wennberg                        -15.168          0.  0.0       1520. 15.616          0.  0.0          0.  0.0 
3181. Dusan Kulhaj                        -15.179          0.  0.0       3262. -33.224          0.  0.0          0.  0.0 
3182. Yousaf Khalil                        -15.181       2071. -0.105          0.  0.0          0.  0.0          0.  0.0 
3183. Roman Vogeli                        -15.186          0.  0.0        221. 91.862          0.  0.0          0.  0.0 
3184. Mustafa Gengsoy                        -15.193          0.  0.0          0.  0.0          0.  0.0          0.  0.0 
3185. Jin So Lee                        -15.197       3181. -27.474          0.  0.0          0.  0.0          0.  0.0 
3186. Udo Plamberger                        -15.204          0.  0.0          0.  0.0       1659. -41.522          0.  0.0 
3187. Niko Karagiannis                        -15.257       2271. -3.811          0.  0.0          0.  0.0          0.  0.0 
3188. Rohan De Silva                        -15.258       1694. 9.628       2866. -24.891          0.  0.0       1211.  0.0 
3189. Colin Dowdeswell                         -15.26       4052. -68.404       1636. 10.153       1597. -35.391       1031. 6.336 
3190. Johan De Beer                        -15.278       2456. -9.683          0.  0.0       1823. -59.298          0.  0.0 
3191. Luke Bourgeois                        -15.279       4105. -73.427          0.  0.0          0.  0.0          0.  0.0 
3192. Richard Whichello                        -15.295          0.  0.0       2377. -8.042          0.  0.0       2438. -70.067 
3193. Viorel Sotiriu                        -15.297          0.  0.0          0.  0.0          0.  0.0       1507. -11.304 
3194. Abdullah Al Mahmeed                        -15.334       1939. 2.355          0.  0.0          0.  0.0          0.  0.0 
3195. Boris Pashanski                        -15.374       1002. 32.309       4126. -89.302       1553. -30.524       1973. -28.559 
3196. Artem Derepasko                         -15.38          0.  0.0          0.  0.0       1289. -21.07        199. 75.148 
3197. Evgeny Karlovskiy                        -15.385       4198. -82.972          0.  0.0          0.  0.0          0.  0.0 
3198. Chris Ellis                        -15.392          0.  0.0        167. 99.578          0.  0.0          0.  0.0 
3199. Donny Susetyo                        -15.396       4302. -101.314          0.  0.0          0.  0.0          0.  0.0 
3200. Akira Kawaguchi                          -15.4          0.  0.0       3697. -52.629          0.  0.0          0.  0.0 
3201. Rod Flores                        -15.402       2308. -4.897          0.  0.0          0.  0.0          0.  0.0 
3202. Carlo Zugarelli                        -15.406          0.  0.0       1344. 22.106          0.  0.0          0.  0.0 
3203. Herve Grenier                        -15.449          0.  0.0          0.  0.0       1832. -59.951          0.  0.0 
3204. Richard Stott                         -15.45          0.  0.0          0.  0.0          0.  0.0       1734. -23.429 
3205. Petr Pala                        -15.483          0.  0.0       3213. -31.48          0.  0.0          0.  0.0 
3206. Edward Corrie                        -15.485          0.  0.0          0.  0.0          0.  0.0       1446. -7.822 
3207. Sebastian Fanselow                        -15.529          0.  0.0       3823. -61.033          0.  0.0          0.  0.0 
3208. Asif Ismail                        -15.545       3117. -26.303          0.  0.0          0.  0.0        648. 27.187 
3209. Stephen Jones                        -15.552          0.  0.0          0.  0.0          0.  0.0        998. 8.71 
3210. Marco Crugnola                        -15.557        577. 56.724        341. 75.901          0.  0.0          0.  0.0 
3211. Harald Neuner                        -15.563          0.  0.0        877. 39.524          0.  0.0          0.  0.0 
3212. Rogier Wassen                         -15.58       4201. -83.218       2793. -22.947          0.  0.0        623. 28.753 
3213. Warren Girle                        -15.582          0.  0.0       3776. -58.552          0.  0.0          0.  0.0 
3214. Eric Rosenfeld                        -15.591        346. 76.205          0.  0.0          0.  0.0          0.  0.0 
3215. Ron Myers                        -15.606          0.  0.0          0.  0.0          0.  0.0       1176.  0.7 
3216. Alessandro Bega                        -15.696       4135. -76.656          0.  0.0          0.  0.0          0.  0.0 
3217. Romain Bogaerts                        -15.709       4352. -115.695          0.  0.0          0.  0.0          0.  0.0 
3218. King Van Nostrand                        -15.721          0.  0.0          0.  0.0          0.  0.0       1769. -24.591 
3219. Bill Maze                        -15.735        724. 47.976       4128. -89.458         93. 94.896       1201. 0.009 
3220. Manuel Gallardo                        -15.737          0.  0.0       2037. -0.32          0.  0.0          0.  0.0 
3221. Stephen Thompson                        -15.745       1527. 16.754          0.  0.0          0.  0.0          0.  0.0 
3222. Clint Bowles                         -15.76       3694. -48.343          0.  0.0          0.  0.0          0.  0.0 
3223. John Letts                        -15.772       4396. -155.657       1392. 20.238        305. 48.127        145. 87.548 
3224. Sergei Samoseiko                        -15.779       1730. 8.255          0.  0.0          0.  0.0          0.  0.0 
3225. Nuno Matias                        -15.784          0.  0.0       2063. -0.835          0.  0.0          0.  0.0 
3226. Robert Yim                        -15.791        869. 39.883          0.  0.0          0.  0.0          0.  0.0 
3227. Jason Sankey                        -15.811        709. 48.801          0.  0.0          0.  0.0          0.  0.0 
3228. Alvis Tabors                        -15.812          0.  0.0          0.  0.0       1279. -20.694          0.  0.0 
3229. Loucas Christophides                        -15.817          0.  0.0       2393. -8.358          0.  0.0          0.  0.0 
3230. David Skoch                        -15.817       2320. -5.223        100. 115.556          0.  0.0          0.  0.0 
3231. Kouichi Sayama                        -15.828          0.  0.0       4063. -81.614          0.  0.0          0.  0.0 
3232. Soren Hess Olesen                        -15.835       2459. -9.784          0.  0.0        641. 21.554          0.  0.0 
3233. Ahmed El Mehelmy                        -15.867       2197. -2.228        219. 92.068       1517. -28.043          0.  0.0 
3234. Rolf Spitzer                        -15.883       3408. -35.664       2498. -12.439          0.  0.0          0.  0.0 
3235. Evgenii Tiurnev                        -15.886       1673. 10.777          0.  0.0          0.  0.0          0.  0.0 
3236. Tim Siegel                        -15.913          0.  0.0          0.  0.0        894. 2.279          0.  0.0 
3237. Chia Yen Tsai                        -15.919       4348. -113.56        650. 51.018        495. 27.856          0.  0.0 
3238. Pedro Leao                        -15.919          0.  0.0       2370. -7.83          0.  0.0          0.  0.0 
3239. Ardyanto Suta Wibawa                         -15.95          0.  0.0          0.  0.0          0.  0.0          0.  0.0 
3240. R Watts                        -15.953          0.  0.0          0.  0.0          0.  0.0       1659. -20.127 
3241. Alvaro Lopez San Martin                        -15.973          0.  0.0        786. 44.497          0.  0.0          0.  0.0 
3242. Jamie Murray                        -15.979       4019. -66.017          0.  0.0          0.  0.0          0.  0.0 
3243. Emilio Marturano                        -16.005          0.  0.0       2806. -23.341          0.  0.0          0.  0.0 
3244. Kenneth Reid                         -16.05        963. 33.928          0.  0.0          0.  0.0       1056. 5.253 
3245. Robert Lidgey                         -16.06          0.  0.0          0.  0.0          0.  0.0       1307. -2.186 
3246. Justin Lunn                        -16.063       2155. -1.68          0.  0.0          0.  0.0          0.  0.0 
3247. Kasper Rud                        -16.067          0.  0.0       1829. 4.113          0.  0.0          0.  0.0 
3248. Fritz Schunck                        -16.073          0.  0.0          0.  0.0          0.  0.0        785. 21.837 
3249. Masayoshi Takeyari                        -16.073          0.  0.0          0.  0.0       1138. -8.703          0.  0.0 
3250. P Hagna                        -16.084          0.  0.0          0.  0.0        730. 14.195          0.  0.0 
3251. Adam Kellner                        -16.085       1607. 13.912       1800. 4.84        276. 51.152          0.  0.0 
3252. Atlihan Binoz                        -16.086          0.  0.0       1037. 31.065          0.  0.0          0.  0.0 
3253. Carlos Gomez Herrera                        -16.087          0.  0.0       2262. -4.754          0.  0.0          0.  0.0 
3254. Nigel Badza                        -16.095       3765. -50.923          0.  0.0          0.  0.0          0.  0.0 
3255. Ray Ruffels                         -16.11       2329. -5.469       1948. 1.511       1488. -26.657       1243. -0.808 
3256. Eduardo Cisneros                        -16.135          0.  0.0       2871. -25.0          0.  0.0          0.  0.0 
3257. Rob Danner                        -16.146       2841. -23.345          0.  0.0          0.  0.0          0.  0.0 
3258. Caleb Chakravarthi                        -16.149       3340. -32.607          0.  0.0          0.  0.0          0.  0.0 
3259. Jose Antonio Sanchez De Luna                        -16.153          0.  0.0        257. 86.438          0.  0.0          0.  0.0 
3260. Jeff Etterbeek                        -16.154          0.  0.0       4211. -112.396          0.  0.0          0.  0.0 
3261. Wolfgang Spannagel                        -16.156          0.  0.0       2145. -2.228          0.  0.0          0.  0.0 
3262. Doug Bohaboy                        -16.166       3668. -47.648          0.  0.0          0.  0.0          0.  0.0 
3263. Rick Fisher                        -16.181       3929. -60.643       3675. -51.408        147. 75.412       2447. -71.536 
3264. Ruben Fernandez                         -16.22          0.  0.0         97. 115.9          0.  0.0          0.  0.0 
3265. Alejandro Ganzabal                        -16.231       2260. -3.674       3817. -60.759       1392. -25.0          0.  0.0 
3266. Gerardo Vacarezza                        -16.244        835. 41.71       1367. 21.255          0.  0.0          0.  0.0 
3267. Nimish Desai                        -16.262          0.  0.0       4042. -78.659          0.  0.0          0.  0.0 
3268. Nicolas Todero                        -16.295          0.  0.0       3075. -26.625          0.  0.0          0.  0.0 
3269. Armin Sandbichler                        -16.297          0.  0.0       2540. -14.93          0.  0.0          0.  0.0 
3270. Amit Naor                        -16.302        294. 81.877          0.  0.0          0.  0.0          0.  0.0 
3271. Alan Fernando Rubio Fierros                         -16.31       2293. -4.381       1006. 32.657          0.  0.0          0.  0.0 
3272. Toby Mitchell                        -16.321       3267. -30.044          0.  0.0          0.  0.0          0.  0.0 
3273. A Whittaker                        -16.326        943. 35.27          0.  0.0          0.  0.0          0.  0.0 
3274. Kevin King                        -16.334       3125. -26.403          0.  0.0          0.  0.0       2295. -52.425 
3275. Austen Brice                        -16.357          0.  0.0          0.  0.0          0.  0.0        828. 19.76 
3276. Jimmy Brown                        -16.368       3312. -31.553       2810. -23.379       1625. -38.33       1476. -9.329 
3277. Abdelkader Madani                        -16.384          0.  0.0       3630. -49.085          0.  0.0          0.  0.0 
3278. Eric Quigley                        -16.396       4140. -76.937          0.  0.0          0.  0.0          0.  0.0 
3279. Dean Penero                        -16.427       3494. -40.307          0.  0.0          0.  0.0          0.  0.0 
3280. Julio Peralta                        -16.436          0.  0.0       3694. -52.37          0.  0.0          0.  0.0 
3281. Eric Nunez                        -16.438       1065. 29.979          0.  0.0          0.  0.0          0.  0.0 
3282. Richard Hillage                        -16.445          0.  0.0          0.  0.0          0.  0.0       1943. -26.992 
3283. David Betous                        -16.448          0.  0.0        967. 34.625          0.  0.0          0.  0.0 
3284. Jorgen Windahl                        -16.449       2627. -16.247        212. 93.047       1628. -38.445       1042. 5.984 
3285. Doo Hwan Kim                        -16.469          0.  0.0       3793. -59.452          0.  0.0          0.  0.0 
3286. Andy Fahlke                        -16.469          0.  0.0       4183. -102.416          0.  0.0          0.  0.0 
3287. Joe Heldmann                        -16.471          0.  0.0          0.  0.0       1755. -49.715          0.  0.0 
3288. Ray Wilson                        -16.481       1231. 25.045          0.  0.0          0.  0.0        733. 24.184 
3289. Brian Parrott                        -16.487          0.  0.0       2008. 0.069          0.  0.0          0.  0.0 
3290. Scoville Jenkins                        -16.514       1538. 16.372        440. 67.031          0.  0.0        912. 13.767 
3291. Bobby Blair                        -16.517          0.  0.0       1356. 21.699          0.  0.0          0.  0.0 
3292. Peter Fletcher                        -16.524       2932. -25.0          0.  0.0          0.  0.0          0.  0.0 
3293. John El Khoury                        -16.537          0.  0.0       2404. -8.751          0.  0.0          0.  0.0 
3294. Pierre Jauffret                        -16.539          0.  0.0       2781. -22.622          0.  0.0          0.  0.0 
3295. Jorg Schors                        -16.549          0.  0.0       2433. -9.943          0.  0.0          0.  0.0 
3296. M Munoz                         -16.58          0.  0.0          0.  0.0          0.  0.0       1338. -3.145 
3297. Olav Abrahamsen                        -16.583          0.  0.0       1992. 0.402          0.  0.0          0.  0.0 
3298. Bob Joyner                        -16.602       1447. 19.915       2061. -0.83          0.  0.0          0.  0.0 
3299. Bryan Borea                        -16.614          0.  0.0       1906. 2.372          0.  0.0          0.  0.0 
3300. Hasan Ibrahim                        -16.639          0.  0.0       1589. 12.015          0.  0.0          0.  0.0 
3301. Daniel Yoo                        -16.652        313. 80.012          0.  0.0          0.  0.0          0.  0.0 
3302. Bob Folz                        -16.659       1448. 19.807          0.  0.0          0.  0.0          0.  0.0 
3303. Patrice Hagelauer                        -16.665       3495. -40.344        254. 86.703          0.  0.0        697. 25.082 
3304. Remi Gilberton                        -16.684          0.  0.0          0.  0.0       1366. -24.788          0.  0.0 
3305. Francisco Yim Kim                        -16.692       2068. -0.06          0.  0.0          0.  0.0          0.  0.0 
3306. Alexios Halebian                        -16.703       2433. -8.778          0.  0.0          0.  0.0          0.  0.0 
3307. Noel Freitas                        -16.732          0.  0.0          0.  0.0        981. -1.735          0.  0.0 
3308. Francisco Rodriguez                        -16.745          0.  0.0       1743. 6.617          0.  0.0          0.  0.0 
3309. Jordi Arrese                        -16.754       3152. -26.818       2570. -15.954        396. 36.812        915. 13.665 
3310. Luis Arturo Gonzalez                        -16.756          0.  0.0       2642. -18.457          0.  0.0          0.  0.0 
3311. Klaus Kreuzhuber                        -16.774          0.  0.0       2829. -23.989          0.  0.0          0.  0.0 
3312. Terry Suyderhoud                        -16.777       3097. -25.855          0.  0.0          0.  0.0          0.  0.0 
3313. Brad Properjohn                        -16.791          0.  0.0          0.  0.0          0.  0.0       2571. -96.676 
3314. Walter Redondo                        -16.793       2408. -7.836       3117. -27.666        252. 54.795          0.  0.0 
3315. Stanislav Birner                        -16.798       2690. -18.435        508. 60.271         90. 96.927       1917. -26.377 
3316. Jose Miguel Ayala                          -16.8          0.  0.0        644. 51.553          0.  0.0          0.  0.0 
3317. Dennis Maddern                        -16.814          0.  0.0          0.  0.0          0.  0.0       1422. -6.597 
3318. Hyun Woo Nam                        -16.827       2538. -12.766          0.  0.0          0.  0.0          0.  0.0 
3319. Dimitar Kuzmanov                        -16.845       3885. -57.724       2338. -6.898        583. 25.0          0.  0.0 
3320. Sebastian Fitz                        -16.852          0.  0.0          0.  0.0          0.  0.0       2403. -66.299 
3321. Minh Quan Do                        -16.867          0.  0.0          0.  0.0       1929. -79.398          0.  0.0 
3322. Ivan Miranda                        -16.881       2056. 0.045       1468. 17.765       1842. -62.399       1278. -1.671 
3323. Moharram Ali Khodai                        -16.887          0.  0.0       3893. -66.849          0.  0.0          0.  0.0 
3324. Dwight Frerichs                        -16.888          0.  0.0          0.  0.0          0.  0.0          0.  0.0 
3325. John Gardner                        -16.891       3836. -54.879       1697. 8.002          0.  0.0        788. 21.633 
3326. Larry Gottfried                        -16.891       2054. 0.049       1860. 3.396       1839. -61.442         73. 111.88 
3327. Dennis Breetzke                        -16.894       2913. -24.967          0.  0.0          0.  0.0          0.  0.0 
3328. Gene Hamilton                        -16.953          0.  0.0       3950. -71.108          0.  0.0          0.  0.0 
3329. Tj Middleton                        -16.982       4279. -96.27       4090. -84.963       1894. -70.861          0.  0.0 
3330. Jon Sorbo                        -16.983       1616. 13.39          0.  0.0          0.  0.0          0.  0.0 
3331. Lewis Sylvester                        -16.995       3946. -61.768       3487. -43.478          0.  0.0        657. 26.8 
3332. Rocky Maguire                        -16.998          0.  0.0       3076. -26.657          0.  0.0          0.  0.0 
3333. Austin Smith                        -17.007        485. 64.437          0.  0.0          0.  0.0          0.  0.0 
3334. Oscar Otte                        -17.009       2645. -16.825        210. 93.552          0.  0.0       2282. -51.249 
3335. Tomislav Ternar                        -17.069       4338. -111.424          0.  0.0          0.  0.0          0.  0.0 
3336. Steven Alger                        -17.079       3659. -47.394       3739. -55.494          0.  0.0          0.  0.0 
3337. Elia Grossi                         -17.09          0.  0.0       4237. -123.293          0.  0.0          0.  0.0 
3338. Carlos Salamanca                        -17.118        392. 72.739        456. 65.273       1441. -25.0          0.  0.0 
3339. Tomas Cakl                        -17.149       1374. 22.321        229. 91.163       1932. -79.643          0.  0.0 
3340. Dong Hyun Kim                        -17.162        879. 39.395       1852. 3.573        932. 0.277          0.  0.0 
3341. Unknown Rodrigues                        -17.163          0.  0.0       3742. -55.516          0.  0.0          0.  0.0 
3342. Gordon Simmonds                        -17.167       1700. 9.388          0.  0.0          0.  0.0          0.  0.0 
3343. Devin Britton                         -17.17       3518. -41.8          0.  0.0          0.  0.0          0.  0.0 
3344. Ugo Biagianti                        -17.183          0.  0.0       2459. -11.164          0.  0.0          0.  0.0 
3345. Andres Schneiter                        -17.256          0.  0.0       3288. -34.101          0.  0.0          0.  0.0 
3346. Tom Mott                        -17.264          0.  0.0       1032. 31.355       1191. -14.193       1324. -2.657 
3347. Andy Lloyd                        -17.286          0.  0.0          0.  0.0          0.  0.0          0.  0.0 
3348. Luis Roa                          -17.3          0.  0.0       1847. 3.612          0.  0.0          0.  0.0 
3349. Craig Venter                        -17.339       2156. -1.685          0.  0.0          0.  0.0          0.  0.0 
3350. Balaram Singh                        -17.352          0.  0.0          0.  0.0          0.  0.0          0.  0.0 
3351. Joel Schwaerzler                        -17.407        229. 91.715        129. 107.515          0.  0.0          0.  0.0 
3352. Florian Allgauer                        -17.436          0.  0.0         30. 148.068          0.  0.0          0.  0.0 
3353. Albert Simangunsong                         -17.44          0.  0.0          0.  0.0          0.  0.0          0.  0.0 
3354. Jack D Neer                        -17.475          0.  0.0          0.  0.0          0.  0.0          0.  0.0 
3355. Arsenije Zlatanovic                        -17.476          0.  0.0        401. 70.917          0.  0.0          0.  0.0 
3356. Robert Baumgartner                         -17.53          0.  0.0       3954. -71.308          0.  0.0          0.  0.0 
3357. A Fine                        -17.559          0.  0.0          0.  0.0          0.  0.0        217. 72.98 
3358. T Hall                        -17.567          0.  0.0          0.  0.0          0.  0.0        868. 17.043 
3359. Morees Dubruyn                        -17.596          0.  0.0          0.  0.0          0.  0.0       1588. -16.518 
3360. Dave Snyder                        -17.628        731. 47.308          0.  0.0          0.  0.0          0.  0.0 
3361. Tuomas Ketola                        -17.632       3580. -44.823       3909. -68.03       1891. -70.497       2476. -77.806 
3362. John Laffnie De Jager                        -17.633       4103. -73.139          0.  0.0          0.  0.0       1269. -1.512 
3363. Robert Janecek                        -17.643       2602. -15.315          0.  0.0          0.  0.0          0.  0.0 
3364. Kenichi Kiyomiya                        -17.658        488. 64.329          0.  0.0          0.  0.0          0.  0.0 
3365. E Mcalpine                        -17.668          0.  0.0          0.  0.0          0.  0.0       2189. -44.558 
3366. William Ward                        -17.675       2177. -1.929          0.  0.0          0.  0.0          0.  0.0 
3367. Shane Barr                        -17.687       3539. -42.665          0.  0.0          0.  0.0       1104. 3.028 
3368. Steve Messmer                        -17.701          0.  0.0          0.  0.0          0.  0.0        776. 22.057 
3369. Antonio Van Grichen                        -17.725          0.  0.0          0.  0.0       1181. -13.337          0.  0.0 
3370. Patricio Arquez                        -17.735          0.  0.0       1541. 14.594          0.  0.0          0.  0.0 
3371. Mariano Albert Ferrando                         -17.74          0.  0.0       3179. -29.794          0.  0.0          0.  0.0 
3372. Derek Farren                        -17.776          0.  0.0       3016. -25.31        837. 5.502          0.  0.0 
3373. Antonio Padovani                        -17.806          0.  0.0       4210. -111.52          0.  0.0          0.  0.0 
3374. Peter Schlotz                         -17.81       2043. 0.247          0.  0.0          0.  0.0          0.  0.0 
3375. Trent Bryde                        -17.814       4280. -96.278          0.  0.0          0.  0.0          0.  0.0 
3376. Geoff Paish                        -17.844       4228. -87.761          0.  0.0          0.  0.0          0.  0.0 
3377. Gonzalo Lama                        -17.846        507. 62.57       4142. -92.283          0.  0.0          0.  0.0 
3378. Thomas Werner                        -17.848          0.  0.0       2558. -15.442       1304. -21.699          0.  0.0 
3379. Marcus Kramer                        -17.852          0.  0.0          0.  0.0          0.  0.0        803. 20.906 
3380. Han Cheol Shin                        -17.854       3383. -34.646        453. 65.459        677. 18.649          0.  0.0 
3381. Darren Patten                        -17.865       3574. -44.76          0.  0.0          0.  0.0          0.  0.0 
3382. Unknown Orasz                        -17.886       2181. -1.96          0.  0.0          0.  0.0          0.  0.0 
3383. Jorge Catala                        -17.893       2646. -16.836          0.  0.0          0.  0.0          0.  0.0 
3384. Giovanni Lelli Mami                        -17.903          0.  0.0       2090. -1.448          0.  0.0          0.  0.0 
3385. Takahiro Ittogi                        -17.903       1301. 24.514          0.  0.0          0.  0.0          0.  0.0 
3386. J Tobin                        -17.939          0.  0.0       3276. -33.642          0.  0.0          0.  0.0 
3387. R L Cross                        -17.952          0.  0.0          0.  0.0          0.  0.0       1077. 4.273 
3388. Ian Bersin                        -17.961          0.  0.0          0.  0.0          0.  0.0       1953. -27.407 
3389. Toni Androic                        -17.978       2710. -19.313        871. 39.665          0.  0.0          0.  0.0 
3390. Torquato Rossini                        -18.022          0.  0.0        578. 55.526          0.  0.0          0.  0.0 
3391. Neoclis Neocleous                        -18.023          0.  0.0       2250. -4.578          0.  0.0          0.  0.0 
3392. Will Farah Lebar                         -18.03       1638. 12.387          0.  0.0        570. 25.0          0.  0.0 
3393. Stan Myerson                        -18.044       4188. -81.96          0.  0.0          0.  0.0          0.  0.0 
3394. Phillip Harboe                        -18.075          0.  0.0       1702. 7.852          0.  0.0          0.  0.0 
3395. Jan Choinski                        -18.075       1978. 1.473       4107. -86.725          0.  0.0        512. 38.234 
3396. U Hamilton                        -18.076          0.  0.0       3222. -31.715          0.  0.0          0.  0.0 
3397. Koji Watanabe                        -18.112       2003. 0.914       2247. -4.493          0.  0.0       2260. -50.0 
3398. Greg Failla                        -18.151       4126. -75.571          0.  0.0          0.  0.0          0.  0.0 
3399. Oliver Ploner                        -18.164          0.  0.0         65. 126.377          0.  0.0          0.  0.0 
3400. Jan Minar                        -18.169       1823. 5.303          0.  0.0          0.  0.0          0.  0.0 
3401. Alvin Schwarz                        -18.171       4026. -66.5          0.  0.0          0.  0.0          0.  0.0 
3402. U Lindorff                        -18.178          0.  0.0          0.  0.0       1081. -5.437          0.  0.0 
3403. Joaquin Castellano                          -18.2          0.  0.0       1708. 7.556          0.  0.0          0.  0.0 
3404. Orhan Atas                        -18.202          0.  0.0          0.  0.0          0.  0.0          0.  0.0 
3405. Duane Williams                        -18.233          0.  0.0        338. 75.978          0.  0.0          0.  0.0 
3406. Jacob Adaktusson                        -18.262       3957. -62.423          0.  0.0          0.  0.0          0.  0.0 
3407. Wojceh Jamroz                        -18.273          0.  0.0       3304. -34.826          0.  0.0          0.  0.0 
3408. K Franzi                        -18.322          0.  0.0          0.  0.0          0.  0.0       1227. -0.366 
3409. Marcus Hilpert                        -18.358        564. 57.592          0.  0.0          0.  0.0          0.  0.0 
3410. Vivian Gotto                         -18.36          0.  0.0          0.  0.0          0.  0.0       2329. -56.473 
3411. Pavel Katliarov                        -18.371         35. 150.756          0.  0.0          0.  0.0          0.  0.0 
3412. Ali Gorec                         -18.38          0.  0.0          0.  0.0          0.  0.0          0.  0.0 
3413. Jaroslav Levinsky                        -18.382          0.  0.0       3168. -29.372          0.  0.0          0.  0.0 
3414. Thomas Sorensen                        -18.405          0.  0.0       2161. -2.565          0.  0.0          0.  0.0 
3415. Dawid Olejniczak                        -18.426         77. 129.089        640. 51.61       1449. -25.0        557. 33.989 
3416. Markus Zoecke                        -18.431       4314. -103.461       3156. -28.957        795. 8.616       2015. -30.171 
3417. John Paul Fruttero                        -18.441       2269. -3.796          0.  0.0          0.  0.0          0.  0.0 
3418. Bruno Britez                        -18.456       2114. -0.837       1185. 25.462          0.  0.0          0.  0.0 
3419. Mohamed Redha Ouahab                        -18.468          0.  0.0       1486. 17.138          0.  0.0          0.  0.0 
3420. Robert Dolan                        -18.488       3727. -49.407          0.  0.0        850. 4.828          0.  0.0 
3421. Antonio Hartmann                        -18.505          0.  0.0       3788. -58.981          0.  0.0          0.  0.0 
3422. Danny Sullivan                        -18.508        163. 103.731          0.  0.0          0.  0.0          0.  0.0 
3423. Mohd Assri Merzuki                        -18.519       2279. -4.035          0.  0.0          0.  0.0          0.  0.0 
3424. Stephane Andriolo                         -18.52       2446. -9.281          0.  0.0          0.  0.0          0.  0.0 
3425. Moncef Zehar                        -18.524        416. 70.264       3078. -26.779          0.  0.0          0.  0.0 
3426. Inam Gul                        -18.528          0.  0.0          0.  0.0       1063. -4.47          0.  0.0 
3427. Amer Naow                        -18.542       1362. 22.781          0.  0.0          0.  0.0          0.  0.0 
3428. Ernst Blanke                         -18.56          0.  0.0       2689. -19.981          0.  0.0          0.  0.0 
3429. Juan Rivera                        -18.568          0.  0.0        612. 53.331          0.  0.0          0.  0.0 
3430. Mariano Delfino                        -18.587          0.  0.0       4254. -136.927          0.  0.0          0.  0.0 
3431. Choon Ho Kim                        -18.591          0.  0.0       1484. 17.181          0.  0.0       2323. -55.59 
3432. Crawford Henry                        -18.592          0.  0.0       3993. -74.467          0.  0.0          0.  0.0 
3433. Hans Finkentscher                        -18.602          0.  0.0          0.  0.0          0.  0.0       1962. -27.885 
3434. Ian Crookenden                        -18.622       2633. -16.437          0.  0.0       1675. -43.154        463. 42.942 
3435. Alberto Lim                        -18.627       1371. 22.391          6. 202.012          0.  0.0          0.  0.0 
3436. Larry Nagler                        -18.644       2463. -9.867          0.  0.0          0.  0.0          0.  0.0 
3437. Ron Bohrnstedt                        -18.645          0.  0.0       3981. -73.876        883. 2.628       1791. -25.0 
3438. Bob Helmers                        -18.647          0.  0.0          0.  0.0        340. 44.306          0.  0.0 
3439. Jorge Cordova                         -18.66        424. 69.802          0.  0.0          0.  0.0          0.  0.0 
3440. Markus Nagel                        -18.689       2859. -23.706          0.  0.0          0.  0.0          0.  0.0 
3441. Ekkarin Pisuth Arnonth                        -18.692        231. 91.154          0.  0.0          0.  0.0          0.  0.0 
3442. Enrique Quimbaya                        -18.707          0.  0.0       4002. -75.153          0.  0.0          0.  0.0 
3443. Gustav Fichardt                        -18.731          0.  0.0          0.  0.0          0.  0.0       1233. -0.58 
3444. Robert Sliwinski                        -18.744          0.  0.0          0.  0.0        998. -2.28          0.  0.0 
3445. Maximilian Abel                        -18.757       3533. -42.268       2108. -1.709          0.  0.0         63. 117.77 
3446. Kyle Johnson                        -18.757       4084. -70.978          0.  0.0          0.  0.0          0.  0.0 
3447. Stefan Lochbihler                        -18.795          0.  0.0       2839. -24.307          0.  0.0          0.  0.0 
3448. John Levin                        -18.799       3122. -26.34          0.  0.0          0.  0.0          0.  0.0 
3449. Daniel Chavez Morales                        -18.802       1669. 11.007       2196. -3.494          0.  0.0          0.  0.0 
3450. Matthew Breen                        -18.828        956. 34.306          0.  0.0          0.  0.0          0.  0.0 
3451. S Teterion                        -18.829          0.  0.0        861. 40.484          0.  0.0          0.  0.0 
3452. Nickolai Dyachok                        -18.846          0.  0.0       2764. -22.121          0.  0.0          0.  0.0 
3453. Colin Diederichs                        -18.877       2111. -0.814          0.  0.0          0.  0.0          0.  0.0 
3454. Chip Fisher                        -18.882          0.  0.0          0.  0.0       1556. -31.238          0.  0.0 
3455. Alberto Brizzi                         -18.92          0.  0.0       1341. 22.221          0.  0.0          0.  0.0 
3456. Dino Marcan                         -18.93       2224. -2.943          0.  0.0          0.  0.0          0.  0.0 
3457. Don Brosseau                        -18.932          0.  0.0          0.  0.0       1263. -19.599          0.  0.0 
3458. Diego Del Rio                        -18.954          0.  0.0       3860. -64.047          0.  0.0          0.  0.0 
3459. Blaz Trupej                        -18.966       1698.  9.4       1565. 13.01          0.  0.0          0.  0.0 
3460. Paul Fitzgerald                        -18.976          0.  0.0          0.  0.0          0.  0.0        843. 18.684 
3461. Mark Lajal                         -18.98       1530. 16.663       3136. -28.251          0.  0.0       1652. -19.903 
3462. Unknown Alvarez                        -18.982       2842. -23.379          0.  0.0          0.  0.0          0.  0.0 
3463. Andrew Lobb                        -19.024       2551. -13.307          0.  0.0          0.  0.0          0.  0.0 
3464. Paul Kilderry                        -19.065       2613. -15.591        799. 44.158       1112. -6.944       2079. -35.26 
3465. Abbie Maynard                         -19.07          0.  0.0          0.  0.0       1795. -54.983          0.  0.0 
3466. Adrian Andreev                        -19.072       2884. -24.284          0.  0.0          0.  0.0          0.  0.0 
3467. Martin Valenti                        -19.084          0.  0.0       2373. -7.978          0.  0.0          0.  0.0 
3468. Eduardo Furusho                        -19.088       1390. 21.807       1290. 23.902       1495. -26.796          0.  0.0 
3469. Tomislav Prpic                        -19.092          0.  0.0       3765. -57.809          0.  0.0          0.  0.0 
3470. Trevor Little                        -19.103          0.  0.0       3655. -50.56          0.  0.0        561. 33.683 
3471. Ricardo Mello                        -19.127       3896. -58.855       3586. -47.6       1137. -8.662        943. 11.842 
3472. Samir Iftikhar                        -19.132       3461. -38.784          0.  0.0          0.  0.0          0.  0.0 
3473. Steven Baldas                        -19.204       3445. -37.848          0.  0.0          0.  0.0          0.  0.0 
3474. Min Kyu Han                        -19.205       2759. -21.087          0.  0.0          0.  0.0          0.  0.0 
3475. Alex Nizet                        -19.216          0.  0.0          0.  0.0          0.  0.0       2472. -76.743 
3476. Jean Pierre Loizeau                        -19.232       3581. -44.887       1157. 26.465          0.  0.0       1045. 5.896 
3477. Raphael Durek                        -19.243       2815. -22.806          0.  0.0          0.  0.0          0.  0.0 
3478. N L Reevell                        -19.245          0.  0.0          0.  0.0          0.  0.0        293. 61.453 
3479. Frank Hamonet                        -19.246          0.  0.0          0.  0.0       1070. -4.822          0.  0.0 
3480. Nick Badenhorst                         -19.25       4290. -98.505          0.  0.0          0.  0.0          0.  0.0 
3481. Maxime Cressy                        -19.263       4131. -76.336       3220. -31.645          0.  0.0       1011. 7.808 
3482. M Fallas                        -19.276       3728. -49.609          0.  0.0          0.  0.0          0.  0.0 
3483. Brian Dunn                        -19.279        333. 77.506        489. 62.275          0.  0.0          0.  0.0 
3484. A March                         -19.28          0.  0.0          0.  0.0          0.  0.0       1152. 1.34 
3485. Ross Hutchins                        -19.286       1122. 28.231          0.  0.0          0.  0.0          0.  0.0 
3486. Armand Strombach                        -19.301       1767. 6.823       1907. 2.37       1798. -55.389          0.  0.0 
3487. Matteo Marrai                        -19.309          0.  0.0       1076. 29.538          0.  0.0          0.  0.0 
3488. F Settelmeyer                        -19.319          0.  0.0       3780. -58.625          0.  0.0          0.  0.0 
3489. Juan Carlos Yunis                        -19.323          0.  0.0       2270. -4.998          0.  0.0          0.  0.0 
3490. Thomas Fancutt                        -19.324       3192. -27.844          0.  0.0          0.  0.0          0.  0.0 
3491. Liam Krall                        -19.328       4289. -98.347          0.  0.0          0.  0.0          0.  0.0 
3492. Brian Shi                         -19.33       3503. -40.816          0.  0.0          0.  0.0          0.  0.0 
3493. Arthur Fery                        -19.332          0.  0.0          0.  0.0          0.  0.0       2559. -94.037 
3494. Grant Kerr                        -19.343          0.  0.0          0.  0.0          0.  0.0       1368. -4.559 
3495. Christer Holm                        -19.351       3095. -25.795          0.  0.0          0.  0.0          0.  0.0 
3496. Larry Davidson                        -19.353       2426. -8.543          0.  0.0          0.  0.0          0.  0.0 
3497. Jaan Kononov                        -19.397       3227. -28.839          0.  0.0          0.  0.0          0.  0.0 
3498. Ross Matheson                        -19.462          0.  0.0          0.  0.0          0.  0.0        338. 56.055 
3499. Munawar Iqbal                        -19.489          0.  0.0       1560. 13.318          0.  0.0       2296. -52.498 
3500. Matt Simpson                        -19.509          0.  0.0          0.  0.0       1448. -25.0          0.  0.0 
3501. Ramiz Akhmerov                        -19.515          0.  0.0          0.  0.0          0.  0.0          0.  0.0 
3502. Randy Druz                        -19.524       2677. -18.221          0.  0.0       1593. -35.188          0.  0.0 
3503. Pietro Angelini                         -19.53          0.  0.0       3714. -53.929          0.  0.0          0.  0.0 
3504. Damar Johnson                        -19.538       3623. -46.265        115. 111.152          0.  0.0          0.  0.0 
3505. Frederick Sletting Johnsen                        -19.544       3292. -31.03          0.  0.0          0.  0.0          0.  0.0 
3506. Rodrigo Arus                        -19.551       1212. 25.563       1739. 6.715          0.  0.0          0.  0.0 
3507. Mario Calautti                        -19.556          0.  0.0        622. 52.695          0.  0.0          0.  0.0 
3508. Paul Logtens                        -19.559          0.  0.0          0.  0.0          0.  0.0       1296. -1.99 
3509. Phil Tovey                        -19.601          0.  0.0          0.  0.0          0.  0.0         82. 109.253 
3510. A Amer                        -19.605          0.  0.0          0.  0.0          0.  0.0        431. 46.275 
3511. Tim Puetz                        -19.616       3857. -56.059          0.  0.0          0.  0.0          0.  0.0 
3512. Dave Harmon                        -19.623          0.  0.0          0.  0.0          0.  0.0          0.  0.0 
3513. U Michod                        -19.625          0.  0.0       2877. -25.0          0.  0.0          0.  0.0 
3514. Justin Gimelstob                        -19.633       1013. 31.703        207. 94.034       1211. -15.854       1606. -17.499 
3515. Steven Wright                        -19.636          0.  0.0          0.  0.0          0.  0.0       1015. 7.303 
3516. Giovanni Cierro                        -19.639          0.  0.0       3901. -67.337          0.  0.0          0.  0.0 
3517. Jonathan Leach                        -19.651       4347. -113.082          0.  0.0          0.  0.0          0.  0.0 
3518. Mike Lorenzo                        -19.659          0.  0.0          0.  0.0          0.  0.0       2351. -58.806 
3519. Purav Raja                        -19.662        942. 35.311          0.  0.0          0.  0.0          0.  0.0 
3520. Robert Kroll                        -19.664          0.  0.0        504. 60.55        283. 50.259          0.  0.0 
3521. Jacques Hervet                        -19.687          0.  0.0         86. 119.475          0.  0.0          0.  0.0 
3522. Matthew Smith                          -19.7          0.  0.0          0.  0.0          0.  0.0       1345. -3.34 
3523. Min Hyoek Cho                        -19.705       3576. -44.768          0.  0.0          0.  0.0          0.  0.0 
3524. Sheil Kotecha                         -19.73        905. 37.777          0.  0.0          0.  0.0          0.  0.0 
3525. T Mooney                        -19.737          0.  0.0          0.  0.0          0.  0.0          0.  0.0 
3526. Takuto Niki                        -19.748       2669. -17.822          0.  0.0          0.  0.0          0.  0.0 
3527. Boy Westerhof                        -19.763          0.  0.0       3365. -37.771          0.  0.0          0.  0.0 
3528. Carlos Lopez                        -19.777          0.  0.0       3661. -50.729          0.  0.0          0.  0.0 
3529. Jack Waite                         -19.79       1753. 7.594       1083. 29.23       1311. -22.11          0.  0.0 
3530. Alexandre Hocevar                        -19.794       1185. 26.628          0.  0.0       1357. -24.156         61. 118.02 
3531. Sekou Bangoura                        -19.796       1031. 30.992          0.  0.0          0.  0.0          0.  0.0 
3532. Lothar Lanz                        -19.812          0.  0.0       1670. 8.957          0.  0.0          0.  0.0 
3533. Chris Louw                        -19.815          0.  0.0          0.  0.0          0.  0.0       1983. -29.007 
3534. Pedro Cachin                        -19.822       3478. -39.627        853. 41.006          0.  0.0         10. 173.084 
3535. Damir Buljevic                        -19.835          0.  0.0       1742. 6.621       1812. -57.563          0.  0.0 
3536. Samudra Sangitan                        -19.837       4167. -79.418          0.  0.0          0.  0.0          0.  0.0 
3537. Loic Didavi                        -19.844          0.  0.0       1513. 16.055          0.  0.0          0.  0.0 
3538. Rob Wallace                        -19.847          0.  0.0          0.  0.0          0.  0.0       1925. -26.573 
3539. Sammy Giammalva                        -19.883          0.  0.0          0.  0.0          0.  0.0       1760. -24.306 
3540. Oleksii Krutykh                        -19.899       2183. -1.989       1533. 15.136          0.  0.0          0.  0.0 
3541. Bobby Kokavec                        -19.915        328. 78.003          0.  0.0          0.  0.0          0.  0.0 
3542. Michael Yani                        -19.918       3587. -45.144        985. 33.643          0.  0.0         99. 100.967 
3543. David Marrero                        -19.935          0.  0.0       1993. 0.386          0.  0.0          0.  0.0 
3544. Marvin Moeller                        -19.977          0.  0.0       1989. 0.469          0.  0.0          0.  0.0 
3545. Giovani Samaha                        -19.988          0.  0.0       2333. -6.769          0.  0.0          0.  0.0 
3546. Noel Phillips                         -20.01        522. 61.263       2105. -1.685        176. 69.308         33. 134.152 
3547. Chris Numbers                        -20.023       2381. -7.07          0.  0.0          0.  0.0          0.  0.0 
3548. Jack Jackson                        -20.024          0.  0.0       1283. 24.1          0.  0.0          0.  0.0 
3549. Henri Squire                        -20.052       3526. -42.153        447. 66.323          0.  0.0       1770. -24.596 
3550. Nicola Kuhn                        -20.059       2629. -16.331       4103. -86.469          0.  0.0        942. 11.848 
3551. Miles Walker                         -20.07       3136. -26.551          0.  0.0          0.  0.0          0.  0.0 
3552. R Stubbins                        -20.071          0.  0.0          0.  0.0          0.  0.0        837. 19.454 
3553. Andreas Vinciguerra                        -20.071       2386. -7.256       1900. 2.516        687. 18.11       1474. -9.207 
3554. G Mandel                        -20.121          0.  0.0          0.  0.0          0.  0.0        774. 22.112 
3555. Uwe Gottschalk                        -20.141          0.  0.0       1262. 24.804          0.  0.0          0.  0.0 
3556. Raul Brancaccio                        -20.156          0.  0.0       1842. 3.743          0.  0.0          0.  0.0 
3557. David Phillips                        -20.166       2692. -18.488          0.  0.0          0.  0.0          0.  0.0 
3558. B Yoranssen                        -20.187          0.  0.0        165. 99.899          0.  0.0          0.  0.0 
3559. Jan Boruszewski                        -20.198       3174. -27.322          0.  0.0          0.  0.0       1947. -27.186 
3560. Danilo Marcelino                        -20.199        739. 47.012       1000. 32.843       1278. -20.656       1275. -1.593 
3561. Alexei Belov                        -20.203          0.  0.0          0.  0.0       1166. -12.059          0.  0.0 
3562. Evgeny Kirillov                        -20.227          0.  0.0          0.  0.0        408. 34.829       2462. -74.511 
3563. Roberto Meneschincheri                        -20.228       1406. 21.457       2688. -19.967          0.  0.0          0.  0.0 
3564. Adrian Ungur                        -20.229        730. 47.383       4217. -113.688          0.  0.0       2161. -42.446 
3565. John Mccurdy                        -20.234       3215. -28.461        636. 51.816        759. 10.962       1654. -20.048 
3566. Marc Fornell Mestres                        -20.266          0.  0.0        857. 40.567          0.  0.0          0.  0.0 
3567. Hector Romani                        -20.288          0.  0.0       3535. -45.599          0.  0.0          0.  0.0 
3568. Carlos Drada                        -20.289       3308. -31.446       2458. -11.113       1257. -19.295          0.  0.0 
3569. Tomas Barrios Vera                        -20.304       1138. 27.747       1664. 9.132          0.  0.0       1240. -0.79 
3570. Mike Powers                         -20.32          0.  0.0        957. 35.068          0.  0.0       2163. -42.504 
3571. Regis Lavergne                        -20.332       4036. -67.279          0.  0.0       1222. -17.148          0.  0.0 
3572. Fredrik Jonsson                        -20.357         55. 139.922       3174. -29.646       1479. -26.102       1084. 4.003 
3573. Francois Matheu                        -20.375          0.  0.0        944. 35.5          0.  0.0          0.  0.0 
3574. George Berner                        -20.394       2654. -17.258        203. 94.774       1083. -5.508          0.  0.0 
3575. Darek Nowicki                        -20.398          0.  0.0       3952. -71.215       1293. -21.188          0.  0.0 
3576. Francisco Gallardo                        -20.412       2804. -22.595          0.  0.0          0.  0.0          0.  0.0 
3577. Joel Ross                        -20.433       2582. -14.666       3328. -35.744          0.  0.0       1773. -24.804 
3578. Vit Kopriva                        -20.447       1134. 27.991       2644. -18.514          0.  0.0         30. 136.168 
3579. Erik Arutiunian                        -20.447          0.  0.0       3508. -44.703          0.  0.0          0.  0.0 
3580. Walter Trusendi                         -20.45          0.  0.0       3826. -61.171          0.  0.0          0.  0.0 
3581. Kyu Tae Im                        -20.457        377. 73.98        874. 39.585          0.  0.0       2245. -48.31 
3582. Remus Farcas                        -20.476          0.  0.0        672. 49.823          0.  0.0          0.  0.0 
3583. Farrukh Dustov                        -20.491        296. 81.685        290. 81.878          0.  0.0        538. 35.999 
3584. Samir Saadeldin                        -20.499        830. 41.816          0.  0.0          0.  0.0          0.  0.0 
3585. Jaime Cortes                         -20.51       1110. 28.564       1011. 32.446       1569. -32.218          0.  0.0 
3586. Anatoli Volkov                        -20.514          0.  0.0       1018. 32.132          0.  0.0       1234. -0.592 
3587. Oscar Salas                        -20.514       1732. 8.239          0.  0.0          0.  0.0          0.  0.0 
3588. Bullus Hussaini                        -20.518       4250. -90.805          0.  0.0          0.  0.0          0.  0.0 
3589. Hernan Casanova                        -20.523          0.  0.0        984. 33.652          0.  0.0          0.  0.0 
3590. Asher Kahn                        -20.535          0.  0.0       4118. -88.297          0.  0.0          0.  0.0 
3591. Jim Mclennan                        -20.537          0.  0.0          0.  0.0       1123. -7.587          0.  0.0 
3592. Christian Duxin                        -20.542          0.  0.0       3123. -27.835          0.  0.0          0.  0.0 
3593. Andres Bucaro                        -20.549       3560. -43.839          0.  0.0          0.  0.0          0.  0.0 
3594. Tao Mu                        -20.559       2844. -23.417          0.  0.0          0.  0.0          0.  0.0 
3595. Michael Agwi                        -20.583       4381. -135.552        387. 71.791          0.  0.0          0.  0.0 
3596. Lawal Shehu                        -20.605       2431. -8.666          0.  0.0          0.  0.0          0.  0.0 
3597. Oscar Escribano                        -20.617          0.  0.0        436. 67.456          0.  0.0          0.  0.0 
3598. Philip Gubenco                        -20.636       3343. -32.705          0.  0.0          0.  0.0          0.  0.0 
3599. Xin Yuan Yu                         -20.64       1126. 28.139       3839. -62.349        490. 27.975          0.  0.0 
3600. Terry Ryan                        -20.643       1376. 22.276        632. 51.992          0.  0.0          0.  0.0 
3601. Thomas Haug                        -20.666          0.  0.0       3640. -49.545          0.  0.0          0.  0.0 
3602. Nick Weal                        -20.671          0.  0.0          0.  0.0          0.  0.0       1871. -25.0 
3603. Navdeep Singh                        -20.672       1203. 26.071          0.  0.0          0.  0.0          0.  0.0 
3604. Juan Fernandez                        -20.674          0.  0.0        731. 46.954          0.  0.0          0.  0.0 
3605. Andras Szocsik                        -20.678          0.  0.0       2457. -11.084          0.  0.0          0.  0.0 
3606. Alexander Windisch                         -20.69          0.  0.0        334. 76.8          0.  0.0          0.  0.0 
3607. Larry Turville                        -20.702       3778. -51.558        429. 68.588          0.  0.0        993. 8.904 
3608. Richard Finger                        -20.707          0.  0.0          0.  0.0          0.  0.0        855. 17.762 
3609. Otis Smith                        -20.717          0.  0.0          0.  0.0          0.  0.0         22. 144.284 
3610. Mulari Dharan                        -20.721        894. 38.678          0.  0.0          0.  0.0          0.  0.0 
3611. Felipe Rios                        -20.741          0.  0.0       1172. 26.055          0.  0.0          0.  0.0 
3612. Julen Uriguen                        -20.756        695. 49.678        652. 50.991          0.  0.0          0.  0.0 
3613. Rod Brent                        -20.761          0.  0.0          0.  0.0          0.  0.0       1642. -19.266 
3614. M Harner                        -20.761        101. 119.905          0.  0.0          0.  0.0          0.  0.0 
3615. Franko Skugor                        -20.766         21. 164.1       3974. -73.135          0.  0.0        241. 70.052 
3616. Kevin Miller                        -20.772          0.  0.0          0.  0.0          0.  0.0        650. 27.119 
3617. Alcides Procopio Jr                        -20.785          0.  0.0       1864. 3.309          0.  0.0          0.  0.0 
3618. Gary Plock                        -20.801          0.  0.0       4160. -96.051          0.  0.0          0.  0.0 
3619. Benito Schon                        -20.823          0.  0.0          0.  0.0          0.  0.0       1630. -18.531 
3620. Vishnu Vardhan                        -20.823        161. 104.27          0.  0.0          0.  0.0       2022. -30.857 
3621. Unknown Rios                        -20.836       1522. 16.81          0.  0.0          0.  0.0          0.  0.0 
3622. Timothy Noonan                        -20.843         60. 137.677        785. 44.515          0.  0.0       1130. 1.996 
3623. Osamu Yanagihara                        -20.849          0.  0.0          0.  0.0          0.  0.0          0.  0.0 
3624. Aniceto Alvarez                        -20.866       4134. -76.603        198. 95.268          0.  0.0          0.  0.0 
3625. Ervin Eleskovic                        -20.875       1009. 32.025        317. 78.178          0.  0.0          0.  0.0 
3626. Juan Carlos Prado Angelo                        -20.876          0.  0.0       1247. 25.0          0.  0.0          0.  0.0 
3627. A Saul                        -20.895       2159. -1.796          0.  0.0          0.  0.0          0.  0.0 
3628. Keith Bardellini                          -20.9          0.  0.0          0.  0.0       1375. -25.0          0.  0.0 
3629. Diego Ayala                        -20.906       2702. -18.969          0.  0.0          0.  0.0          0.  0.0 
3630. Warren Jacques                         -20.91          0.  0.0          0.  0.0       1734. -48.204          0.  0.0 
3631. Unknown Quartarolo                         -20.91          0.  0.0       3718. -54.111          0.  0.0          0.  0.0 
3632. Harry Chambers                        -20.915          0.  0.0          0.  0.0          0.  0.0          5. 188.459 
3633. M Williams                         -20.92          0.  0.0          0.  0.0          0.  0.0       2145. -40.666 
3634. Philip Hjorth                        -20.936        771. 45.175          0.  0.0          0.  0.0          0.  0.0 
3635. Ben Varn                        -20.944          0.  0.0       2233. -4.264          0.  0.0          0.  0.0 
3636. Andreas Bjerrehus                        -20.968        404. 71.352          0.  0.0          0.  0.0          0.  0.0 
3637. Scott Shannon                        -21.003       4385. -140.05          0.  0.0          0.  0.0          0.  0.0 
3638. Heinz Hamza                        -21.049          0.  0.0       3001. -25.077          0.  0.0          0.  0.0 
3639. Somporn Champisri                         -21.05          0.  0.0          0.  0.0          0.  0.0          0.  0.0 
3640. George Kallis                        -21.058          0.  0.0       1132. 27.133          0.  0.0          0.  0.0 
3641. Richard Rae                        -21.062          0.  0.0          0.  0.0          0.  0.0       1169. 0.908 
3642. Alioune Toure                        -21.066          0.  0.0       1950. 1.478          0.  0.0          0.  0.0 
3643. Ronaldo Carvalho                        -21.107          0.  0.0       2186. -3.242          0.  0.0          0.  0.0 
3644. Victor Trotsko                        -21.112          0.  0.0          0.  0.0       1415. -25.0          0.  0.0 
3645. Larry Parker                        -21.114          0.  0.0          0.  0.0          0.  0.0       2456. -73.192 
3646. M Hill                         -21.12          0.  0.0          0.  0.0          0.  0.0       1364. -4.353 
3647. Daniel Masur                         -21.13       2286. -4.247       1134. 27.076          0.  0.0        699. 25.067 
3648. Yu Hui Lien                        -21.136       1095. 29.108       3252. -33.021       1265. -19.601        695. 25.129 
3649. Victor Caldarelli                        -21.137         37. 149.929       3810. -60.236       1639. -39.402          0.  0.0 
3650. Jose Llamas                         -21.15       4185. -81.452          0.  0.0          0.  0.0          0.  0.0 
3651. G Atwell                        -21.159          0.  0.0          0.  0.0          0.  0.0        871. 16.843 
3652. Victor Bruthans                        -21.236          0.  0.0       2667. -19.276          0.  0.0          0.  0.0 
3653. Gerald Mandl                        -21.247       3833. -54.624       2310. -6.168       1102. -6.39        430. 46.287 
3654. Diego Hidalgo                        -21.259          0.  0.0       2048. -0.494          0.  0.0          0.  0.0 
3655. Kevin Long                        -21.262       3772. -51.164          0.  0.0          0.  0.0          0.  0.0 
3656. Prasert Kaiman                        -21.269          0.  0.0          0.  0.0          0.  0.0          0.  0.0 
3657. Ernesto Ruiz Bry                        -21.276          0.  0.0       1079. 29.299          0.  0.0          0.  0.0 
3658. Tobias Klein                        -21.295          0.  0.0          0.  0.0          0.  0.0        205. 74.495 
3659. Rill Baxter                        -21.299          0.  0.0        762. 45.641          0.  0.0          0.  0.0 
3660. Bong Suk Kim                        -21.314          0.  0.0          0.  0.0          0.  0.0       1356. -3.99 
3661. John Whiteford                        -21.315          0.  0.0       3377. -38.216          0.  0.0          0.  0.0 
3662. Manuel Castellanos                        -21.331          0.  0.0       2019. -0.113          0.  0.0          0.  0.0 
3663. S J Parry                        -21.332          0.  0.0          0.  0.0          0.  0.0       1190. 0.258 
3664. Omar Laimina                        -21.342       2053. 0.077       3135. -28.204          0.  0.0          0.  0.0 
3665. Graeme Foster                        -21.342        293. 81.971          0.  0.0          0.  0.0          0.  0.0 
3666. Sergey Makashin                        -21.392        725. 47.965       3668. -51.005          0.  0.0          0.  0.0 
3667. Albert Viviani                        -21.393       1238. 25.0       3141. -28.346          0.  0.0          0.  0.0 
3668. Ian Harris                          -21.4       3796. -52.796       3828. -61.232          0.  0.0          0.  0.0 
3669. Les Dodson                        -21.406          0.  0.0       2756. -21.91          0.  0.0          0.  0.0 
3670. Dick Bosse                        -21.409       4286. -97.119          0.  0.0          0.  0.0          0.  0.0 
3671. Scott Lipsky                        -21.431          0.  0.0          0.  0.0          0.  0.0        350. 54.592 
3672. Tom Campbell                        -21.436       3888. -57.918          0.  0.0          0.  0.0          0.  0.0 
3673. Gary Groslimond                        -21.439       2927. -25.0          0.  0.0          0.  0.0          0.  0.0 
3674. Christoph Geukens                        -21.441          0.  0.0          0.  0.0       1844. -62.873          0.  0.0 
3675. Tom Diederich                        -21.445       2126. -1.081          0.  0.0          0.  0.0          0.  0.0 
3676. Nikolai Fidirko                        -21.486       2831. -23.195          0.  0.0          0.  0.0          0.  0.0 
3677. R Hayes                        -21.493          0.  0.0          0.  0.0          0.  0.0       1279. -1.685 
3678. Joaquim Rasgado Jr                        -21.502       3621. -46.213        321. 77.795          0.  0.0       1840. -25.0 
3679. Terence Musgrove                         -21.51          0.  0.0          0.  0.0          0.  0.0       1594. -17.243 
3680. Sebastian Dominguez                        -21.517       2873. -23.978          0.  0.0          0.  0.0          0.  0.0 
3681. Syed Mohd Agil Syed Naguib                        -21.528       3415. -35.946          0.  0.0          0.  0.0          0.  0.0 
3682. Tony Van Zyl                        -21.554       3603. -45.766          0.  0.0          0.  0.0          0.  0.0 
3683. Mark Harner                        -21.562       2340. -5.669          0.  0.0          0.  0.0          0.  0.0 
3684. Nezih Gunal                        -21.563          0.  0.0          0.  0.0          0.  0.0          0.  0.0 
3685. Lucas Miedler                        -21.577        741. 46.934       2831. -24.087          0.  0.0          0.  0.0 
3686. John Zweig                        -21.592       2814. -22.791          0.  0.0          0.  0.0          0.  0.0 
3687. A Simmons                        -21.601          0.  0.0       1269. 24.546          0.  0.0          0.  0.0 
3688. Masaru Suishu                        -21.631          0.  0.0       3937. -70.206          0.  0.0          0.  0.0 
3689. Dennis Schmid                        -21.645        304. 81.08          0.  0.0          0.  0.0          0.  0.0 
3690. Hichem Riani                        -21.648          0.  0.0       3497. -44.234          0.  0.0          0.  0.0 
3691. Fabio Mionbet                        -21.655       1982. 1.43          0.  0.0          0.  0.0          0.  0.0 
3692. Hassan El Arousy                        -21.675       4370. -128.043       1153. 26.527          0.  0.0          0.  0.0 
3693. Relja Fiser Dulic                        -21.691          0.  0.0       3636. -49.252          0.  0.0          0.  0.0 
3694. Ivo Werner                        -21.698        340. 76.602       4249. -133.67        467. 29.417          0.  0.0 
3695. Bruno Rosa                        -21.704       2039. 0.318          0.  0.0          0.  0.0          0.  0.0 
3696. Michael Mitchell                        -21.734       2229. -3.022          0.  0.0          0.  0.0          0.  0.0 
3697. Antoine Escoffier                        -21.741       4376. -130.917          0.  0.0          0.  0.0          0.  0.0 
3698. Juan Lugo                        -21.744       4224. -86.396          0.  0.0          0.  0.0          0.  0.0 
3699. Komlavi Loglo                        -21.753       2247. -3.454          0.  0.0          0.  0.0          0.  0.0 
3700. Roman Recarte                        -21.764       3528. -42.186       2298. -5.826          0.  0.0          0.  0.0 
3701. Shigeru Ota                        -21.776       3802. -53.088       3513. -44.791          0.  0.0          0.  0.0 
3702. Frederic Vitoux                        -21.777       1074. 29.733       3257. -33.132       1586. -34.574          0.  0.0 
3703. A Rolfe                         -21.78          0.  0.0          0.  0.0          0.  0.0        847. 18.454 
3704. Alexander Slabinsky                        -21.793          0.  0.0          0.  0.0          0.  0.0        579. 31.811 
3705. Diego Duran                        -21.794       1274. 25.0       4151. -93.878          0.  0.0          0.  0.0 
3706. Tau Po                        -21.806       2774. -21.573          0.  0.0          0.  0.0          0.  0.0 
3707. Douglas Palm                        -21.816       4364. -123.636       2836. -24.24       1104. -6.528       2426. -69.015 
3708. Serguei Tarasevitch                        -21.818       4149. -77.511          0.  0.0       1753. -49.446          0.  0.0 
3709. Thies Roepcke                        -21.823       3785. -52.156          0.  0.0        294. 49.275       1958. -27.615 
3710. Jack Mingjie Lin                        -21.823        215. 93.651          0.  0.0          0.  0.0          0.  0.0 
3711. Xavier Daufresne                        -21.843       3875. -57.141       4161. -96.594        417. 34.249          0.  0.0 
3712. Dennis Peschek                        -21.844          0.  0.0       3729. -54.798          0.  0.0          0.  0.0 
3713. Ken Kelleher                        -21.847       2705. -19.159          0.  0.0          0.  0.0          0.  0.0 
3714. Brent Haygarth                        -21.848       2869. -23.858          0.  0.0          0.  0.0          0.  0.0 
3715. Dan Bleckinger                        -21.876       2924. -25.0       3445. -41.309       1100. -6.27       1608. -17.667 
3716. B Johnston                        -21.883       2919. -25.0          0.  0.0          0.  0.0          0.  0.0 
3717. Luis Delgado                        -21.895        175. 101.774       1315. 23.188          0.  0.0          0.  0.0 
3718. Agustin Moreno                        -21.913       1626. 13.147        136. 106.45          5. 183.647        312. 59.485 
3719. R Gray                        -21.923       2792. -22.154          0.  0.0          0.  0.0          0.  0.0 
3720. Conor Niland                        -21.923        518. 61.47       3834. -61.617       1560. -31.458       2437. -70.008 
3721. Howard Humphries                        -21.949       3824. -53.993          0.  0.0          0.  0.0          0.  0.0 
3722. Alex Fairbanks                        -21.949          0.  0.0       2156. -2.414          0.  0.0          0.  0.0 
3723. Wael Zeidan                        -21.951          0.  0.0        723. 47.297          0.  0.0          0.  0.0 
3724. Sami Ghorbel                        -21.953       3594. -45.359          0.  0.0          0.  0.0          0.  0.0 
3725. Glen Chanceler                        -21.956          0.  0.0       2179. -3.173          0.  0.0          0.  0.0 
3726. Hiroki Kondo                        -21.972        748. 46.714          0.  0.0          0.  0.0          0.  0.0 
3727. Amir Milushev                        -22.007       3970. -63.272          0.  0.0          0.  0.0          0.  0.0 
3728. Vittaya Samrej                        -22.012       1287. 24.771       3706. -53.324          0.  0.0          0.  0.0 
3729. Peter Carlsson                        -22.019       4189. -81.968       1033. 31.348       1270. -20.125       1230. -0.432 
3730. Dennis Van Scheppingen                        -22.028       3390. -35.067        454. 65.439       1759. -49.818        593. 30.73 
3731. Philippe Lacombe                         -22.03          0.  0.0       2601. -17.086          0.  0.0          0.  0.0 
3732. Piero Demichelli                        -22.069          0.  0.0       2454. -11.036          0.  0.0          0.  0.0 
3733. Hendrick Sepp                        -22.072          0.  0.0       1444. 18.58          0.  0.0          0.  0.0 
3734. Abdul Rahman Ramlal                        -22.085          0.  0.0       2113. -1.796          0.  0.0          0.  0.0 
3735. Garth Haynes                        -22.088       4293. -99.225          0.  0.0          0.  0.0          0.  0.0 
3736. Gil Kovalski                        -22.103       3582. -44.9          0.  0.0          0.  0.0          0.  0.0 
3737. Pedro Loewe                        -22.112          0.  0.0       2620. -17.838          0.  0.0          0.  0.0 
3738. Jaime Salas                        -22.121          0.  0.0       2065. -0.943          0.  0.0          0.  0.0 
3739. Van Minh Duong                        -22.124          0.  0.0          0.  0.0          0.  0.0          0.  0.0 
3740. Steven Harley                        -22.125       4079. -70.616          0.  0.0          0.  0.0          0.  0.0 
3741. Gwinyai Chingoka                        -22.136       1929. 2.591          0.  0.0          0.  0.0          0.  0.0 
3742. Jerome Seguin                        -22.142       1576. 15.011       1467. 17.802          0.  0.0          0.  0.0 
3743. Sebastian Rieschick                        -22.149        875. 39.503       1409. 19.715          0.  0.0          0.  0.0 
3744. Toby Crabel                        -22.155          0.  0.0       2189. -3.28          0.  0.0          0.  0.0 
3745. Armando Vieira                        -22.172          0.  0.0          0.  0.0          0.  0.0       2054. -33.883 
3746. Mike Fishbach                        -22.202       3788. -52.275       3461. -42.276        530. 26.152       1218. -0.243 
3747. Ivano Cappelloni                        -22.228          0.  0.0        298. 81.198          0.  0.0          0.  0.0 
3748. Alejandro Pierola                        -22.238       1733. 8.231       1490. 16.975       1059. -4.26          0.  0.0 
3749. Thomas Dupre                        -22.261       2514. -12.005          0.  0.0          0.  0.0          0.  0.0 
3750. D Perensby                        -22.269          0.  0.0       3088. -26.969          0.  0.0          0.  0.0 
3751. Othman Al Anazi                        -22.317       3109. -26.104       1042. 30.897          0.  0.0          0.  0.0 
3752. Aziz Dougaz                        -22.321       4313. -103.447       1941. 1.687          0.  0.0          0.  0.0 
3753. Serge Dakessian                        -22.333          0.  0.0       2116. -1.796          0.  0.0          0.  0.0 
3754. Ron Barnes                        -22.348       2214. -2.561          0.  0.0          0.  0.0          0.  0.0 
3755. Marc Kimmich                        -22.348        223. 92.743          0.  0.0          0.  0.0          0.  0.0 
3756. Bohdan Ulihrach                        -22.387        688. 50.034       1558. 13.429        550. 25.13        621. 28.82 
3757. Jean Luc Cotard                        -22.403       3703. -48.542          0.  0.0          0.  0.0          0.  0.0 
3758. Jay Harvey                        -22.407       3426. -36.405          0.  0.0          0.  0.0          0.  0.0 
3759. Omar Urbinati                        -22.432          0.  0.0       1849. 3.583          0.  0.0          0.  0.0 
3760. Bill Wright                        -22.452          0.  0.0        928. 36.45          0.  0.0          0.  0.0 
3761. Siddharth Vishwakarma                         -22.46       2050. 0.119          0.  0.0          0.  0.0          0.  0.0 
3762. Vishal Uppal                        -22.467       1521. 16.855          0.  0.0          0.  0.0          0.  0.0 
3763. Joji Miyao                        -22.479       2460. -9.842          0.  0.0          0.  0.0          0.  0.0 
3764. King Thaxton                        -22.486          0.  0.0       2070. -1.007          0.  0.0          0.  0.0 
3765. Sergio Gomez Barrio                        -22.496          0.  0.0       3717. -54.104          0.  0.0          0.  0.0 
3766. Terry Sargeant                        -22.503          0.  0.0          0.  0.0          0.  0.0        799. 20.99 
3767. Alexander Ofori                        -22.512          0.  0.0       3011. -25.218          0.  0.0          0.  0.0 
3768. Jiri Medonos                        -22.517          0.  0.0       2882. -25.0          0.  0.0          0.  0.0 
3769. Joel Figueras                        -22.593          0.  0.0       3571. -47.247          0.  0.0          0.  0.0 
3770. Chuhan Wang                        -22.613       2793. -22.206          0.  0.0          0.  0.0          0.  0.0 
3771. Andrey Stepanov                        -22.619          0.  0.0          0.  0.0       1690. -45.133          0.  0.0 
3772. Graham Thompson                        -22.625          0.  0.0          0.  0.0          0.  0.0       1742. -23.692 
3773. Ian Perkin                        -22.643          0.  0.0          0.  0.0          0.  0.0        780. 21.985 
3774. Marco Antonio Rojas                        -22.644          0.  0.0       2975. -25.0          0.  0.0          0.  0.0 
3775. Osgar Ohoisin                        -22.651       4002. -64.767       1407. 19.745          0.  0.0          0.  0.0 
3776. George Rudman                        -22.654       2491. -11.108          0.  0.0          0.  0.0          0.  0.0 
3777. J Collins                        -22.664          0.  0.0          0.  0.0          0.  0.0        727. 24.484 
3778. David Seigel                        -22.671          0.  0.0       4116. -88.159          0.  0.0          0.  0.0 
3779. Ian Mckenzie                        -22.673          0.  0.0          0.  0.0          0.  0.0       1118. 2.39 
3780. Stefan Wauters                        -22.673          0.  0.0          0.  0.0       1023. -3.252          0.  0.0 
3781. Christian Weis                        -22.676       2435. -8.831          0.  0.0          0.  0.0          0.  0.0 
3782. Toshio Iwazawa                        -22.688          0.  0.0       2915. -25.0          0.  0.0          0.  0.0 
3783. Dominic Inglot                        -22.689       4037. -67.358          0.  0.0          0.  0.0          0.  0.0 
3784. Stephan Bienz                        -22.693       2495. -11.246          0.  0.0          0.  0.0          0.  0.0 
3785. Juan Sebastian Vivanco                          -22.7          0.  0.0       3996. -74.53          0.  0.0          0.  0.0 
3786. Peter Bertran                        -22.721       2860. -23.742          0.  0.0          0.  0.0          0.  0.0 
3787. Ezio Di Matteo                        -22.728       2548. -13.284       3404. -39.192       1594. -35.272       1471. -9.105 
3788. Lleyton Cronje                        -22.731          0.  0.0       2043. -0.434          0.  0.0          0.  0.0 
3789. Blake Strode                         -22.74       2310. -4.908          0.  0.0          0.  0.0          0.  0.0 
3790. Mikk Irdoja                         -22.77          0.  0.0       2363. -7.684          0.  0.0          0.  0.0 
3791. Ivan Mikysa                        -22.779          0.  0.0       2881. -25.0          0.  0.0          0.  0.0 
3792. Malcolm Elley                        -22.786       3517. -41.799          0.  0.0          0.  0.0          0.  0.0 
3793. Demetrios Leontis                        -22.786       3013. -25.0          0.  0.0          0.  0.0          0.  0.0 
3794. Jordi Mas                        -22.796          0.  0.0       3362. -37.554          0.  0.0          0.  0.0 
3795. Martin Carlstein                        -22.824       3933. -60.948          0.  0.0          0.  0.0          0.  0.0 
3796. Liu Shuhua                        -22.839          0.  0.0          0.  0.0        789. 9.225          0.  0.0 
3797. Abdulhamid Mubarak                        -22.842          0.  0.0       2042. -0.426          0.  0.0          0.  0.0 
3798. U Walsh                        -22.862       2170. -1.826          0.  0.0          0.  0.0          0.  0.0 
3799. Mauro Rezzonico                        -22.864          0.  0.0       1731. 7.06          0.  0.0          0.  0.0 
3800. Igor Chaldounov                        -22.874       2072. -0.113          0.  0.0          0.  0.0          0.  0.0 
3801. Antonio Garoni                        -22.878          0.  0.0       2874. -25.0          0.  0.0          0.  0.0 
3802. Malcolm Birch                        -22.882          0.  0.0       2698. -20.343          0.  0.0          0.  0.0 
3803. Marco Aurelio Nunez                        -22.882          0.  0.0       2337. -6.895          0.  0.0          0.  0.0 
3804. Clement Chidekh                        -22.893        657. 51.808          0.  0.0          0.  0.0          0.  0.0 
3805. Craig Edwards                        -22.904       3907. -59.457       4155. -94.914        355. 41.951       1774. -24.815 
3806. Roberto Maytin                        -22.906       3006. -25.0          0.  0.0          0.  0.0          0.  0.0 
3807. Lluis Miralles                        -22.909       2724. -19.851          0.  0.0          0.  0.0          0.  0.0 
3808. U Stebler                         -22.93          0.  0.0       2875. -25.0          0.  0.0          0.  0.0 
3809. David Vega Hernandez                        -22.937          0.  0.0       1787. 5.193          0.  0.0          0.  0.0 
3810. Brian Vahaly                        -22.949        499. 63.124       1662. 9.154          0.  0.0        607. 29.889 
3811. Jun Chao Xu                         -22.96       2732. -20.098          0.  0.0          0.  0.0          0.  0.0 
3812. Lars Poerschke                        -22.963       4259. -92.519          0.  0.0          0.  0.0          0.  0.0 
3813. John Lowman                        -22.972          0.  0.0          0.  0.0          0.  0.0          0.  0.0 
3814. David Luque Velasco                        -22.984          0.  0.0       2235. -4.275          0.  0.0          0.  0.0 
3815. Sergio Speciale                        -22.999       4020. -66.072          0.  0.0          0.  0.0          0.  0.0 
3816. Chris Wells                        -23.036          0.  0.0          0.  0.0          0.  0.0       1367. -4.543 
3817. Sid Ali Akkal                        -23.036          0.  0.0       1921. 2.122          0.  0.0          0.  0.0 
3818. Steve Kennedy                        -23.037       3841. -55.004          0.  0.0          0.  0.0          0.  0.0 
3819. Tom Lee                        -23.044       4211. -84.727          0.  0.0          0.  0.0          0.  0.0 
3820. Steve Rogul                        -23.069       3928. -60.598          0.  0.0          0.  0.0          0.  0.0 
3821. P Finn                        -23.071          0.  0.0          0.  0.0          0.  0.0       2298. -52.909 
3822. Arturs Lazdins                        -23.072        273. 84.568          0.  0.0          0.  0.0          0.  0.0 
3823. Aymeric Mara                        -23.098       1790. 6.206          0.  0.0          0.  0.0          0.  0.0 
3824. K Tsui                          -23.1       2837. -23.29          0.  0.0          0.  0.0          0.  0.0 
3825. Karim Fliss                        -23.104          0.  0.0       3888. -66.504          0.  0.0          0.  0.0 
3826. Egor Matvievici                        -23.107       2369. -6.688          0.  0.0          0.  0.0          0.  0.0 
3827. Davin Russell                        -23.129       2163. -1.796          0.  0.0          0.  0.0          0.  0.0 
3828. V Skacel                        -23.138          0.  0.0          0.  0.0          0.  0.0       1735. -23.467 
3829. Henry Somerville                        -23.152          0.  0.0          0.  0.0          0.  0.0        530. 36.844 
3830. Irakli Metreveli                        -23.155          0.  0.0          0.  0.0        986. -1.796          0.  0.0 
3831. Richard Kasten                        -23.178       1854. 4.344          0.  0.0          0.  0.0          0.  0.0 
3832. Massimo Ardinghi                        -23.181          0.  0.0        109. 113.257          0.  0.0          0.  0.0 
3833. Jong Woong Yoon                        -23.181       4332. -108.294          0.  0.0          0.  0.0          0.  0.0 
3834. Michael Venus                        -23.183       1766. 6.824       1550. 14.202          0.  0.0          0.  0.0 
3835. Mario Visconti                        -23.189          0.  0.0       3653. -50.41          0.  0.0          0.  0.0 
3836. B Renault                        -23.193       3476. -39.571          0.  0.0          0.  0.0          0.  0.0 
3837. Ching Lam                        -23.197       4335. -108.915          0.  0.0          0.  0.0          0.  0.0 
3838. Bud Guion                        -23.204       2915. -25.0          0.  0.0          0.  0.0          0.  0.0 
3839. Tyler Mayers                        -23.204       2988. -25.0          0.  0.0          0.  0.0          0.  0.0 
3840. Alexandru Andronachi                        -23.204          0.  0.0       2118. -1.796          0.  0.0          0.  0.0 
3841. Elvis Henry                        -23.204          0.  0.0       2120. -1.796          0.  0.0          0.  0.0 
3842. Jose Perdomo                        -23.205       4125. -75.503          0.  0.0          0.  0.0          0.  0.0 
3843. Vishal Punna                        -23.207          0.  0.0          0.  0.0       1689. -45.118          0.  0.0 
3844. Stefan Heckmanns                        -23.218          0.  0.0          0.  0.0          0.  0.0       1866. -25.0 
3845. Darren Kirk                        -23.246          0.  0.0          0.  0.0          0.  0.0       2185. -44.133 
3846. Adrian Menendez Maceiras                        -23.262       3076. -25.446       2452. -10.902          0.  0.0       2464. -74.792 
3847. J Adams                        -23.264          0.  0.0          0.  0.0          0.  0.0       2300. -53.108 
3848. D Sheal                         -23.27          0.  0.0          0.  0.0          0.  0.0       1416. -6.353 
3849. Joel Ostroff                        -23.277          0.  0.0       4269. -149.48          0.  0.0          0.  0.0 
3850. Harry Sheridan                        -23.281          0.  0.0          0.  0.0          0.  0.0       1166. 1.007 
3851. Graham Oliver                        -23.298          0.  0.0          0.  0.0          0.  0.0       1549. -13.553 
3852. Hee Sung Chung                        -23.309          0.  0.0          0.  0.0        709. 16.177          0.  0.0 
3853. Alexander Tavkhelidze                        -23.318          0.  0.0       2339. -6.912          0.  0.0          0.  0.0 
3854. Juan Carlos Andrade                        -23.333          0.  0.0       1087. 28.99          0.  0.0          0.  0.0 
3855. Lucky Candra Kurniawan                        -23.333       2840. -23.333          0.  0.0          0.  0.0          0.  0.0 
3856. Jack Cheng                        -23.343       3045. -25.0          0.  0.0          0.  0.0          0.  0.0 
3857. Aziz Avganov                        -23.349          0.  0.0       2209. -3.664          0.  0.0          0.  0.0 
3858. Dominic Pagon                        -23.349       3165. -27.064          0.  0.0          0.  0.0          0.  0.0 
3859. Ian Middleton                        -23.355          0.  0.0          0.  0.0          0.  0.0       1162. 1.162 
3860. Andres Molina                        -23.379          0.  0.0       3299. -34.632          0.  0.0          0.  0.0 
3861. Kosti Killa                         -23.38          0.  0.0          0.  0.0          0.  0.0       1360. -4.088 
3862. John Tidball                        -23.382       3683. -48.204          0.  0.0          0.  0.0          0.  0.0 
3863. Adrian Forberg Skogeng                        -23.393          0.  0.0       3654. -50.417          0.  0.0          0.  0.0 
3864. Shukry Moubarek                        -23.397          0.  0.0          0.  0.0          0.  0.0       1123. 2.223 
3865. Tony Palafox                        -23.398       2672. -17.885          0.  0.0          0.  0.0          0.  0.0 
3866. Julius Gotovskis                        -23.413          0.  0.0       4011. -75.683          0.  0.0          0.  0.0 
3867. Esteban Vallely                        -23.416          0.  0.0       3587. -47.614          0.  0.0          0.  0.0 
3868. Eric Jr. Olivarez                        -23.419          0.  0.0       2066. -0.945          0.  0.0          0.  0.0 
3869. Graham Silberman                        -23.435       4357. -116.999          0.  0.0          0.  0.0          0.  0.0 
3870. Hans Zollner                        -23.444          0.  0.0         47. 136.146          0.  0.0          0.  0.0 
3871. Gerardo Miceli                        -23.462          0.  0.0       2872. -25.0          0.  0.0          0.  0.0 
3872. Joseph Oyebog                        -23.467       2161. -1.796          0.  0.0          0.  0.0          0.  0.0 
3873. Nicolaas Scholtz                        -23.476       2816. -22.854       1544. 14.425          0.  0.0          0.  0.0 
3874. John Howarth                        -23.493          0.  0.0          0.  0.0          0.  0.0       2176. -43.126 
3875. Ismar Gorcic                        -23.511          0.  0.0       2768. -22.189          0.  0.0          0.  0.0 
3876. Goran Berglund                        -23.536          0.  0.0       3447. -41.36       1261. -19.39          0.  0.0 
3877. Spencer Newman                         -23.54       3978. -63.739          0.  0.0          0.  0.0          0.  0.0 
3878. Kenneth Hennep                        -23.597       3470. -39.312          0.  0.0          0.  0.0          0.  0.0 
3879. Myron Grunberg                        -23.597          0.  0.0          0.  0.0          0.  0.0       1478. -9.334 
3880. Leroy Tujeehut                        -23.602          0.  0.0          0.  0.0        984. -1.796          0.  0.0 
3881. Yanki Erel                        -23.607       4271. -94.265       3150. -28.834          0.  0.0          0.  0.0 
3882. G Mcvicar                        -23.638          0.  0.0          0.  0.0          0.  0.0       2233. -47.968 
3883. David Felgate                        -23.655       3977. -63.647          0.  0.0          0.  0.0          2. 221.73 
3884. Bjorn Wahlstrom                        -23.661       4010. -65.194          0.  0.0          0.  0.0          0.  0.0 
3885. Hayk Hakobyan                        -23.664          0.  0.0       2699. -20.376          0.  0.0          0.  0.0 
3886. Les Van Dorpie                        -23.665          0.  0.0       2409. -8.963          0.  0.0          0.  0.0 
3887. Hatem Debbeche                        -23.687       4227. -87.537          0.  0.0          0.  0.0          0.  0.0 
3888. Jasper Smit                        -23.702       3634. -46.616          0.  0.0          0.  0.0          0.  0.0 
3889. Dave George                         -23.71       3639. -46.776          0.  0.0          0.  0.0          0.  0.0 
3890. Alejandro Cortes                        -23.716       3103. -25.964       3196. -30.591       1850. -64.473       2285. -51.424 
3891. Bernard Balleret                        -23.717       2780. -21.651       3779. -58.621        944.  0.0          0.  0.0 
3892. Hsien Yin Peng                        -23.732       1582. 14.867          0.  0.0          0.  0.0          0.  0.0 
3893. Darius Florin Bragusi                         -23.74       4136. -76.685          0.  0.0          0.  0.0          0.  0.0 
3894. John Marks                        -23.746       1412. 21.251       1431. 19.009       1351. -23.807        471. 42.177 
3895. Charles Irie                        -23.752          0.  0.0       2054. -0.615          0.  0.0          0.  0.0 
3896. A Difrancesco                        -23.766          0.  0.0          0.  0.0          0.  0.0       2059. -34.085 
3897. Erik Chvojka                        -23.775        766. 45.815        479. 62.939          0.  0.0          0.  0.0 
3898. Dino Prizmic                        -23.794       1004. 32.279       3785. -58.785          0.  0.0          0.  0.0 
3899. Bob Levine                         -23.81          0.  0.0       1355. 21.799          0.  0.0          0.  0.0 
3900. Unknown Cimurri                        -23.943          0.  0.0       2481. -11.907          0.  0.0          0.  0.0 
3901. Satoshi Iwabuchi                        -23.955       4005. -64.845          0.  0.0        220. 61.571        373. 51.907 
3902. Holger Osinski                        -23.963          0.  0.0        886. 39.145          0.  0.0          0.  0.0 
3903. Pedro Cordeiro                        -23.965          0.  0.0       1999. 0.261       1011. -2.892       1457. -8.357 
3904. Daniel Michalski                        -23.983       3272. -30.231          0.  0.0          0.  0.0          0.  0.0 
3905. Andrew Mcgrath                        -24.005          0.  0.0          0.  0.0       1736. -48.204          0.  0.0 
3906. Ron Cornell                        -24.012          0.  0.0          0.  0.0          0.  0.0       2528. -87.392 
3907. Marcel Van Der Merwe                        -24.027       1886. 3.656          0.  0.0          0.  0.0          0.  0.0 
3908. Rohit Rajpal                        -24.029          0.  0.0       2114. -1.796          0.  0.0          0.  0.0 
3909. Adrians Zguns                        -24.035          0.  0.0       3455. -41.889        580. 25.0          0.  0.0 
3910. Robert Garmany                        -24.048       1386. 21.952       2825. -23.859          0.  0.0          0.  0.0 
3911. Bruno Schoenenberger                        -24.054          0.  0.0       4062. -81.547          0.  0.0          0.  0.0 
3912. Anas Fattar                        -24.065          0.  0.0       3185. -29.885          0.  0.0          0.  0.0 
3913. Conrad Johnson                        -24.074       3612. -45.948          0.  0.0          0.  0.0          0.  0.0 
3914. Andreas Maurer                        -24.076        423. 69.828       4224. -116.027        844. 5.333       1780. -24.945 
3915. Terje Persson                        -24.083          0.  0.0       3989. -74.168          0.  0.0          0.  0.0 
3916. Brian Copley                        -24.093        940. 35.431          0.  0.0          0.  0.0          0.  0.0 
3917. Selim Var                        -24.128          0.  0.0          0.  0.0          0.  0.0          0.  0.0 
3918. Jeff Coetzee                        -24.135          0.  0.0          0.  0.0       1686. -44.556        698. 25.075 
3919. Ron Holmberg                        -24.154       1760. 7.22        950. 35.245         77. 102.497        981. 9.672 
3920. David Salvador Estepa                        -24.155          0.  0.0       2772. -22.276          0.  0.0          0.  0.0 
3921. Malik Sanjaya Wijemanne                        -24.167          0.  0.0       3931. -69.432          0.  0.0          0.  0.0 
3922. Just Barth                        -24.178       1225. 25.202          0.  0.0          0.  0.0          0.  0.0 
3923. Rodrigo Faria                        -24.182          0.  0.0          0.  0.0       1407. -25.0          0.  0.0 
3924. Dick R Bohrnstedt                        -24.196         87. 124.218        364. 73.686       1774. -50.872        480. 41.59 
3925. Abdel Ghani                        -24.198          0.  0.0       3464. -42.413          0.  0.0          0.  0.0 
3926. Matteo Martineau                        -24.226       4128. -75.789          0.  0.0          0.  0.0       1460. -8.546 
3927. Alexander Merino                        -24.233          0.  0.0       2720. -20.973          0.  0.0          0.  0.0 
3928. Tomas Behrend                        -24.254       3751. -50.398       1946. 1.588        419. 34.188       1985. -29.043 
3929. Praful Ghatage                        -24.274          0.  0.0          0.  0.0          0.  0.0       2039. -32.513 
3930. Nejc Podkrajsek                        -24.274       2195. -2.172          0.  0.0          0.  0.0          0.  0.0 
3931. Ki Lung Ng                        -24.274       3708. -48.731          0.  0.0          0.  0.0          0.  0.0 
3932. Dennis Gibson                          -24.3          0.  0.0       4258. -138.719          0.  0.0          0.  0.0 
3933. Madhusudhan Nair                        -24.306       1597. 14.159          0.  0.0          0.  0.0          0.  0.0 
3934. Ragesh Batra                        -24.351       2604. -15.356          0.  0.0          0.  0.0          0.  0.0 
3935. H M Bond                        -24.365          0.  0.0          0.  0.0          0.  0.0       1374. -4.812 
3936. Andrew Burrow                        -24.368        435. 68.816       3873. -65.392          0.  0.0          0.  0.0 
3937. Sunny Liu                        -24.384       1228. 25.11          0.  0.0          0.  0.0       1732. -23.333 
3938. Miha Gregorc                         -24.39          0.  0.0        556. 56.651          0.  0.0          0.  0.0 
3939. Rihards Emulins                        -24.419          0.  0.0          0.  0.0       1999. -108.908          0.  0.0 
3940. Jeremy Bond                        -24.421          0.  0.0          0.  0.0          0.  0.0       2379. -63.135 
3941. Luis Javier Cuellar Contreras                        -24.442          0.  0.0       2971. -25.0          0.  0.0          0.  0.0 
3942. John Norgauer                        -24.451       3921. -60.049          0.  0.0          0.  0.0          0.  0.0 
3943. Rauty Krog                         -24.46          0.  0.0       3027. -25.583          0.  0.0          0.  0.0 
3944. Henrik Drzymalski                         -24.46          0.  0.0       4146. -93.396          0.  0.0          0.  0.0 
3945. Antal Van Der Duim                        -24.463       4383. -136.108          0.  0.0          0.  0.0          0.  0.0 
3946. K Casey                        -24.465       3363. -33.527          0.  0.0          0.  0.0          0.  0.0 
3947. Ruben Torres                        -24.467          0.  0.0       2596. -16.859          0.  0.0          0.  0.0 
3948. Jay Paulson                        -24.483          0.  0.0       1440. 18.702          0.  0.0          0.  0.0 
3949. Emil Reinberg                        -24.488       3722. -49.234          0.  0.0          0.  0.0          0.  0.0 
3950. Dennis Lajola                        -24.497       4056. -68.513          0.  0.0          0.  0.0          0.  0.0 
3951. Gustavo Ramirez                        -24.548        759. 46.3       2681. -19.925          0.  0.0          0.  0.0 
3952. Richard Akel                         -24.55       2606. -15.368          0.  0.0          0.  0.0          0.  0.0 
3953. Yuval Hirsch                        -24.558       2852. -23.544          0.  0.0          0.  0.0          0.  0.0 
3954. Lays Salim                        -24.566       3597. -45.498          0.  0.0          0.  0.0          0.  0.0 
3955. Christian Geyer                        -24.569        856. 40.633       2415. -9.049       1020. -3.144          0.  0.0 
3956. Peter Clarke                         -24.58          0.  0.0       2496. -12.388       1501. -27.073        127. 92.521 
3957. Esat Tanik                         -24.59       2171. -1.831          0.  0.0          0.  0.0          0.  0.0 
3958. Abdulrahman Alawadhi                        -24.607          0.  0.0       2303. -5.957          0.  0.0          0.  0.0 
3959. Toshiyuki Nakasawa                        -24.613          0.  0.0          0.  0.0          0.  0.0       1949. -27.212 
3960. Oskar Saarne                        -24.624          0.  0.0          0.  0.0       1438. -25.0          0.  0.0 
3961. Felipe Parada                        -24.625          0.  0.0       1690. 8.36          0.  0.0          0.  0.0 
3962. Milos Sekulic                        -24.631       3719. -49.167          0.  0.0          0.  0.0          0.  0.0 
3963. Kim Huat Khoo                        -24.642       1089. 29.3          0.  0.0          0.  0.0          0.  0.0 
3964. Joe Ragland                        -24.653          0.  0.0          0.  0.0          0.  0.0       1287. -1.796 
3965. Thehan Sanjaya Wijemanne                        -24.655          0.  0.0       1575. 12.743          0.  0.0          0.  0.0 
3966. Stephane Bonneau                        -24.661       4078. -70.475       3977. -73.34       1824. -59.343       2485. -78.871 
3967. Pavlos Mamasis                        -24.668          0.  0.0       3491. -43.769          0.  0.0          0.  0.0 
3968. Vicente Castano                        -24.696          0.  0.0       4201. -106.976          0.  0.0          0.  0.0 
3969. Nam Ju Bae                        -24.697          0.  0.0       1387. 20.4          0.  0.0          0.  0.0 
3970. Mark Darby                        -24.706          0.  0.0       1698. 7.994          0.  0.0          0.  0.0 
3971. L Cousins                        -24.717          0.  0.0          0.  0.0          0.  0.0       1977. -28.781 
3972. Andreas Haider Maurer                        -24.735       3289. -30.788        783. 44.554          0.  0.0         78. 109.834 
3973. Rob Kilderry                         -24.75          0.  0.0          0.  0.0          0.  0.0       1276. -1.657 
3974. Ashley Naumann                        -24.761       3798. -52.951          0.  0.0          0.  0.0          0.  0.0 
3975. Patrick Galbraith                        -24.765          0.  0.0          0.  0.0       1604. -36.382        190. 77.162 
3976. Bill Colson                        -24.769          0.  0.0          0.  0.0       1873. -67.877          0.  0.0 
3977. Harry Fauquier                        -24.776          0.  0.0       3494. -43.986         23. 132.157          0.  0.0 
3978. Buddy Gallagher                        -24.789       2231. -3.084          0.  0.0       1378. -25.0          0.  0.0 
3979. Patrick Platzer                        -24.794          0.  0.0       3215. -31.51          0.  0.0          0.  0.0 
3980. Pablo Gonzalez                        -24.796       1283. 24.837        986. 33.584        847. 4.994          0.  0.0 
3981. Tiago Godinho                        -24.836          0.  0.0          0.  0.0       1923. -77.627          0.  0.0 
3982. George Loffhagen                        -24.848          0.  0.0          0.  0.0          0.  0.0       2392. -64.106 
3983. Hector Moretti                        -24.867          0.  0.0       1608. 11.189          0.  0.0          0.  0.0 
3984. Dick Moffatt                        -24.878          0.  0.0       2322. -6.504          0.  0.0          0.  0.0 
3985. Johann Coles                        -24.883       2312. -4.995          0.  0.0          0.  0.0          0.  0.0 
3986. Pascal Genevo                        -24.887          0.  0.0          0.  0.0          0.  0.0          0.  0.0 
3987. Vadim Davletshin                        -24.887        959. 34.116          0.  0.0       1203. -15.353          0.  0.0 
3988. R P Tuck                        -24.888          0.  0.0          0.  0.0          0.  0.0       1813. -25.0 
3989. Christopher Wolff                        -24.889       2921. -25.0          0.  0.0          0.  0.0          0.  0.0 
3990. Duilio Vallebuona                        -24.892          0.  0.0       2135. -2.016          0.  0.0          0.  0.0 
3991. Rolando Zalameda                        -24.894          0.  0.0       3859. -63.924          0.  0.0          0.  0.0 
3992. Arne Georg Raabe                        -24.895          0.  0.0       3307. -34.957          0.  0.0          0.  0.0 
3993. Dmitrii Baskov                        -24.895       4269. -94.083          0.  0.0          0.  0.0          0.  0.0 
3994. Adam Anderson                        -24.916       4395. -155.63          0.  0.0          0.  0.0          0.  0.0 
3995. Ludovic Walter                        -24.932          0.  0.0          0.  0.0          0.  0.0       2200. -45.414 
3996. Petr Strobl                        -24.938          0.  0.0       2534. -14.827          0.  0.0          0.  0.0 
3997. Xavier Avila                        -24.948          0.  0.0       3157. -28.973          0.  0.0          0.  0.0 
3998. Keith Wooldridge                        -24.951          0.  0.0       2888. -25.0          0.  0.0          0.  0.0 
3999. Branko Djuric                        -24.955       3670. -47.902          0.  0.0          0.  0.0          0.  0.0 
4000. Barry Wratten                        -24.965       1813. 5.534          0.  0.0          0.  0.0          0.  0.0 
4001. Rohun Beven                        -24.971       3391. -35.082       2027. -0.22        378. 39.433       2582. -101.879 
4002. Issa Khodaei                        -24.997          0.  0.0        532. 58.616          0.  0.0          0.  0.0 
4003. B Sweeney                          -25.0          0.  0.0          0.  0.0          0.  0.0       1783. -25.0 
4004. T Grane                          -25.0          0.  0.0          0.  0.0          0.  0.0       1785. -25.0 
4005. J Williamson                          -25.0          0.  0.0          0.  0.0          0.  0.0       1786. -25.0 
4006. J Young                          -25.0          0.  0.0          0.  0.0          0.  0.0       1788. -25.0 
4007. J Drury Byrne                          -25.0          0.  0.0          0.  0.0          0.  0.0       1789. -25.0 
4008. C Ryan                          -25.0          0.  0.0          0.  0.0          0.  0.0       1790. -25.0 
4009. Lamar Roemer                          -25.0          0.  0.0          0.  0.0          0.  0.0       1792. -25.0 
4010. David Cantrell                          -25.0          0.  0.0          0.  0.0          0.  0.0       1794. -25.0 
4011. Alan Koth                          -25.0          0.  0.0          0.  0.0          0.  0.0       1796. -25.0 
4012. William Krulewitz                          -25.0          0.  0.0          0.  0.0          0.  0.0       1797. -25.0 
4013. V Rudj                          -25.0          0.  0.0          0.  0.0          0.  0.0       1798. -25.0 
4014. B L Jones                          -25.0          0.  0.0          0.  0.0          0.  0.0       1799. -25.0 
4015. D J Sheperd                          -25.0          0.  0.0          0.  0.0          0.  0.0       1800. -25.0 
4016. C Graham                          -25.0          0.  0.0          0.  0.0          0.  0.0       1801. -25.0 
4017. P D R Williams                          -25.0          0.  0.0          0.  0.0          0.  0.0       1802. -25.0 
4018. M M Griffiths                          -25.0          0.  0.0          0.  0.0          0.  0.0       1803. -25.0 
4019. A M Thomas                          -25.0          0.  0.0          0.  0.0          0.  0.0       1804. -25.0 
4020. B Mortoire                          -25.0          0.  0.0          0.  0.0          0.  0.0       1805. -25.0 
4021. T L Darcy                          -25.0          0.  0.0          0.  0.0          0.  0.0       1806. -25.0 
4022. J C Edwards                          -25.0          0.  0.0          0.  0.0          0.  0.0       1807. -25.0 
4023. A Jordan                          -25.0          0.  0.0          0.  0.0          0.  0.0       1808. -25.0 
4024. R S Edwards                          -25.0          0.  0.0          0.  0.0          0.  0.0       1809. -25.0 
4025. R Mortoire                          -25.0          0.  0.0          0.  0.0          0.  0.0       1810. -25.0 
4026. M S Palmer                          -25.0          0.  0.0          0.  0.0          0.  0.0       1811. -25.0 
4027. D B Huges                          -25.0          0.  0.0          0.  0.0          0.  0.0       1812. -25.0 
4028. B Morgan                          -25.0          0.  0.0          0.  0.0          0.  0.0       1814. -25.0 
4029. Fernando Demattei                          -25.0          0.  0.0       2870. -25.0          0.  0.0          0.  0.0 
4030. Carlos Romero                          -25.0          0.  0.0       2873. -25.0          0.  0.0          0.  0.0 
4031. Boris Breskvar                          -25.0       2920. -25.0          0.  0.0          0.  0.0          0.  0.0 
4032. Eddie Knol                          -25.0       2923. -25.0          0.  0.0          0.  0.0          0.  0.0 
4033. Alan Fawcett                          -25.0          0.  0.0          0.  0.0          0.  0.0       1816. -25.0 
4034. Jeffrey Jf Robinson                          -25.0          0.  0.0          0.  0.0          0.  0.0       1818. -25.0 
4035. K French                          -25.0          0.  0.0          0.  0.0          0.  0.0       1821. -25.0 
4036. R Lovell                          -25.0          0.  0.0          0.  0.0          0.  0.0       1824. -25.0 
4037. David Borelli                          -25.0       2926. -25.0          0.  0.0          0.  0.0          0.  0.0 
4038. S G Laing                          -25.0          0.  0.0          0.  0.0          0.  0.0       1831. -25.0 
4039. G R D Porteus                          -25.0          0.  0.0          0.  0.0          0.  0.0       1832. -25.0 
4040. R Frost                          -25.0          0.  0.0          0.  0.0          0.  0.0       1833. -25.0 
4041. J Lascelle                          -25.0          0.  0.0          0.  0.0          0.  0.0       1834. -25.0 
4042. K C Cook                          -25.0          0.  0.0          0.  0.0          0.  0.0       1835. -25.0 
4043. Epaminondas Argyriou                          -25.0          0.  0.0       2889. -25.0          0.  0.0          0.  0.0 
4044. Pedro Figar                          -25.0          0.  0.0       2890. -25.0          0.  0.0          0.  0.0 
4045. JL Cue                          -25.0          0.  0.0       2891. -25.0          0.  0.0          0.  0.0 
4046. Ramon Gallardo                          -25.0          0.  0.0       2892. -25.0          0.  0.0          0.  0.0 
4047. Jose Manuel Villota                          -25.0          0.  0.0       2893. -25.0          0.  0.0          0.  0.0 
4048. Luis Moreira                          -25.0          0.  0.0       2894. -25.0          0.  0.0          0.  0.0 
4049. Teodoro Gurrea                          -25.0          0.  0.0       2895. -25.0          0.  0.0          0.  0.0 
4050. Julian Olave                          -25.0          0.  0.0       2896. -25.0          0.  0.0          0.  0.0 
4051. Anthony Ensor                          -25.0          0.  0.0          0.  0.0          0.  0.0       1837. -25.0 
4052. Derek Pollock                          -25.0          0.  0.0          0.  0.0          0.  0.0       1838. -25.0 
4053. D Tomlinson                          -25.0       2928. -25.0          0.  0.0          0.  0.0          0.  0.0 
4054. John Bozas                          -25.0       2929. -25.0          0.  0.0          0.  0.0          0.  0.0 
4055. Michael Reynolds                          -25.0       2930. -25.0          0.  0.0          0.  0.0          0.  0.0 
4056. A Hill                          -25.0       2933. -25.0          0.  0.0          0.  0.0          0.  0.0 
4057. Anthony Billington                          -25.0       2934. -25.0          0.  0.0          0.  0.0          0.  0.0 
4058. Jan Botha                          -25.0       2935. -25.0          0.  0.0          0.  0.0          0.  0.0 
4059. Andre Makkink                          -25.0       2936. -25.0          0.  0.0          0.  0.0          0.  0.0 
4060. Unknown Vinti                          -25.0          0.  0.0       2899. -25.0          0.  0.0          0.  0.0 
4061. Massimo Pelosini                          -25.0          0.  0.0       2900. -25.0          0.  0.0          0.  0.0 
4062. Randall Verdieck                          -25.0          0.  0.0       2901. -25.0          0.  0.0          0.  0.0 
4063. Giuseppe Verri                          -25.0          0.  0.0       2902. -25.0          0.  0.0          0.  0.0 
4064. Unknown Terrade                          -25.0          0.  0.0       2903. -25.0          0.  0.0          0.  0.0 
4065. Jacky Wullur                          -25.0          0.  0.0          0.  0.0          0.  0.0          0.  0.0 
4066. Herbert Loerke                          -25.0          0.  0.0       2906. -25.0          0.  0.0          0.  0.0 
4067. Andreas Trenkle                          -25.0          0.  0.0       2907. -25.0          0.  0.0          0.  0.0 
4068. Joe Mesmer                          -25.0          0.  0.0          0.  0.0          0.  0.0       1843. -25.0 
4069. J Fannin                          -25.0          0.  0.0          0.  0.0          0.  0.0       1847. -25.0 
4070. N Gillasby                          -25.0          0.  0.0          0.  0.0          0.  0.0       1848. -25.0 
4071. R Beaver                          -25.0          0.  0.0          0.  0.0          0.  0.0       1849. -25.0 
4072. K Stevens                          -25.0          0.  0.0          0.  0.0          0.  0.0       1850. -25.0 
4073. Fazal Mahmoud                          -25.0          0.  0.0          0.  0.0          0.  0.0          0.  0.0 
4074. Bedri Baykam                          -25.0          0.  0.0          0.  0.0          0.  0.0          0.  0.0 
4075. Vartan Tetikbas                          -25.0          0.  0.0          0.  0.0          0.  0.0          0.  0.0 
4076. E Neemati                          -25.0          0.  0.0       2911. -25.0          0.  0.0          0.  0.0 
4077. Rodrigo Ramirez                          -25.0          0.  0.0          0.  0.0          0.  0.0          0.  0.0 
4078. Kristian Tammivuori                          -25.0       2948. -25.0          0.  0.0          0.  0.0          0.  0.0 
4079. Cevdet Cika                          -25.0          0.  0.0          0.  0.0          0.  0.0          0.  0.0 
4080. Keith Begley                          -25.0          0.  0.0          0.  0.0          0.  0.0       1855. -25.0 
4081. J Gordon                          -25.0          0.  0.0          0.  0.0          0.  0.0       1856. -25.0 
4082. Brett Hibbert                          -25.0       2950. -25.0          0.  0.0          0.  0.0          0.  0.0 
4083. Davn Santiago                          -25.0          0.  0.0          0.  0.0          0.  0.0       1857. -25.0 
4084. A Simcox                          -25.0          0.  0.0          0.  0.0          0.  0.0       1858. -25.0 
4085. Andrzej Wisnieski                          -25.0          0.  0.0          0.  0.0          0.  0.0          0.  0.0 
4086. Tokio Nishiwaki                          -25.0          0.  0.0       2916. -25.0          0.  0.0          0.  0.0 
4087. Yukihiko Murata                          -25.0          0.  0.0       2917. -25.0          0.  0.0          0.  0.0 
4088. Noriyuki Washida                          -25.0          0.  0.0       2918. -25.0          0.  0.0          0.  0.0 
4089. Teodor Batchev                          -25.0          0.  0.0          0.  0.0       1390. -25.0          0.  0.0 
4090. Wes Horskins                          -25.0          0.  0.0          0.  0.0          0.  0.0       1859. -25.0 
4091. Ikbel Hanachi                          -25.0          0.  0.0       2923. -25.0          0.  0.0          0.  0.0 
4092. Robert Crames                          -25.0       2953. -25.0          0.  0.0          0.  0.0          0.  0.0 
4093. M Arenzon                          -25.0       2954. -25.0          0.  0.0          0.  0.0          0.  0.0 
4094. Bruno Renoult                          -25.0       2956. -25.0          0.  0.0          0.  0.0          0.  0.0 
4095. Marian Lazarov                          -25.0          0.  0.0       2924. -25.0          0.  0.0          0.  0.0 
4096. Tomer Zimmerman                          -25.0       2960. -25.0          0.  0.0          0.  0.0          0.  0.0 
4097. Depeng Li                          -25.0       2961. -25.0          0.  0.0          0.  0.0          0.  0.0 
4098. Nael Zaki                          -25.0          0.  0.0       2928. -25.0          0.  0.0          0.  0.0 
4099. Sebastien Gerard                          -25.0          0.  0.0          0.  0.0       1398. -25.0          0.  0.0 
4100. Johan Alven                          -25.0          0.  0.0       2931. -25.0          0.  0.0          0.  0.0 
4101. Victor Lopez Moron                          -25.0          0.  0.0       2932. -25.0          0.  0.0          0.  0.0 
4102. Renald Etienne                          -25.0       2970. -25.0          0.  0.0          0.  0.0          0.  0.0 
4103. Mehdi Ben Ismail                          -25.0       2971. -25.0          0.  0.0          0.  0.0          0.  0.0 
4104. Eduardo Mandarino                          -25.0          0.  0.0       2934. -25.0          0.  0.0          0.  0.0 
4105. Eyad Shahadeh                          -25.0       2972. -25.0          0.  0.0          0.  0.0          0.  0.0 
4106. Peter Orwa                          -25.0          0.  0.0       2936. -25.0          0.  0.0          0.  0.0 
4107. Furat Hammadi                          -25.0       2973. -25.0          0.  0.0          0.  0.0          0.  0.0 
4108. Sean Cartwright                          -25.0          0.  0.0       2937. -25.0          0.  0.0          0.  0.0 
4109. Yuval Karutzi                          -25.0       2974. -25.0          0.  0.0          0.  0.0          0.  0.0 
4110. Saleh Bushnaq                          -25.0       2975. -25.0          0.  0.0          0.  0.0          0.  0.0 
4111. Derek Yong                          -25.0       2976. -25.0          0.  0.0          0.  0.0          0.  0.0 
4112. Pasi Virtanen                          -25.0          0.  0.0          0.  0.0       1411. -25.0          0.  0.0 
4113. Sebastien Hette                          -25.0       2980. -25.0          0.  0.0          0.  0.0          0.  0.0 
4114. Mohammed Mahmoudi                          -25.0          0.  0.0       2940. -25.0          0.  0.0          0.  0.0 
4115. Sofiane Rais Ali                          -25.0          0.  0.0          0.  0.0       1418. -25.0          0.  0.0 
4116. Yuan Xiong Hui                          -25.0          0.  0.0       2941. -25.0          0.  0.0          0.  0.0 
4117. Nortay Dowuona                          -25.0          0.  0.0       2942. -25.0          0.  0.0          0.  0.0 
4118. Sanjeev Tikaram                          -25.0          0.  0.0       2943. -25.0          0.  0.0          0.  0.0 
4119. Tomas Catar                          -25.0          0.  0.0       2944. -25.0          0.  0.0          0.  0.0 
4120. Juan Francisco Barragan                          -25.0          0.  0.0       2945. -25.0          0.  0.0          0.  0.0 
4121. Iman Nilipour                          -25.0          0.  0.0       2946. -25.0          0.  0.0          0.  0.0 
4122. Augusto Sanabria                          -25.0          0.  0.0       2950. -25.0          0.  0.0          0.  0.0 
4123. Victor Ribas                          -25.0          0.  0.0          0.  0.0       1423. -25.0          0.  0.0 
4124. Davit Babayan                          -25.0          0.  0.0          0.  0.0       1425. -25.0          0.  0.0 
4125. Yazan Al Kasim                          -25.0       2985. -25.0          0.  0.0          0.  0.0          0.  0.0 
4126. Samuel Fumi                          -25.0          0.  0.0       2955. -25.0          0.  0.0          0.  0.0 
4127. Joel Allen                          -25.0          0.  0.0       2959. -25.0          0.  0.0          0.  0.0 
4128. Mohammed Fawzy                          -25.0          0.  0.0          0.  0.0       1433. -25.0          0.  0.0 
4129. Thomas Drouet                          -25.0       2998. -25.0          0.  0.0          0.  0.0          0.  0.0 
4130. Sergio Ramirez                          -25.0          0.  0.0       2963. -25.0          0.  0.0          0.  0.0 
4131. Augusto Ricciardi Castelli                          -25.0          0.  0.0       2964. -25.0          0.  0.0          0.  0.0 
4132. Damian Patriarca                          -25.0          0.  0.0       2965. -25.0          0.  0.0          0.  0.0 
4133. Leonardo Ramirez                          -25.0          0.  0.0       2966. -25.0          0.  0.0          0.  0.0 
4134. Carlos Alvarez                          -25.0          0.  0.0       2970. -25.0          0.  0.0          0.  0.0 
4135. Mohammed Faizal Bin Othman                          -25.0       3004. -25.0          0.  0.0          0.  0.0          0.  0.0 
4136. Muhd Ashaari Bin Zinal Abidin                          -25.0       3005. -25.0          0.  0.0          0.  0.0          0.  0.0 
4137. Candy Idoko                          -25.0       3008. -25.0          0.  0.0          0.  0.0          0.  0.0 
4138. Jason Engelhardt                          -25.0       3009. -25.0          0.  0.0          0.  0.0          0.  0.0 
4139. Revaz Osadze                          -25.0          0.  0.0       2972. -25.0          0.  0.0          0.  0.0 
4140. Wan Gao                          -25.0       3011. -25.0          0.  0.0          0.  0.0          0.  0.0 
4141. Amaury Gomez                          -25.0          0.  0.0       2974. -25.0          0.  0.0          0.  0.0 
4142. Gino Meeuwsen                          -25.0       3014. -25.0          0.  0.0          0.  0.0          0.  0.0 
4143. Romain Radwan                          -25.0       3016. -25.0          0.  0.0          0.  0.0          0.  0.0 
4144. Jae Min Seol                          -25.0       3017. -25.0          0.  0.0          0.  0.0          0.  0.0 
4145. Carlos Taborga                          -25.0       3018. -25.0          0.  0.0          0.  0.0          0.  0.0 
4146. Tunde Segodo                          -25.0          0.  0.0       2977. -25.0          0.  0.0          0.  0.0 
4147. Nour Nehme                          -25.0       3021. -25.0          0.  0.0          0.  0.0          0.  0.0 
4148. Russell Moseley                          -25.0       3023. -25.0          0.  0.0          0.  0.0          0.  0.0 
4149. Giorgi Javakhishvili                          -25.0          0.  0.0          0.  0.0       1460. -25.0          0.  0.0 
4150. Sebastian Quiros                          -25.0       3025. -25.0          0.  0.0          0.  0.0          0.  0.0 
4151. Fred Simonsson                          -25.0          0.  0.0       2980. -25.0          0.  0.0          0.  0.0 
4152. Xavier Lawrence                          -25.0       3027. -25.0          0.  0.0          0.  0.0          0.  0.0 
4153. Julien Cagnina                          -25.0       3028. -25.0          0.  0.0          0.  0.0          0.  0.0 
4154. Roman Hassanov                          -25.0       3029. -25.0          0.  0.0          0.  0.0          0.  0.0 
4155. Peter August Anker                          -25.0       3030. -25.0          0.  0.0          0.  0.0          0.  0.0 
4156. Amir Hossein Badi                          -25.0       3031. -25.0          0.  0.0          0.  0.0          0.  0.0 
4157. Cheng Yu Yu                          -25.0       3032. -25.0          0.  0.0          0.  0.0          0.  0.0 
4158. Michel Saade                          -25.0       3033. -25.0          0.  0.0          0.  0.0          0.  0.0 
4159. Mark Chigaazira                          -25.0       3034. -25.0          0.  0.0          0.  0.0          0.  0.0 
4160. Soufiane El Mesbahi                          -25.0       3035. -25.0          0.  0.0          0.  0.0          0.  0.0 
4161. Yassir Kilani                          -25.0       3036. -25.0          0.  0.0          0.  0.0          0.  0.0 
4162. Gabriel Donev                          -25.0       3037. -25.0          0.  0.0          0.  0.0          0.  0.0 
4163. Nikoloz Davlianidze                          -25.0       3038. -25.0          0.  0.0          0.  0.0          0.  0.0 
4164. Kevin Cheruiyot                          -25.0       3039. -25.0          0.  0.0          0.  0.0          0.  0.0 
4165. Roey Tabet                          -25.0          0.  0.0       2984. -25.0          0.  0.0          0.  0.0 
4166. Thabo Ncube                          -25.0          0.  0.0       2986. -25.0          0.  0.0          0.  0.0 
4167. Siim Troost                          -25.0       3040. -25.0          0.  0.0          0.  0.0          0.  0.0 
4168. Jose  Flores                          -25.0          0.  0.0       2989. -25.0          0.  0.0          0.  0.0 
4169. Walid Ahouda                          -25.0       3041. -25.0          0.  0.0          0.  0.0          0.  0.0 
4170. Daniel Azar                          -25.0          0.  0.0       2990. -25.0          0.  0.0          0.  0.0 
4171. Jacob Bicknell                          -25.0          0.  0.0          0.  0.0          0.  0.0          0.  0.0 
4172. Devin Badenhorst                          -25.0          0.  0.0          0.  0.0          0.  0.0          0.  0.0 
4173. Min Kyu Song                          -25.0       3042. -25.0          0.  0.0          0.  0.0          0.  0.0 
4174. Thanapet Chanta                          -25.0          0.  0.0       2996. -25.0          0.  0.0          0.  0.0 
4175. Kwok Shun Dasson Chan                          -25.0       3049. -25.0          0.  0.0          0.  0.0          0.  0.0 
4176. Daniele Balducci                        -25.001          0.  0.0       2537. -14.844          0.  0.0          0.  0.0 
4177. Jorge Lemann                        -25.005          0.  0.0        770. 45.094          0.  0.0          0.  0.0 
4178. Daniel Omaboe                        -25.026        915. 37.043       1573. 12.801          0.  0.0          0.  0.0 
4179. Alessandro Camarco                        -25.029          0.  0.0       2960. -25.0          0.  0.0          0.  0.0 
4180. R Carter                        -25.046          0.  0.0          0.  0.0          0.  0.0       1852. -25.0 
4181. Rameez Junaid                        -25.051       3228. -28.85          0.  0.0          0.  0.0       1598. -17.311 
4182. Juan Carlos Gonzalez                        -25.065          0.  0.0       3442. -41.209          0.  0.0          0.  0.0 
4183. Perry Wright                        -25.066         43. 147.256          0.  0.0          0.  0.0       1844. -25.0 
4184. Rudiger Haas                        -25.073          0.  0.0       4054. -80.216       1219. -17.033          0.  0.0 
4185. Barry Brown                        -25.074          0.  0.0          0.  0.0          0.  0.0        923. 12.967 
4186. Luca Preda                        -25.077       1506. 17.694          0.  0.0          0.  0.0          0.  0.0 
4187. John Stefanki                        -25.081          0.  0.0          0.  0.0       1374. -25.0          0.  0.0 
4188. Khalid Hussain Fitiani                        -25.109       2006. 0.85          0.  0.0          0.  0.0          0.  0.0 
4189. Phillip Simmonds                        -25.111       3457. -38.669          0.  0.0          0.  0.0          0.  0.0 
4190. Maurice Pollock                        -25.129          0.  0.0          0.  0.0          0.  0.0       2214. -46.537 
4191. Lex Wood                        -25.135          0.  0.0        544. 57.724          0.  0.0          0.  0.0 
4192. Christian Hill                         -25.14       4274. -94.639          0.  0.0          0.  0.0          0.  0.0 
4193. A Hernandez                        -25.151          0.  0.0       2059. -0.803          0.  0.0          0.  0.0 
4194. Tino Anda                        -25.155          0.  0.0          0.  0.0       1870. -67.595          0.  0.0 
4195. Frederick Sundsten                        -25.167       4174. -80.325          0.  0.0          0.  0.0          0.  0.0 
4196. Hal Gorman                        -25.186          0.  0.0          0.  0.0          0.  0.0       1853. -25.0 
4197. Vasilly Kazhera                        -25.186          0.  0.0          0.  0.0       1905. -72.817          0.  0.0 
4198. Kevin Mccollum                        -25.192       2678. -18.226          0.  0.0          0.  0.0          0.  0.0 
4199. William Mcgehee                        -25.194          0.  0.0          0.  0.0       1385. -25.0          0.  0.0 
4200. Andrew Carlson                        -25.202       3871. -57.049          0.  0.0          0.  0.0          0.  0.0 
4201. Tertius Reynders                        -25.204       3374. -34.087          0.  0.0          0.  0.0          0.  0.0 
4202. Homer Shoop                        -25.207          0.  0.0        381. 72.177          0.  0.0          0.  0.0 
4203. B Wheadley                        -25.209          0.  0.0          0.  0.0          0.  0.0        582. 31.425 
4204. Jose Antonio Velazquez                        -25.229          0.  0.0       1292. 23.862          0.  0.0          0.  0.0 
4205. Sebastian Arcila                        -25.237       1588. 14.676          0.  0.0          0.  0.0          0.  0.0 
4206. Melvin Tong                        -25.241       1450. 19.79       3646. -50.0        264. 52.154          0.  0.0 
4207. Markus Kerner                        -25.248          0.  0.0       2978. -25.0          0.  0.0          0.  0.0 
4208. Gaurav Natekar                         -25.26          0.  0.0          0.  0.0          0.  0.0       1106. 3.006 
4209. Mark Long                        -25.263       3672. -47.928          0.  0.0          0.  0.0          0.  0.0 
4210. Yuichi Ito                        -25.268       2556. -13.429          0.  0.0          0.  0.0          0.  0.0 
4211. Gisle Pedersen Jentoft                        -25.273          0.  0.0       1385. 20.557          0.  0.0          0.  0.0 
4212. Christian Pieper                        -25.294          0.  0.0       3485. -43.409          0.  0.0          0.  0.0 
4213. Greg Ewansky                        -25.301          0.  0.0          0.  0.0          0.  0.0       2270. -50.413 
4214. Goran Popov                        -25.306          0.  0.0       3620. -48.643          0.  0.0          0.  0.0 
4215. Harry Turnbull                        -25.337       2285. -4.239          0.  0.0          0.  0.0       1325. -2.674 
4216. Dainis Riekstins                        -25.339       2571. -14.407          0.  0.0          0.  0.0          0.  0.0 
4217. Patricio Alvarado                        -25.365          0.  0.0       1551. 14.177          0.  0.0          0.  0.0 
4218. Henry Searle                        -25.381          0.  0.0          0.  0.0          0.  0.0       1605. -17.485 
4219. Sebastien Vidal                        -25.384       3618. -46.087          0.  0.0          0.  0.0          0.  0.0 
4220. Cesar Escobar Serrano                        -25.406       3848. -55.256          0.  0.0          0.  0.0          0.  0.0 
4221. Ian Aler                        -25.408       2600. -15.179          0.  0.0          0.  0.0          0.  0.0 
4222. Jeff Brown                        -25.412       2943. -25.0          0.  0.0          0.  0.0          0.  0.0 
4223. Jose Schmidt                        -25.419          0.  0.0          0.  0.0       1381. -25.0          0.  0.0 
4224. Karim Mohamed Maamoun                         -25.42       4265. -93.57       1305. 23.454          0.  0.0          0.  0.0 
4225. G Irshai                        -25.433       2016. 0.679          0.  0.0          0.  0.0          0.  0.0 
4226. Maxime Koffi                        -25.443       2986. -25.0          0.  0.0          0.  0.0          0.  0.0 
4227. Hans Fredborg                        -25.445       2966. -25.0          0.  0.0          0.  0.0          0.  0.0 
4228. Seong Chan Hong                        -25.451       1565. 15.366       2359. -7.566          0.  0.0       2376. -62.821 
4229. Peter Gerads                        -25.463          0.  0.0       1540. 14.685          0.  0.0          0.  0.0 
4230. G Donald                        -25.474          0.  0.0          0.  0.0          0.  0.0        891. 15.75 
4231. Gustav Reinach                         -25.48       4130. -76.228          0.  0.0          0.  0.0          0.  0.0 
4232. Sheppard Mojanaga                        -25.481       2536. -12.696          0.  0.0          0.  0.0          0.  0.0 
4233. J Plain                        -25.493          0.  0.0          0.  0.0          0.  0.0       1653. -20.029 
4234. O Escribano                        -25.497          0.  0.0       1747. 6.525          0.  0.0          0.  0.0 
4235. M J R Hales                        -25.501          0.  0.0          0.  0.0          0.  0.0       1529. -12.374 
4236. Ricky Diaz                        -25.504       3370. -33.804          0.  0.0          0.  0.0          0.  0.0 
4237. Igor Tchelychev                        -25.529          0.  0.0          0.  0.0        400. 36.107          0.  0.0 
4238. Ron Dutton                        -25.555       2952. -25.0          0.  0.0          0.  0.0          0.  0.0 
4239. Dennis Hayes                         -25.58       2931. -25.0          0.  0.0          0.  0.0          0.  0.0 
4240. J Jetson                        -25.583          0.  0.0          0.  0.0          0.  0.0       1288. -1.796 
4241. Sunil Kumar                        -25.592       4153. -77.862          0.  0.0          0.  0.0          0.  0.0 
4242. Peter Bahr                        -25.596          0.  0.0       3886. -66.283          0.  0.0          0.  0.0 
4243. Rainer Falenti                        -25.596          0.  0.0        987. 33.549          0.  0.0          0.  0.0 
4244. Tom Mozur                        -25.598       3135. -26.551       3730. -54.828          0.  0.0       1793. -25.0 
4245. Unknown Stern                        -25.603       2806. -22.657          0.  0.0          0.  0.0          0.  0.0 
4246. Jamal Darmadi                        -25.606       4043. -67.762          0.  0.0          0.  0.0          0.  0.0 
4247. Milan Vopicka                        -25.613          0.  0.0       2771. -22.273          0.  0.0          0.  0.0 
4248. F Wrathrall                        -25.615          0.  0.0          0.  0.0          0.  0.0       2077. -35.147 
4249. Abdul Hamid Makhkamov                        -25.633       2573. -14.44          0.  0.0          0.  0.0          0.  0.0 
4250. Yat Lung Ma                        -25.646          0.  0.0          0.  0.0          0.  0.0          0.  0.0 
4251. U Thomas                         -25.65          0.  0.0          0.  0.0          0.  0.0       1842. -25.0 
4252. Ahmet Gencsoy                        -25.661          0.  0.0          0.  0.0          0.  0.0          0.  0.0 
4253. Igor Levine                        -25.671       2258. -3.602          0.  0.0          0.  0.0          0.  0.0 
4254. Chang Rung Wu                        -25.679       3709. -48.743       2093. -1.478       1028. -3.431        704. 25.0 
4255. Kossi Loglo                        -25.685        797. 43.873       2947. -25.0          0.  0.0          0.  0.0 
4256. Darko Bojanovic                        -25.685       3154. -26.847          0.  0.0          0.  0.0          0.  0.0 
4257. Steve Devries                        -25.698        815. 42.461       3495. -44.149       1162. -11.534       2301. -53.125 
4258. R Vasselin                        -25.717       2947. -25.0          0.  0.0          0.  0.0          0.  0.0 
4259. R Kaplan                        -25.725          0.  0.0          0.  0.0          0.  0.0       1244. -0.823 
4260. Peter Wilson                        -25.726       2180. -1.956          0.  0.0          0.  0.0          0.  0.0 
4261. Dick Moody                        -25.733          0.  0.0       1796. 4.942          0.  0.0        418. 47.404 
4262. Christian Saravia                        -25.742          0.  0.0       3015. -25.292          0.  0.0          0.  0.0 
4263. Daniel Glancy                        -25.743       1284. 24.836          0.  0.0          0.  0.0          0.  0.0 
4264. Hans Priller                        -25.756          0.  0.0       3167. -29.318          0.  0.0          0.  0.0 
4265. Sebastian Soresini                        -25.757          0.  0.0       3724. -54.538        723. 14.959          0.  0.0 
4266. Mario Carnevale                        -25.759          0.  0.0       3853. -63.495          0.  0.0          0.  0.0 
4267. R Kiesling                        -25.775          0.  0.0       2142. -2.19          0.  0.0          0.  0.0 
4268. Enrique Andrade                        -25.779          0.  0.0          0.  0.0          0.  0.0          0.  0.0 
4269. Alejandro Mendoza                         -25.78          0.  0.0       3481. -43.286          0.  0.0          0.  0.0 
4270. Oscar Rene Cruz                        -25.788          0.  0.0       3483. -43.355          0.  0.0          0.  0.0 
4271. Wei Jen Cheng                        -25.798       1752. 7.705       1216. 25.0        564. 25.0       1253. -1.042 
4272. Ivan Camus                        -25.805          0.  0.0       1798. 4.931          0.  0.0          0.  0.0 
4273. G Kenway                         -25.83          0.  0.0          0.  0.0          0.  0.0       2483. -78.534 
4274. Walter Barahona                        -25.832       3486. -40.04          0.  0.0          0.  0.0          0.  0.0 
4275. Hans Rusli                        -25.838          0.  0.0          0.  0.0          0.  0.0          0.  0.0 
4276. Gabor Jaross                        -25.843       2989. -25.0          0.  0.0          0.  0.0          0.  0.0 
4277. E Youatt                        -25.851          0.  0.0          0.  0.0          0.  0.0       1500. -11.091 
4278. Greg Muller                        -25.865        286. 82.598          0.  0.0          0.  0.0          0.  0.0 
4279. Nikola Mektic                        -25.871       3893. -58.583       2820. -23.686          0.  0.0          0.  0.0 
4280. Pablo Bianchi                        -25.879          0.  0.0       1812. 4.56          0.  0.0          0.  0.0 
4281. J Frederick                        -25.884          0.  0.0          0.  0.0          0.  0.0        309. 59.668 
4282. Shendrit Deari                        -25.913       3057. -25.165          0.  0.0          0.  0.0          0.  0.0 
4283. John Burrman                        -25.928          0.  0.0          0.  0.0          0.  0.0       2240. -48.204 
4284. Luka Mikrut                        -25.938          0.  0.0       2376. -8.027          0.  0.0          0.  0.0 
4285. Ricardo Bernd                        -25.959          0.  0.0          0.  0.0          0.  0.0          0.  0.0 
4286. Eric Baer                         -25.96          0.  0.0          0.  0.0          0.  0.0       1580. -15.957 
4287. Ruben Gajardo                         -25.97          0.  0.0        123. 108.701          0.  0.0          0.  0.0 
4288. Ilan Sher                        -25.996       3614. -45.964          0.  0.0          0.  0.0          0.  0.0 
4289. Widyo Tetuko                        -25.998          0.  0.0          0.  0.0          0.  0.0          0.  0.0 
4290. John Molin                         -26.01       2696. -18.616          0.  0.0          0.  0.0          0.  0.0 
4291. Noureddine Mahmoudi                        -26.016       2331. -5.509          0.  0.0          0.  0.0          0.  0.0 
4292. Mensah Gbeboume                        -26.034          0.  0.0          0.  0.0       1404. -25.0          0.  0.0 
4293. Stephen Botfield                        -26.035          0.  0.0          0.  0.0          0.  0.0       1156. 1.257 
4294. Enzo Couacaud                        -26.037       3232. -28.924       1055. 30.349          0.  0.0        979. 9.774 
4295. F Kolik                        -26.047          0.  0.0       3216. -31.567          0.  0.0          0.  0.0 
4296. H Hsu                        -26.049          0.  0.0          0.  0.0       1386. -25.0          0.  0.0 
4297. Phuong Van Nguyen                        -26.049          0.  0.0       1717. 7.375          0.  0.0          0.  0.0 
4298. Alvaro Pena                        -26.058          0.  0.0       3862. -64.284          0.  0.0          0.  0.0 
4299. U Savoldelli                        -26.059          0.  0.0       1592. 11.95          0.  0.0          0.  0.0 
4300. Patrick Flynn                        -26.062          0.  0.0          0.  0.0       1658. -41.401          0.  0.0 
4301. Koko Kunkel                        -26.067       3723. -49.262          0.  0.0          0.  0.0          0.  0.0 
4302. Anthony Navarrosa                        -26.074          0.  0.0       2933. -25.0          0.  0.0          0.  0.0 
4303. Henry So                        -26.121       3714. -48.977          0.  0.0          0.  0.0          0.  0.0 
4304. Otavio Della                        -26.139       3198. -27.933          0.  0.0          0.  0.0          0.  0.0 
4305. Doug Rees                        -26.145          0.  0.0          0.  0.0          0.  0.0       2229. -47.639 
4306. Hector Ortiz                        -26.145       3610. -45.932          0.  0.0          0.  0.0          0.  0.0 
4307. Claudio Dias Conduto                        -26.152          0.  0.0       3130. -28.02          0.  0.0          0.  0.0 
4308. Guillermo Minutella                        -26.164          0.  0.0       2096. -1.517          0.  0.0          0.  0.0 
4309. Brendan O'Shea                        -26.174          0.  0.0          0.  0.0          0.  0.0       2000. -29.638 
4310. Pavel Chekhov                        -26.178          0.  0.0          0.  0.0       1009. -2.777          0.  0.0 
4311. A Moscoso                        -26.196       3874. -57.134          0.  0.0          0.  0.0          0.  0.0 
4312. D Carter                        -26.198          0.  0.0          0.  0.0          0.  0.0       1819. -25.0 
4313. Martin Stringari                        -26.198        949. 34.603       3712. -53.625          0.  0.0          0.  0.0 
4314. Royce Deppe                         -26.22       4155. -77.953          0.  0.0          0.  0.0          0.  0.0 
4315. Fritz Don                        -26.231          0.  0.0        643. 51.557          0.  0.0          0.  0.0 
4316. Ricardo Omana                        -26.231       4291. -98.684          0.  0.0          0.  0.0          0.  0.0 
4317. A Saywell                        -26.235          0.  0.0          0.  0.0          0.  0.0       1775. -24.816 
4318. Mohammed Nazreen Fuzi Nasruddin                        -26.249       3197. -27.93          0.  0.0          0.  0.0          0.  0.0 
4319. Yoshimito Miyashita                        -26.258          0.  0.0          0.  0.0          0.  0.0          0.  0.0 
4320. Dave Hill                        -26.267          0.  0.0       2832. -24.101          0.  0.0          0.  0.0 
4321. Christopher Kas                        -26.268        378. 73.896         19. 155.867          0.  0.0          0.  0.0 
4322. Pedro Rebolledo                         -26.27          1. 219.173       3926. -69.029       1350. -23.806       2157. -41.82 
4323. Andres Molteni                         -26.27          0.  0.0       2737. -21.363          0.  0.0          0.  0.0 
4324. Butch Kirkorian                        -26.278       3638. -46.767          0.  0.0          0.  0.0          0.  0.0 
4325. Carlos Chavez                        -26.286       4009. -65.191          0.  0.0          0.  0.0          0.  0.0 
4326. Eddy Gonzalez Gonzalez                        -26.293       4183. -81.011          0.  0.0          0.  0.0          0.  0.0 
4327. Antonio Domenech                        -26.295          0.  0.0       2653. -18.906          0.  0.0          0.  0.0 
4328. Marius Tangen                        -26.321          0.  0.0          0.  0.0       1692. -45.246          0.  0.0 
4329. Nestor Grammatica                        -26.325          0.  0.0          0.  0.0          0.  0.0        139. 89.948 
4330. Mahmoud Nader Al Baloushi                        -26.353        210. 94.828          0.  0.0          0.  0.0          0.  0.0 
4331. Ee Wei Tan                        -26.363       1116. 28.502          0.  0.0          0.  0.0          0.  0.0 
4332. U Pickthall                        -26.367          0.  0.0          0.  0.0          0.  0.0       1425. -6.907 
4333. Ken Jorgenson                        -26.371          0.  0.0          0.  0.0          0.  0.0       1886. -25.131 
4334. Alex Zakharia                        -26.374       2736. -20.17          0.  0.0          0.  0.0          0.  0.0 
4335. Minjong Park                        -26.395          0.  0.0          0.  0.0          0.  0.0       1880. -25.0 
4336. Rick Chase                        -26.397          0.  0.0       4154. -94.787          0.  0.0          0.  0.0 
4337. Karim Zaher                        -26.405          0.  0.0       1187. 25.449          0.  0.0          0.  0.0 
4338. Ivan Cerovic                        -26.406          0.  0.0       2352. -7.313          0.  0.0          0.  0.0 
4339. A El Ghani                        -26.422          0.  0.0       2003. 0.19          0.  0.0          0.  0.0 
4340. Peter Holenstein                        -26.424          0.  0.0       2879. -25.0          0.  0.0          0.  0.0 
4341. Craig Campbell                        -26.424       1811. 5.584       1574. 12.767        447. 30.852          0.  0.0 
4342. Bill Joiner                        -26.427          0.  0.0          0.  0.0          0.  0.0       1823. -25.0 
4343. Francois Synnaeghal                        -26.437       4330. -107.123          0.  0.0          0.  0.0          0.  0.0 
4344. Luis Carlos Enck                        -26.464          0.  0.0       3201. -30.866          0.  0.0          0.  0.0 
4345. Mario Laborde                        -26.472          0.  0.0       3603. -48.204          0.  0.0          0.  0.0 
4346. Bonit Wiryawan                        -26.475       2239. -3.315        865. 40.197       1040. -3.573       2490. -79.774 
4347. Rafael Moreno                        -26.503       2238. -3.313       1382. 20.667          0.  0.0          0.  0.0 
4348. Larry Dodge                        -26.516       3922. -60.136          0.  0.0          0.  0.0          0.  0.0 
4349. Matteo Trevisan                        -26.519          0.  0.0       4010. -75.647          0.  0.0          0.  0.0 
4350. Paul Spengler                         -26.52          0.  0.0          0.  0.0          0.  0.0       1827. -25.0 
4351. Mike Hatfield                        -26.529          0.  0.0       2184. -3.226          0.  0.0          0.  0.0 
4352. H Brenner                        -26.542          0.  0.0       3741. -55.51          0.  0.0          0.  0.0 
4353. Guido Possamai                        -26.546          0.  0.0          0.  0.0        867. 3.192          0.  0.0 
4354. Martin Rmus                        -26.549          0.  0.0          0.  0.0          0.  0.0       1875. -25.0 
4355. Nick Lee                        -26.554          0.  0.0          0.  0.0          0.  0.0       1344. -3.319 
4356. Lucas Andriamasilalao                        -26.572       4116. -74.986          0.  0.0          0.  0.0          0.  0.0 
4357. Mads Gottlieb                        -26.576          0.  0.0          0.  0.0       1979. -97.534          0.  0.0 
4358. Jerry Williams                        -26.581       1410. 21.308          0.  0.0          0.  0.0          0.  0.0 
4359. Blas Gonzalez                        -26.582          0.  0.0       3549. -46.342          0.  0.0          0.  0.0 
4360. Piet Veentjer                        -26.584       3681. -48.204          0.  0.0          0.  0.0          0.  0.0 
4361. Edgars Manusis                        -26.587       1720. 8.624          0.  0.0          0.  0.0          0.  0.0 
4362. Carlos Suero                        -26.593          0.  0.0          0.  0.0          0.  0.0          0.  0.0 
4363. Jeremie Malan                        -26.594       2798. -22.344          0.  0.0          0.  0.0          0.  0.0 
4364. Jesus Colas                        -26.597          0.  0.0       3468. -42.631          0.  0.0          0.  0.0 
4365. Antoine Breikeh                        -26.601          0.  0.0       1566. 12.966          0.  0.0          0.  0.0 
4366. Peter Macdonald                        -26.615          0.  0.0       2919. -25.0          0.  0.0          0.  0.0 
4367. Phivos Zachariades                        -26.615          0.  0.0       4187. -102.988          0.  0.0          0.  0.0 
4368. Lee Steele                        -26.619          0.  0.0       4053. -80.196          0.  0.0          0.  0.0 
4369. P Gorostiaga                        -26.619          0.  0.0       2198. -3.503          0.  0.0          0.  0.0 
4370. Rob Cadwaller                         -26.63       1830. 5.055          0.  0.0          0.  0.0          0.  0.0 
4371. Alvaro Garron                        -26.632          0.  0.0       1599. 11.441          0.  0.0          0.  0.0 
4372. R N Faulkner                        -26.633          0.  0.0          0.  0.0          0.  0.0       2499. -81.355 
4373. Matt Anger                        -26.634       3497. -40.401       2334. -6.831        767. 10.584        318. 58.742 
4374. Rauno Suominen                        -26.637          0.  0.0       4113. -87.732          0.  0.0          0.  0.0 
4375. P Frymann                         -26.66          0.  0.0          0.  0.0          0.  0.0       1820. -25.0 
4376. Andre Lopes                         -26.66       3971. -63.286          0.  0.0          0.  0.0          0.  0.0 
4377. Raul Garcia                        -26.663          0.  0.0          0.  0.0          0.  0.0          0.  0.0 
4378. Antonio Veic                        -26.666       3774. -51.31        143. 105.059          0.  0.0          0.  0.0 
4379. A Webb                        -26.667          0.  0.0          0.  0.0          0.  0.0       1928. -26.667 
4380. Marwan Zewar                        -26.667          0.  0.0          0.  0.0       1421. -25.0          0.  0.0 
4381. Ian C Vermaak                         -26.67       2917. -25.0          0.  0.0          0.  0.0          0.  0.0 
4382. S Saggoni                         -26.67          0.  0.0       3125. -27.872          0.  0.0          0.  0.0 
4383. M Harrison                        -26.672          0.  0.0          0.  0.0          0.  0.0       1892. -25.228 
4384. R Pinchin                        -26.682          0.  0.0          0.  0.0          0.  0.0       1825. -25.0 
4385. Mikhail Biryukov                        -26.688        818. 42.352          0.  0.0          0.  0.0          0.  0.0 
4386. R Speeny                        -26.695       3616. -46.074          0.  0.0          0.  0.0          0.  0.0 
4387. Richard Thompson                        -26.705       2041. 0.304          0.  0.0          0.  0.0          0.  0.0 
4388. A H Davies                        -26.709          0.  0.0          0.  0.0          0.  0.0       1899. -25.46 
4389. Bobby Siska                        -26.712       3570. -44.378          0.  0.0         95. 93.999          0.  0.0 
4390. J A Underwood                        -26.716          0.  0.0          0.  0.0          0.  0.0       2238. -48.204 
4391. Larry Cousins                        -26.724       3142. -26.667          0.  0.0          0.  0.0          0.  0.0 
4392. Andrei Soltoianu                        -26.738       2211. -2.503          0.  0.0          0.  0.0          0.  0.0 
4393. Marek Marksoo                        -26.743       3257. -29.593          0.  0.0          0.  0.0          0.  0.0 
4394. Roselle Nilo Natividad                        -26.751          0.  0.0       3605. -48.204          0.  0.0          0.  0.0 
4395. Martin Koek                        -26.765       1341. 23.192          0.  0.0          0.  0.0       1465. -8.73 
4396. Mario Alberto Cayo                        -26.765       4202. -83.689          0.  0.0          0.  0.0          0.  0.0 
4397. Juan Ignacio Muntanola                        -26.784        242. 88.657       2081. -1.204       1817. -58.324        817. 20.243 
4398. A Chappell                        -26.789          0.  0.0          0.  0.0          0.  0.0       2417. -68.166 
4399. Tetsuya Sato                        -26.795          0.  0.0          0.  0.0       1718. -46.981          0.  0.0 
4400. Jose Maria Gisbert                        -26.796          0.  0.0       2884. -25.0          0.  0.0          0.  0.0 
4401. Alberto Comas                        -26.796          0.  0.0       3601. -48.204          0.  0.0          0.  0.0 
4402. E Torriente                        -26.796          0.  0.0       3602. -48.204          0.  0.0          0.  0.0 
4403. L Turner                        -26.796          0.  0.0          0.  0.0          0.  0.0       2239. -48.204 
4404. Abdullah Al Khalil                        -26.796       3686. -48.204          0.  0.0          0.  0.0          0.  0.0 
4405. Tawfik Al Ibrahim                        -26.796       3687. -48.204          0.  0.0          0.  0.0          0.  0.0 
4406. Matavao Fanguna                        -26.796       3048. -25.0          0.  0.0          0.  0.0          0.  0.0 
4407. Anatol Navrotchi                        -26.815          0.  0.0       2792. -22.947          0.  0.0          0.  0.0 
4408. Reed Cordish                        -26.823       3081. -25.513          0.  0.0          0.  0.0          0.  0.0 
4409. Delmas Ntcha                        -26.833       3180. -27.446          0.  0.0          0.  0.0          0.  0.0 
4410. Slah Mbarek                        -26.837          0.  0.0        157. 101.427          0.  0.0          0.  0.0 
4411. Roger Ashcroft                        -26.861          0.  0.0          0.  0.0          0.  0.0       2153. -41.656 
4412. A Mountfield                        -26.865          0.  0.0          0.  0.0          0.  0.0       2400. -65.394 
4413. Alan Frey                        -26.874          0.  0.0          0.  0.0          0.  0.0       1699. -22.044 
4414. Kevin Furst                        -26.887          0.  0.0          0.  0.0          0.  0.0        991. 9.121 
4415. Nicholas Campbell                         -26.89       2300. -4.56          0.  0.0          0.  0.0          0.  0.0 
4416. Wilfredo Henry Torriente                        -26.897        652. 52.051          0.  0.0          0.  0.0          0.  0.0 
4417. Gabriel Neascu                        -26.901          0.  0.0       3591. -47.944          0.  0.0          0.  0.0 
4418. Ichiro Nakanishi                        -26.917       2959. -25.0          0.  0.0          0.  0.0          0.  0.0 
4419. Marcos Lee Chan Baratau                        -26.923       1897. 3.459          0.  0.0          0.  0.0          0.  0.0 
4420. P Corne                        -26.924          0.  0.0          0.  0.0          0.  0.0       2236. -48.204 
4421. Jost Remmert                        -26.924          0.  0.0       3600. -48.204          0.  0.0          0.  0.0 
4422. U Sacoldelli                        -26.935          0.  0.0       2202. -3.56          0.  0.0          0.  0.0 
4423. Wataru Fujii                        -26.936          0.  0.0       3261. -33.18          0.  0.0          0.  0.0 
4424. Ismail Sauce                         -26.95          0.  0.0       4232. -120.49          0.  0.0          0.  0.0 
4425. Grant Golden                        -26.951          0.  0.0       1411. 19.699          0.  0.0          0.  0.0 
4426. Peter Daub                        -26.975          0.  0.0       3280. -33.799          0.  0.0          0.  0.0 
4427. Jaroslav Navratil                        -26.976       1646. 12.015        726. 47.186         85. 99.079       2342. -57.877 
4428. F R Burns                        -26.977          0.  0.0          0.  0.0          0.  0.0       2213. -46.537 
4429. Pier Gauthier                        -26.977        720. 48.24          0.  0.0       1748. -48.805          0.  0.0 
4430. C Whittle                        -26.983          0.  0.0          0.  0.0          0.  0.0        713. 24.971 
4431. Hamza Karmoussi                        -26.987       3046. -25.0          0.  0.0          0.  0.0          0.  0.0 
4432. Herbert Browne                        -26.991          0.  0.0       2886. -25.0          0.  0.0          0.  0.0 
4433. Jeff Edwards                        -26.998          0.  0.0       3101. -27.227          0.  0.0          0.  0.0 
4434. Takeshi Murakami                          -27.0       2965. -25.0          0.  0.0          0.  0.0          0.  0.0 
4435. Greg Jones                          -27.0       1850. 4.431          0.  0.0          0.  0.0       2138. -40.005 
4436. Eugene Mccabe                        -27.002       1144. 27.641        247. 88.434          0.  0.0          0.  0.0 
4437. T Ayling                        -27.009          0.  0.0          0.  0.0          0.  0.0       1817. -25.0 
4438. Antonio Zugarelli                        -27.009       3333. -32.396       3816. -60.614        341. 44.108       2522. -86.639 
4439. Mark Lewis                        -27.011       2497. -11.288          0.  0.0          0.  0.0       1159. 1.19 
4440. James Gilchrist Jr                        -27.021          0.  0.0          0.  0.0          0.  0.0       2549. -91.799 
4441. Barunur Rashid Bhuiyan                        -27.021       2853. -23.583          0.  0.0          0.  0.0          0.  0.0 
4442. David Sherwood                        -27.021       3908. -59.487       1628. 10.513          0.  0.0        473. 41.927 
4443. Takeshi Koura                        -27.022        983. 33.14       3313. -35.258          0.  0.0       2508. -83.947 
4444. Oscar Rodriguez Sanchez                        -27.026          0.  0.0       2530. -14.582          0.  0.0          0.  0.0 
4445. Carlos Espinosa                         -27.03          0.  0.0        983. 33.659          0.  0.0          0.  0.0 
4446. Erik Melander                        -27.044       1975. 1.54       1707. 7.649          0.  0.0          0.  0.0 
4447. Bidynt Goswami                         -27.05          0.  0.0        766. 45.369          0.  0.0          0.  0.0 
4448. Chris Gunning                        -27.051       3402. -35.476       1629. 10.47        717. 15.241       1627. -18.418 
4449. Uli Heyne                        -27.058          0.  0.0       3936. -70.078          0.  0.0          0.  0.0 
4450. R E Williams                        -27.074          0.  0.0          0.  0.0          0.  0.0       1836. -25.0 
4451. Jan Hajer                        -27.078       1205. 25.996          0.  0.0          0.  0.0          0.  0.0 
4452. Thierry Guardiola                        -27.089        327. 78.019       2790. -22.856       1917. -75.971          0.  0.0 
4453. Conrad Hamilton                        -27.091          0.  0.0          0.  0.0          0.  0.0       1458. -8.426 
4454. Hao Sheng Koay                        -27.091       4100. -72.894          0.  0.0          0.  0.0          0.  0.0 
4455. Mathias Hellstrom                        -27.098          0.  0.0       3727. -54.757          0.  0.0          0.  0.0 
4456. Terry Ehlers                        -27.107       2879. -24.098          0.  0.0          0.  0.0          0.  0.0 
4457. Hernando Jose Escurra Isnardi                        -27.125       3024. -25.0       1239. 25.0          0.  0.0          0.  0.0 
4458. Hei Yin Andrew Li                        -27.129       3795. -52.735          0.  0.0          0.  0.0          0.  0.0 
4459. John Manderson                        -27.131          0.  0.0          0.  0.0          0.  0.0       1267. -1.391 
4460. Jaak Poldma                        -27.131       1501. 17.823        303. 80.182       1327. -23.097          0.  0.0 
4461. Gustavo Tiberti                        -27.134        445. 68.179        875. 39.574        155. 74.465          0.  0.0 
4462. Jeremy Smith                        -27.147       3642. -46.786          0.  0.0          0.  0.0          0.  0.0 
4463. Juan Luis Tati Rascon                         -27.15       3216. -28.461       1025. 31.685        755. 11.197          0.  0.0 
4464. Gaston Escofet                        -27.156          0.  0.0       2914. -25.0          0.  0.0          0.  0.0 
4465. Guillermo Van Der Hans                        -27.161          0.  0.0       2824. -23.818          0.  0.0          0.  0.0 
4466. Mohammed Rahizam Abdul Rahim                        -27.183       3296. -31.059          0.  0.0          0.  0.0          0.  0.0 
4467. Riccardo Bellotti                         -27.19          0.  0.0        393. 71.277          0.  0.0          0.  0.0 
4468. Filip Horansky                        -27.195        265. 85.275         96. 116.287          0.  0.0       1564. -14.819 
4469. Stefano Mezzadri                        -27.197          0.  0.0       2929. -25.0          0.  0.0          0.  0.0 
4470. Brandon Burke                        -27.202          0.  0.0       1716. 7.428          0.  0.0          0.  0.0 
4471. S Keliani                        -27.209          0.  0.0          0.  0.0          0.  0.0       2373. -62.094 
4472. Fabrizio Gasparini                        -27.219          0.  0.0       2621. -17.907          0.  0.0          0.  0.0 
4473. J Green                        -27.224          0.  0.0          0.  0.0          0.  0.0       2458. -73.626 
4474. Philip Riise Hansen                        -27.228       3689. -48.204          0.  0.0          0.  0.0          0.  0.0 
4475. Sumit Nagal                        -27.246         99. 120.16       1868. 3.227          0.  0.0       1472. -9.115 
4476. Steve Meister                        -27.252       4209. -84.577       3300. -34.665         88. 97.39        294. 61.408 
4477. Fazaluddin Syed                        -27.264       4232. -88.127          0.  0.0          0.  0.0        870. 16.854 
4478. N Wynward                        -27.275          0.  0.0          0.  0.0          0.  0.0       2604. -118.323 
4479. Ross Hewitt                        -27.282          0.  0.0          0.  0.0          0.  0.0       2541. -90.122 
4480. James Shaffer                        -27.294          0.  0.0       4018. -76.276          0.  0.0          0.  0.0 
4481. Bruce Steel                        -27.305          0.  0.0          0.  0.0          0.  0.0       1867. -25.0 
4482. Inam Ul Haq                         -27.31          0.  0.0       3240. -32.626          0.  0.0          0.  0.0 
4483. Michael Nugent                        -27.317       3726. -49.332        187. 97.317          0.  0.0          0.  0.0 
4484. Sadiq Abdullahi                        -27.321       3505. -40.829       2602. -17.098          0.  0.0          0.  0.0 
4485. Jacobo Diaz                        -27.349       3501. -40.727       2694. -20.103         76. 102.514        916. 13.511 
4486. James Flanagan                        -27.363          0.  0.0          0.  0.0          0.  0.0       1758. -24.153 
4487. David Brown                        -27.371          0.  0.0        409. 70.204          0.  0.0       1091. 3.526 
4488. Jock Eitel Reetz                        -27.376          0.  0.0       3191. -30.248          0.  0.0          0.  0.0 
4489. Christian Sigsgaard                        -27.378       1911. 3.23          0.  0.0        516. 26.796       2573. -97.483 
4490. Roland Stiegler                        -27.394          0.  0.0       2664. -19.158          0.  0.0          0.  0.0 
4491. Morris Shongwe                        -27.395       2441. -9.105          0.  0.0          0.  0.0          0.  0.0 
4492. Trevor Spracklin                        -27.404       2653. -17.232          0.  0.0          0.  0.0          0.  0.0 
4493. E H Woodruff                        -27.408          0.  0.0          0.  0.0          0.  0.0       2418. -68.511 
4494. Geoff Olsson                        -27.434       2939. -25.0          0.  0.0          0.  0.0        771. 22.198 
4495. David Cardoza                        -27.442       4298. -100.324          0.  0.0          0.  0.0          0.  0.0 
4496. Andy Ram                         -27.45        618. 53.62       2584. -16.469        733. 13.81       1550. -13.593 
4497. Francesco Michelotti                        -27.452          0.  0.0       4049. -79.712          0.  0.0          0.  0.0 
4498. Moussa Said                        -27.454          0.  0.0        923. 36.856          0.  0.0          0.  0.0 
4499. Manas Dhamne                        -27.484       3451. -38.283          0.  0.0          0.  0.0          0.  0.0 
4500. Jaidip Mukerjea                        -27.496          0.  0.0       3803. -59.857          0.  0.0       2564. -95.656 
4501. Ola Jonsson J092                        -27.512          0.  0.0       4006. -75.4        431. 32.62          0.  0.0 
4502. Samir Farid                        -27.526          0.  0.0          0.  0.0          0.  0.0       1510. -11.421 
4503. David De Miguel                        -27.528        970. 33.484       3418. -39.87          0.  0.0       2165. -42.574 
4504. Christian Hohnhold                        -27.561          0.  0.0       3604. -48.204          0.  0.0          0.  0.0 
4505. Magloire Yakpa                        -27.562       3693. -48.342          0.  0.0          0.  0.0          0.  0.0 
4506. Yung Yan Lin                        -27.571       4154. -77.919          0.  0.0          0.  0.0          0.  0.0 
4507. K Reid                        -27.588          0.  0.0          0.  0.0          0.  0.0          0.  0.0 
4508. B A Razik                        -27.593          0.  0.0          0.  0.0          0.  0.0        789. 21.596 
4509. Shinichi Nishino                        -27.615          0.  0.0       3009. -25.13          0.  0.0          0.  0.0 
4510. Fouad Kamel Boudjemline                        -27.619          0.  0.0       3918. -68.494          0.  0.0          0.  0.0 
4511. Ny Hy                        -27.624          0.  0.0          0.  0.0          0.  0.0          0.  0.0 
4512. Pierre Lemoine                        -27.625          0.  0.0          0.  0.0       1737. -48.204          0.  0.0 
4513. Jason Smith                        -27.629          0.  0.0          0.  0.0          0.  0.0       2147. -40.767 
4514. Luke Jensen                        -27.652       1962. 1.775       2719. -20.92        356. 41.847       2255. -49.232 
4515. Ian Peter Budge                        -27.654       4173. -80.313          0.  0.0          0.  0.0          0.  0.0 
4516. Mark Basham                        -27.663       2624. -16.045          0.  0.0          0.  0.0          0.  0.0 
4517. Richard Lewis                        -27.667        330. 77.957       3806. -59.948       1474. -25.92        956. 11.065 
4518. Mao Xin Gong                        -27.684       4177. -80.532          0.  0.0          0.  0.0          0.  0.0 
4519. Tony Dawson                        -27.713       3213. -28.381       1525. 15.482          0.  0.0       1996. -29.443 
4520. Johann Futternecht                        -27.724          0.  0.0       2742. -21.546          0.  0.0          0.  0.0 
4521. Stanley Pasarell                        -27.725       3678. -48.073          0.  0.0          0.  0.0       2211. -46.471 
4522. F Starbuck                        -27.725          0.  0.0          0.  0.0          0.  0.0       1444. -7.724 
4523. Harry Fritz                        -27.726       4295. -99.71       1462. 17.931        507. 27.31       2362. -60.454 
4524. Vitaliy Pavlov                        -27.735       3425. -36.381          0.  0.0          0.  0.0          0.  0.0 
4525. Ryoichi Mori                        -27.757          0.  0.0          0.  0.0          0.  0.0          0.  0.0 
4526. Marcelo Amador                        -27.758          0.  0.0       3831. -61.483       1334. -23.311          0.  0.0 
4527. Valerio Baiardo                         -27.76          0.  0.0       2683. -19.928         37. 123.411          0.  0.0 
4528. Evgeni Zhelyazkov                        -27.773          0.  0.0          0.  0.0       1935. -80.349          0.  0.0 
4529. Johannes Ingildsen                        -27.779       1159. 27.153          0.  0.0          0.  0.0       1426. -6.92 
4530. Roland Theisen                         -27.78          0.  0.0          0.  0.0       1467. -25.239          0.  0.0 
4531. Brandon Holt                        -27.792       1465. 19.309          0.  0.0          0.  0.0          0.  0.0 
4532. Zoltan Boroczky                        -27.799          0.  0.0        175. 98.821          0.  0.0          0.  0.0 
4533. J Griman                        -27.807          0.  0.0       2440. -10.366          0.  0.0          0.  0.0 
4534. J Logan                         -27.84          0.  0.0          0.  0.0          0.  0.0       1725. -23.058 
4535. Alejandro Aramburu                        -27.874       1337. 23.285       4242. -128.121          0.  0.0          0.  0.0 
4536. Daniel Willman                        -27.878       2771. -21.481          0.  0.0       1252. -19.146          0.  0.0 
4537. Sulistyo Wibowo                        -27.879       2981. -25.0          0.  0.0          0.  0.0          0.  0.0 
4538. Raul Contreras                        -27.894          0.  0.0          0.  0.0          0.  0.0       1968. -28.083 
4539. Danny Beukes                        -27.906       3337. -32.477          0.  0.0          0.  0.0          0.  0.0 
4540. Christian Collange                        -27.907       2299. -4.532          0.  0.0          0.  0.0          0.  0.0 
4541. G Young                        -27.916          0.  0.0          0.  0.0          0.  0.0       1141. 1.718 
4542. Peter Dellavedova                        -27.998          0.  0.0          0.  0.0          0.  0.0        386. 51.082 
4543. F J Vetter                        -28.013          0.  0.0          0.  0.0          0.  0.0       2110. -38.13 
4544. G Calmin                        -28.036          0.  0.0          0.  0.0          0.  0.0        842. 18.898 
4545. Tomas Fort                        -28.039       3354. -33.159          0.  0.0          0.  0.0          0.  0.0 
4546. Hernando Leguizamon                        -28.051          0.  0.0       1932. 1.811          0.  0.0          0.  0.0 
4547. Olivier Sajous                        -28.053       2110. -0.761       3590. -47.9          0.  0.0          0.  0.0 
4548. Haruhiko Matsunaga                         -28.09          0.  0.0       3044. -26.096          0.  0.0          0.  0.0 
4549. Justin Oneal                        -28.109       1704. 9.112          0.  0.0          0.  0.0          0.  0.0 
4550. Georgio Bedran                        -28.113          0.  0.0       3010. -25.209          0.  0.0          0.  0.0 
4551. Paul Palmer                         -28.13       2940. -25.0          0.  0.0          0.  0.0          0.  0.0 
4552. Tom Hauser                         -28.15          0.  0.0        177. 98.482          0.  0.0          0.  0.0 
4553. Nur Gurak                        -28.164          0.  0.0          0.  0.0          0.  0.0          0.  0.0 
4554. Joel Hoffman                        -28.169          0.  0.0       3940. -70.3          0.  0.0          0.  0.0 
4555. Rubin Perczek                        -28.175          0.  0.0       2727. -21.129          0.  0.0          0.  0.0 
4556. Milos Dimitrijevic                        -28.186          0.  0.0          0.  0.0        198. 65.456          0.  0.0 
4557. Jack Darrah                        -28.188          0.  0.0          0.  0.0       1376. -25.0          0.  0.0 
4558. Patrick Boza                        -28.209       4231. -88.068          0.  0.0          0.  0.0          0.  0.0 
4559. Byron Talbot                        -28.211        973. 33.372          0.  0.0          0.  0.0       2394. -64.411 
4560. Goran Bergstrand                        -28.212       1612. 13.573       2022. -0.178          0.  0.0          0.  0.0 
4561. Rodney Crowley                        -28.218       4243. -89.426          0.  0.0          0.  0.0          0.  0.0 
4562. John Arbanas                        -28.219       1868. 3.988          0.  0.0          0.  0.0          0.  0.0 
4563. G Rorn                        -28.228          0.  0.0          0.  0.0          0.  0.0       2424. -68.713 
4564. Michael Probst                        -28.231          0.  0.0       2464. -11.385          0.  0.0          0.  0.0 
4565. Robert Lindstedt                        -28.239        244. 88.571          0.  0.0        948. -0.126          0.  0.0 
4566. Albert Chang                         -28.24       1496. 17.918          0.  0.0        533. 25.831       1633. -18.865 
4567. H Sheridan                        -28.243          0.  0.0          0.  0.0          0.  0.0          0.  0.0 
4568. Hussain Al Ashwak                        -28.266       2292. -4.36          0.  0.0          0.  0.0          0.  0.0 
4569. Marc Weitzel                        -28.277          0.  0.0          0.  0.0          0.  0.0          0.  0.0 
4570. Lindsay Straney                        -28.288       1593. 14.362          0.  0.0          0.  0.0          0.  0.0 
4571. Vladimir Obradovic                        -28.288          0.  0.0       3589. -47.871          0.  0.0          0.  0.0 
4572. Rich Anderson                         -28.29       2024. 0.529          0.  0.0        597. 24.293          0.  0.0 
4573. Saba Purtseladze                        -28.295       3372. -34.026          0.  0.0          0.  0.0          0.  0.0 
4574. Bill Bartlett                        -28.297          0.  0.0        674. 49.741        718. 15.23          0.  0.0 
4575. James Schor                        -28.297       3566. -44.117          0.  0.0          0.  0.0          0.  0.0 
4576. Peter Palandjian                        -28.298       3986. -64.09       1873. 3.115        739. 12.853          0.  0.0 
4577. Jonathan Printzlau                        -28.298       2341. -5.671          0.  0.0        299. 48.463          0.  0.0 
4578. Hitoshi Shirato                        -28.305       3381. -34.595       1791. 5.011        662. 20.509          0.  0.0 
4579. M Rana                        -28.314          0.  0.0          0.  0.0          0.  0.0       2119. -38.568 
4580. Tom Frisher                        -28.319       2443. -9.135          0.  0.0          0.  0.0          0.  0.0 
4581. Peter Smith                        -28.324          0.  0.0          0.  0.0          0.  0.0       2118. -38.506 
4582. Colin Stubs                        -28.328       1105. 28.689       3372. -37.983          0.  0.0        492. 40.656 
4583. Kasidit Samrej                        -28.332       1828. 5.115          0.  0.0          0.  0.0          0.  0.0 
4584. Martin Pedersen                        -28.335       4172. -80.306       4105. -86.579       1160. -11.433          0.  0.0 
4585. B Larsen                        -28.372          0.  0.0       1577. 12.664          0.  0.0          0.  0.0 
4586. Oscar Napout                        -28.373          0.  0.0       1455. 18.203          0.  0.0          0.  0.0 
4587. Takahiro Terachi                         -28.38        925. 36.261          0.  0.0          0.  0.0          0.  0.0 
4588. Zsolt Tatar                        -28.388       2987. -25.0          0.  0.0          0.  0.0          0.  0.0 
4589. Ernie Ewert                        -28.402       3247. -29.306       2798. -23.075       1699. -45.873       1984. -29.039 
4590. D J Hardman                        -28.407          0.  0.0          0.  0.0          0.  0.0       2264. -50.002 
4591. Marco Gilardelli                        -28.413          0.  0.0       3726. -54.704          0.  0.0          0.  0.0 
4592. Unknown Marchiori                        -28.415          0.  0.0       3812. -60.353          0.  0.0          0.  0.0 
4593. Andrew Jarrett                        -28.416       1756. 7.332         61. 128.858        761. 10.892        247. 68.271 
4594. Rafael Eduardo Gonzalez Retana                        -28.431       2668. -17.737          0.  0.0          0.  0.0          0.  0.0 
4595. Unknown Daniele                        -28.452          0.  0.0        749. 46.285          0.  0.0          0.  0.0 
4596. M White                        -28.453          0.  0.0          0.  0.0          0.  0.0       2206. -46.199 
4597. Rich Andrews                        -28.469          0.  0.0          0.  0.0       1735. -48.204        361. 53.139 
4598. Dario Acosta                        -28.495          0.  0.0       2150. -2.305          0.  0.0          0.  0.0 
4599. Orel Kimhi                        -28.499       1609. 13.771          0.  0.0          0.  0.0          0.  0.0 
4600. Warren Green                        -28.513          0.  0.0          0.  0.0       1821. -59.0       2321. -55.279 
4601. Sergej Skakun                        -28.516          0.  0.0          0.  0.0       1409. -25.0          0.  0.0 
4602. Scott Clark                        -28.516       1852. 4.377          0.  0.0          0.  0.0       1869. -25.0 
4603. F Nakano                        -28.523          0.  0.0          0.  0.0          0.  0.0       1117. 2.407 
4604. Maximus Jones                        -28.531          0.  0.0       2995. -25.0          0.  0.0          0.  0.0 
4605. Steve Wedderburn                        -28.551       1372. 22.36          0.  0.0          0.  0.0       1893. -25.268 
4606. J Hill                        -28.557          0.  0.0          0.  0.0          0.  0.0       2506. -83.228 
4607. Keith Eckersall                        -28.558          0.  0.0          0.  0.0          0.  0.0        584. 31.312 
4608. Larry Le Roy                        -28.562          0.  0.0          0.  0.0          0.  0.0       2370. -61.55 
4609. Peter Hajek                         -28.57          0.  0.0        397. 71.173          0.  0.0          0.  0.0 
4610. Levar Harper Griffith                        -28.572       1578. 14.928       3325. -35.578          0.  0.0          0.  0.0 
4611. Ilyas Ghouse                        -28.588       3724. -49.308          0.  0.0          0.  0.0          0.  0.0 
4612. Muhammad Althaf Dhaifullah                        -28.594       2656. -17.287          0.  0.0          0.  0.0          0.  0.0 
4613. Gillian Osmont                        -28.601       3047. -25.0          0.  0.0          0.  0.0          0.  0.0 
4614. Richard Jooste                        -28.605       3543. -43.006          0.  0.0          0.  0.0          0.  0.0 
4615. Paul Groth                        -28.605          0.  0.0       3957. -71.42          0.  0.0          0.  0.0 
4616. Don Hodgskins                        -28.609          0.  0.0       3193. -30.346          0.  0.0          0.  0.0 
4617. Ola Hellgren                        -28.621          0.  0.0       2506. -12.876          0.  0.0          0.  0.0 
4618. Raimo Ojala                         -28.65          0.  0.0          0.  0.0       1758. -49.81          0.  0.0 
4619. Mike Briggs                        -28.672       3530. -42.225          0.  0.0          0.  0.0          0.  0.0 
4620. Paul Avis                        -28.679       2543. -12.98          0.  0.0          0.  0.0          0.  0.0 
4621. Mervyn Morris                          -28.7       2532. -12.517          0.  0.0          0.  0.0          0.  0.0 
4622. Horace Reid                         -28.73       3590. -45.258          0.  0.0          0.  0.0          0.  0.0 
4623. Fabian Barriola                        -28.735          0.  0.0       3443. -41.225          0.  0.0          0.  0.0 
4624. Blazej Koniusz                        -28.738       2658. -17.345          0.  0.0          0.  0.0          0.  0.0 
4625. D Graham                        -28.771          0.  0.0          0.  0.0          0.  0.0       2533. -87.996 
4626. Errol Kilov                        -28.773       2364. -6.618          0.  0.0          0.  0.0          0.  0.0 
4627. Peter Lamp                        -28.782          0.  0.0       3208. -31.145          0.  0.0          0.  0.0 
4628. Marcelo Ingaramo                          -28.8        654. 51.961        295. 81.37       1243. -18.807       2607. -121.412 
4629. Cedric Kauffmann                        -28.803       3910. -59.666       3260. -33.174          0.  0.0       1718. -22.752 
4630. Frank Froehling                        -28.817       1352. 23.03       1652. 9.488        686. 18.113       2369. -61.453 
4631. Jaka Bozic                        -28.852          0.  0.0        601. 53.854          0.  0.0          0.  0.0 
4632. Patrik Niklas Salminen                        -28.882       3737. -49.934        676. 49.672       1931. -79.558          0.  0.0 
4633. Hassan Al Mousa                        -28.887       3075. -25.437          0.  0.0          0.  0.0          0.  0.0 
4634. Luis Diaz Barriga                        -28.893          0.  0.0        932. 36.264          0.  0.0          0.  0.0 
4635. Toyokazu Tomogane                        -28.914          0.  0.0       3736. -55.061          0.  0.0          0.  0.0 
4636. Gilles Hinchcliffe                        -28.923          0.  0.0          0.  0.0          0.  0.0       2175. -43.099 
4637. Abdel Halem Azzi                        -28.924          0.  0.0       2423. -9.536          0.  0.0          0.  0.0 
4638. Blaz Kavcic                        -28.929        220. 92.837       4260. -140.938       1215. -16.267       1335. -3.054 
4639. Fernando Romboli                         -28.93          0.  0.0       3540. -45.96          0.  0.0          0.  0.0 
4640. John Bryant                        -28.957          0.  0.0          0.  0.0          0.  0.0       2237. -48.204 
4641. Sombat Uamongkol                        -28.962       1032. 30.976       1331. 22.491          0.  0.0       1400. -5.626 
4642. Martin Lee                        -28.965       4067. -69.436       3181. -29.841          6. 179.556       1300. -2.065 
4643. Olivio Silva                        -28.976          0.  0.0       3618. -48.484          0.  0.0          0.  0.0 
4644. Fried Schmitz                          -29.0       2521. -12.152          0.  0.0          0.  0.0          0.  0.0 
4645. Raouf Ben Farhat                        -29.038          0.  0.0       3419. -39.885          0.  0.0          0.  0.0 
4646. Wei Leung                        -29.054       2382. -7.085          0.  0.0          0.  0.0          0.  0.0 
4647. Unknown Salsi                        -29.056          0.  0.0       3639. -49.523          0.  0.0          0.  0.0 
4648. R Gates                        -29.072          0.  0.0          0.  0.0          0.  0.0       1111. 2.818 
4649. Jay Isqur                        -29.096       2862. -23.796          0.  0.0          0.  0.0          0.  0.0 
4650. Mansur Yakhyaev                          -29.1          0.  0.0       2743. -21.552          0.  0.0          0.  0.0 
4651. Phil Davies                        -29.105       3877. -57.31          0.  0.0          0.  0.0        254. 66.664 
4652. Peter Moraing                        -29.126        552. 58.561       2562. -15.641        141. 76.302        446. 45.009 
4653. Maxime Teixeira                        -29.127        908. 37.611       1975. 0.817          0.  0.0          0.  0.0 
4654. Jose Hernandez                        -29.133        718. 48.266       3503. -44.486          0.  0.0          0.  0.0 
4655. Jorge Villanueva                         -29.16          0.  0.0       3610. -48.243          0.  0.0          0.  0.0 
4656. R Mayer                        -29.177       3521. -41.921          0.  0.0          0.  0.0          0.  0.0 
4657. Luis Felipe Silva                        -29.191          0.  0.0       2913. -25.0          0.  0.0          0.  0.0 
4658. Mariusz Zielinski                        -29.205          0.  0.0        608. 53.625          0.  0.0          0.  0.0 
4659. Will Bull                        -29.326          0.  0.0        946. 35.474          0.  0.0          0.  0.0 
4660. Gonzalo Bueno                        -29.336       3043. -25.0       3609. -48.204          0.  0.0          0.  0.0 
4661. Mario Brenner                        -29.362          0.  0.0       3448. -41.377          0.  0.0          0.  0.0 
4662. Gerard Wimmer                        -29.372       3248. -29.361        485. 62.347          0.  0.0        846. 18.46 
4663. George Chantouria                        -29.376          0.  0.0       1206. 25.083       1443. -25.0          0.  0.0 
4664. Donald Dell                          -29.4       4366. -124.672       1982. 0.546          0.  0.0          0.  0.0 
4665. Ji Sung Nam                        -29.402       3450. -38.205          0.  0.0          0.  0.0        711. 25.0 
4666. O Issara                        -29.412          0.  0.0          0.  0.0       1388. -25.0          0.  0.0 
4667. Asaf Raja                        -29.422       3979. -63.748          0.  0.0          0.  0.0          0.  0.0 
4668. U Suwito                        -29.426          0.  0.0          0.  0.0          0.  0.0          0.  0.0 
4669. Mike Rowe                        -29.447          0.  0.0          0.  0.0          0.  0.0        514. 38.103 
4670. Chris Johnstone                        -29.461       2714. -19.614       3412. -39.67       1818. -58.469       1663. -20.333 
4671. Eduardo Nava                        -29.464        546. 59.005       2706. -20.657          0.  0.0          0.  0.0 
4672. Skip Taylor                        -29.502          0.  0.0       2497. -12.389          0.  0.0          0.  0.0 
4673. Kazuya Morita                        -29.516        803. 43.165          0.  0.0          0.  0.0          0.  0.0 
4674. David Wells Roth                        -29.533       3506. -40.839          0.  0.0          0.  0.0          0.  0.0 
4675. Richard Gilmore                        -29.538          0.  0.0          0.  0.0          0.  0.0       1429. -7.116 
4676. Rafael Goscinny                        -29.558          0.  0.0       3906. -67.881          0.  0.0          0.  0.0 
4677. Dannio Yahya                        -29.573       2557. -13.475          0.  0.0          0.  0.0          0.  0.0 
4678. Pat Crow                        -29.575       1679. 10.478          0.  0.0          0.  0.0          0.  0.0 
4679. Jun Kato                        -29.599          0.  0.0          0.  0.0          0.  0.0       2436. -70.001 
4680. Harutyun Sofyan                        -29.602       2990. -25.0          0.  0.0          0.  0.0          0.  0.0 
4681. William Altneu                        -29.611          0.  0.0          0.  0.0          0.  0.0        754. 23.235 
4682. Dragan Savic                        -29.658       2741. -20.318          0.  0.0        493. 27.892       2023. -30.931 
4683. Bill Monan                        -29.669          0.  0.0       1634. 10.292          0.  0.0          0.  0.0 
4684. Dimitri Badra                         -29.67       4060. -68.771          0.  0.0          0.  0.0          0.  0.0 
4685. Marcelo Grassi                        -29.673       1370. 22.468          0.  0.0          0.  0.0          0.  0.0 
4686. Bob Brett                         -29.68          0.  0.0          0.  0.0          0.  0.0        668. 26.388 
4687. D Stanford                        -29.685          0.  0.0          0.  0.0          0.  0.0       1438. -7.431 
4688. Gary Cruth                        -29.688       2941. -25.0          0.  0.0          0.  0.0          0.  0.0 
4689. Nicklas Timfjord                        -29.711          0.  0.0       2443. -10.535          0.  0.0          0.  0.0 
4690. Toshiaki Sakai                        -29.728       4049. -68.206          0.  0.0          0.  0.0          0.  0.0 
4691. Mili Poljicak                        -29.784          0.  0.0       3916. -68.407          0.  0.0          0.  0.0 
4692. Naomi Uemura                        -29.793       2958. -25.0       2141. -2.188          0.  0.0          0.  0.0 
4693. Christian Jessel                        -29.794          0.  0.0       2659. -19.089          0.  0.0          0.  0.0 
4694. Juan Pablo Barboza                        -29.811          0.  0.0       4262. -142.341          0.  0.0          0.  0.0 
4695. Claude De Gronckel                        -29.847          0.  0.0       1693. 8.257          0.  0.0          0.  0.0 
4696. Faris Zakaryia                        -29.847          0.  0.0       3401. -39.02          0.  0.0          0.  0.0 
4697. Ryan Henry                        -29.855        409. 70.854          0.  0.0          0.  0.0          0.  0.0 
4698. Terry Saunders                        -29.858          0.  0.0          0.  0.0          0.  0.0       1666. -20.411 
4699. Rouzbeh Kamran                        -29.914       2188. -2.094       1230. 25.0          0.  0.0          0.  0.0 
4700. Richard Levine                        -29.915          0.  0.0          0.  0.0          0.  0.0       2326. -56.295 
4701. Thorsten Poelzl                        -29.918       1965. 1.756          0.  0.0          0.  0.0        389. 50.792 
4702. Jeff Young                        -29.942          0.  0.0          0.  0.0          0.  0.0       2514. -84.668 
4703. Russell Seymour                        -29.952       1315. 23.94          0.  0.0          0.  0.0          0.  0.0 
4704. Craig Tregonning                        -29.969       3412. -35.841          0.  0.0          0.  0.0          0.  0.0 
4705. Paolo Lazzari                        -29.976          0.  0.0       4092. -85.28          0.  0.0          0.  0.0 
4706. Hiroyuki Bamba                        -29.984          0.  0.0       3991. -74.307          0.  0.0          0.  0.0 
4707. Jakub Herm Zahlava                        -29.989          0.  0.0        903. 38.16          0.  0.0          0.  0.0 
4708. Chee Leong Wong                        -29.991       3814. -53.509          0.  0.0          0.  0.0          0.  0.0 
4709. Neville Senaratne                        -29.995          0.  0.0       3249. -32.795          0.  0.0          0.  0.0 
4710. Clem Robertson                        -30.026          0.  0.0          0.  0.0          0.  0.0       2038. -32.465 
4711. Bradley Klahn                        -30.026       1169. 26.877       3948. -70.722          0.  0.0       2377. -62.927 
4712. R Turley                        -30.045          0.  0.0          0.  0.0          0.  0.0       1298. -2.02 
4713. J O'Brien                        -30.047          0.  0.0          0.  0.0          0.  0.0          0.  0.0 
4714. Tarek Ben Soltane                        -30.052          0.  0.0       3606. -48.204          0.  0.0          0.  0.0 
4715. Zulfiqar Ahmed                        -30.063        659. 51.75       2776. -22.415          0.  0.0          0.  0.0 
4716. G Moore                        -30.082          0.  0.0          0.  0.0          0.  0.0        996. 8.786 
4717. Alejandro Gonzalez                        -30.082       3406. -35.538       1914. 2.211          0.  0.0          0.  0.0 
4718. Vjeran Friscic                        -30.103          0.  0.0       3303. -34.793          0.  0.0          0.  0.0 
4719. Steve Krulevitz                        -30.118       3982. -63.843       1895. 2.698        975. -1.589        782. 21.899 
4720. Cristiano Caratti                        -30.163       1045. 30.591       3470. -42.665       1258. -19.34       1334. -3.046 
4721. Jonathan Dasnieres De Veigy                        -30.182       2664. -17.577       1870. 3.175          0.  0.0          0.  0.0 
4722. Dieter Stoffer                        -30.183          0.  0.0       2086. -1.312          0.  0.0          0.  0.0 
4723. Tuna Altuna                        -30.184          0.  0.0          0.  0.0          0.  0.0       1224. -0.286 
4724. Thomas Furst                        -30.199          0.  0.0       2567. -15.93          0.  0.0       2049. -33.511 
4725. Mohamed Mamoun                        -30.202       2020. 0.589       1065. 29.961       1516. -27.874          0.  0.0 
4726. Julian Krinsky                        -30.214        760. 46.286       3005. -25.12          0.  0.0          0.  0.0 
4727. Lynton Franzi                        -30.225          0.  0.0          0.  0.0          0.  0.0       1452. -8.119 
4728. Paul Harkin                        -30.246          0.  0.0          0.  0.0          0.  0.0       1560. -14.336 
4729. Tyler Chin                        -30.253       2316. -5.083          0.  0.0          0.  0.0          0.  0.0 
4730. Sidney Gordon                        -30.275        614. 53.979          0.  0.0          0.  0.0          0.  0.0 
4731. Chih Jung Chen                        -30.294       3171. -27.258       1345. 22.042        936. 0.167          0.  0.0 
4732. Doug Verdieck                        -30.314       2481. -10.776       3912. -68.242          0.  0.0          0.  0.0 
4733. Helmuth Rudzinski                        -30.317          0.  0.0         75. 122.692          0.  0.0          0.  0.0 
4734. Denis Istomin                        -30.336       4372. -129.763       3277. -33.709       1440. -25.0       1128. 2.06 
4735. Rabi Bouhassoun                        -30.346       4244. -89.593          0.  0.0          0.  0.0          0.  0.0 
4736. Gabriel Moraru                        -30.347          0.  0.0       2546. -15.15          0.  0.0          0.  0.0 
4737. Nik Razborsek                        -30.359       1551. 15.741          0.  0.0          0.  0.0       2102. -37.653 
4738. Peter Bretherton                        -30.398          0.  0.0          0.  0.0          0.  0.0       2249. -48.702 
4739. Hugo Varela                        -30.402          0.  0.0       1289. 23.906          0.  0.0          0.  0.0 
4740. Yordan Kanev                        -30.422       3000. -25.0       1981. 0.567       1709. -46.514          0.  0.0 
4741. Katore Agnamba                        -30.424          0.  0.0          0.  0.0       1403. -25.0          0.  0.0 
4742. Jacobo Chavez                        -30.438       1662. 11.33          0.  0.0          0.  0.0          0.  0.0 
4743. Dean Nogrady                        -30.462          0.  0.0       3858. -63.912          0.  0.0          0.  0.0 
4744. Adam Moundir                         -30.47       2419. -8.41       2703. -20.504          0.  0.0          0.  0.0 
4745. Igor Gaudi                        -30.471          0.  0.0       2816. -23.616          0.  0.0       2428. -69.333 
4746. Julian Knowle                        -30.497       1599. 14.115        669. 50.0       1589. -34.749       1765. -24.544 
4747. Christophe Freyss                        -30.583       1190. 26.539       3864. -64.49       1549. -30.116        849. 18.105 
4748. Nemanja Kontic                        -30.586          0.  0.0       2272. -5.167          0.  0.0          0.  0.0 
4749. Jorge Tejada                        -30.592       4387. -145.47          0.  0.0          0.  0.0          0.  0.0 
4750. Francesco Giordano                        -30.623          0.  0.0        697. 48.675          0.  0.0          0.  0.0 
4751. Cumhur Ongen                        -30.636          0.  0.0          0.  0.0          0.  0.0          0.  0.0 
4752. Adrian Bodmer                         -30.64        749. 46.643          0.  0.0          0.  0.0          0.  0.0 
4753. Per Henricsson                        -30.658       1917. 3.023        901. 38.175       1901. -72.017          0.  0.0 
4754. Jaroslav Pospisil                        -30.674       2796. -22.239        879. 39.327          0.  0.0       1483. -9.594 
4755. Frank Moser                        -30.682       3002. -25.0          0.  0.0          0.  0.0       2515. -84.879 
4756. Horia Tecau                        -30.688       2483. -10.785          0.  0.0          0.  0.0          0.  0.0 
4757. Evgeni Mikheev                        -30.705       4218. -85.842          0.  0.0        585. 24.981          0.  0.0 
4758. Rashid Hassan                        -30.746       2192. -2.125          0.  0.0          0.  0.0          0.  0.0 
4759. Rafael Jordan                        -30.747       2626. -16.191       1584. 12.124          0.  0.0          0.  0.0 
4760. Dan Rastland                        -30.756          0.  0.0       2519. -13.857          0.  0.0          0.  0.0 
4761. Narendra Singh                         -30.78          0.  0.0       2908. -25.0          0.  0.0          0.  0.0 
4762. Egan Adams                        -30.794       1127. 28.129       1384. 20.577       1895. -71.057          0.  0.0 
4763. C Sakolsky                        -30.809       2368. -6.687          0.  0.0          0.  0.0          0.  0.0 
4764. Jose Lopez Maeso                        -30.831       1456. 19.557       3391. -38.755       1950. -86.24        647. 27.205 
4765. Juan Ortiz                        -30.836       1311. 24.093          0.  0.0          0.  0.0          0.  0.0 
4766. Carlos Angel                        -30.929          0.  0.0       3969. -72.718          0.  0.0          0.  0.0 
4767. Artemi Tchernenko                        -30.998          0.  0.0          0.  0.0        659. 20.643          0.  0.0 
4768. Collin Altamirano                        -31.005       2886. -24.41          0.  0.0          0.  0.0          0.  0.0 
4769. Ismael Changawa Ruwa Mzai                        -31.006       3698. -48.409          0.  0.0          0.  0.0          0.  0.0 
4770. Marco Mirnegg                        -31.014          0.  0.0       3871. -65.264          0.  0.0       1310. -2.311 
4771. Allen Belobrajdic                        -31.023       1142. 27.654          0.  0.0          0.  0.0          0.  0.0 
4772. Ivan Nedelko                        -31.096        563. 57.689          0.  0.0          0.  0.0          0.  0.0 
4773. Phil Gunning                        -31.112       3062. -25.24          0.  0.0          0.  0.0       1339. -3.161 
4774. Assen Dishkov                        -31.115          0.  0.0          0.  0.0       1391. -25.0          0.  0.0 
4775. Manuel Rodriguez                        -31.115          0.  0.0       3376. -38.084          0.  0.0          0.  0.0 
4776. Mike Fedderly                        -31.143       2660. -17.54          0.  0.0          0.  0.0          0.  0.0 
4777. Martijn Van Haasteren                        -31.162       1534. 16.554       3475. -42.968          0.  0.0          0.  0.0 
4778. Kaya Saydas                        -31.173          0.  0.0       1637. 10.131          0.  0.0          0.  0.0 
4779. Pfungwa Mahefu                        -31.186          0.  0.0       2052. -0.591          0.  0.0          0.  0.0 
4780. Karl Friberg                          -31.2       1641. 12.129          0.  0.0          0.  0.0          0.  0.0 
4781. Oguz Eroglu                        -31.209          0.  0.0          0.  0.0          0.  0.0          0.  0.0 
4782. Kimmer Coppejans                        -31.209        789. 44.362       4247. -131.499          0.  0.0        753. 23.243 
4783. S Matteoli                        -31.217          0.  0.0       3722. -54.435          0.  0.0          0.  0.0 
4784. Selvam Veerasingam                        -31.277       4223. -86.195       1434. 18.849       1996. -104.838       1217. -0.21 
4785. Mike Kernodie                          -31.3          0.  0.0          0.  0.0          0.  0.0       1672. -20.676 
4786. Terry Hassall                        -31.318          0.  0.0          0.  0.0          0.  0.0       1144. 1.675 
4787. Mike Sprenglemeyer                        -31.369          0.  0.0          0.  0.0       1588. -34.73          0.  0.0 
4788. Steve Wood                        -31.373          0.  0.0          0.  0.0          0.  0.0        644. 27.37 
4789. Steve Beeland                        -31.374          0.  0.0       2407. -8.88          0.  0.0          0.  0.0 
4790. Nick Gould                         -31.38          0.  0.0       1872. 3.133       1851. -64.491       2625. -179.088 
4791. Klaas Visscher                        -31.387       1782. 6.474          0.  0.0          0.  0.0          0.  0.0 
4792. John Yeomans                        -31.392        460. 66.648          0.  0.0          0.  0.0          0.  0.0 
4793. Martin Aguirre                        -31.432          0.  0.0       1293. 23.849          0.  0.0          0.  0.0 
4794. Celso Sacomandi                        -31.446          0.  0.0          0.  0.0       1387. -25.0          0.  0.0 
4795. Rasmus Norby                        -31.447       2040. 0.314       1130. 27.211          0.  0.0          0.  0.0 
4796. Alfonso Mora                        -31.449       1494. 18.065          0.  0.0          0.  0.0          0.  0.0 
4797. Sharmal Dissanayake                        -31.455        779. 44.786       3129. -28.01          0.  0.0          0.  0.0 
4798. Vasuthevan Ortchuan                         -31.48       1996. 1.207          0.  0.0          0.  0.0          0.  0.0 
4799. Juan Cruz                          -31.5       2863. -23.806          0.  0.0          0.  0.0          0.  0.0 
4800. Nelson Aerts                        -31.505       2603. -15.327       2144. -2.225       1707. -46.441       1294. -1.932 
4801. Ioannis Kabakoglou                        -31.518          0.  0.0       4223. -115.922          0.  0.0          0.  0.0 
4802. Matthias Mauritz                        -31.544          0.  0.0       3527. -45.258          0.  0.0          0.  0.0 
4803. Nicolae Frunza                        -31.549       3742. -50.082          0.  0.0          0.  0.0          0.  0.0 
4804. Bill Wallace                        -31.553          0.  0.0       3851. -63.397          0.  0.0          0.  0.0 
4805. Hani Al Ali                        -31.556       2100. -0.596          0.  0.0          0.  0.0          0.  0.0 
4806. Ferrante Rocchi                        -31.567       4337. -110.323       3128. -27.937          0.  0.0          0.  0.0 
4807. Mehdi Bouabbane                        -31.573          0.  0.0       3963. -72.188          0.  0.0          0.  0.0 
4808. Radim Zitko                        -31.623        631. 52.981       4209. -111.283          0.  0.0          0.  0.0 
4809. Tareq Hadeed                        -31.624       3859. -56.117          0.  0.0          0.  0.0          0.  0.0 
4810. C R Evans                        -31.637          0.  0.0          0.  0.0          0.  0.0       1524. -12.1 
4811. Aleksandar Kitinov                         -31.66        883. 39.218          0.  0.0          0.  0.0       2606. -121.279 
4812. Andras Lanyi                        -31.666       1808. 5.614       1195. 25.355       1465. -25.2          0.  0.0 
4813. Johan Sandberg                        -31.731       1345. 23.13       3805. -59.896          0.  0.0          0.  0.0 
4814. Johan Nikles                        -31.779          0.  0.0       2058. -0.784          0.  0.0          0.  0.0 
4815. G Sharpe                         -31.78          0.  0.0          0.  0.0          0.  0.0       1939. -26.87 
4816. Glenn Busby                        -31.785          0.  0.0          0.  0.0          0.  0.0       2040. -32.554 
4817. Filip Krajcik                        -31.818        380. 73.731          0.  0.0       1677. -43.4          0.  0.0 
4818. Ken Barton                        -31.865       2632. -16.431          0.  0.0          0.  0.0       2374. -62.211 
4819. Steve Tidball                        -31.869        881. 39.335       1991. 0.425       1700. -45.893          0.  0.0 
4820. Gabriel Mattos                        -31.883       2957. -25.0       2139. -2.165          0.  0.0          0.  0.0 
4821. Pancho Segura                        -31.888       3584. -45.023          0.  0.0          0.  0.0       1208.  0.0 
4822. N Vijay Sundar Prashanth                        -31.894       3166. -27.088          0.  0.0          0.  0.0          0.  0.0 
4823. U Calle                        -31.913          0.  0.0       3493. -43.927          0.  0.0          0.  0.0 
4824. Larbi Rharnit                        -31.936          0.  0.0       1553. 13.999        854. 4.366          0.  0.0 
4825. Gondo Widjojo                        -31.939       1805. 5.654       2760. -22.011          0.  0.0        156. 83.944 
4826. Van Thanh Vo                        -31.941          0.  0.0          0.  0.0          0.  0.0        114. 94.848 
4827. Alex Clayton                        -31.945       3318. -31.929          0.  0.0          0.  0.0          0.  0.0 
4828. Martin Strelba                         -31.97        414. 70.677       3266. -33.339       1972. -96.069        642. 27.489 
4829. Maxime Hamou                        -31.983          0.  0.0       2410. -8.986          0.  0.0          0.  0.0 
4830. Carlo Borea                        -32.001          0.  0.0       2432. -9.767          0.  0.0          0.  0.0 
4831. Alberto Martorell                        -32.013          0.  0.0       4040. -78.59        688. 18.094          0.  0.0 
4832. R G Moore                        -32.066          0.  0.0          0.  0.0          0.  0.0       2258. -49.872 
4833. Jimmy Casey                          -32.1          0.  0.0          0.  0.0          0.  0.0       1669. -20.603 
4834. Javier Ordaz                        -32.111          0.  0.0       2672. -19.411          0.  0.0          0.  0.0 
4835. U Timm                        -32.161          0.  0.0       2424. -9.545          0.  0.0          0.  0.0 
4836. Ricardo Camargo                        -32.181       2290. -4.332          0.  0.0       1405. -25.0          0.  0.0 
4837. Mario Delgado                        -32.186       1800. 5.938          0.  0.0          0.  0.0          0.  0.0 
4838. Raymond Mapp                        -32.196          0.  0.0          0.  0.0          0.  0.0       1488. -9.827 
4839. Lazar Magdincev                          -32.2       3504. -40.817       3767. -58.061          0.  0.0          0.  0.0 
4840. Jan Kodes Jr                        -32.226       2055. 0.047       4088. -84.655        109. 89.388          0.  0.0 
4841. William Kyriakos                        -32.244          0.  0.0          0.  0.0       1958. -89.805          0.  0.0 
4842. Rigele Te                        -32.251        465. 66.054       2709. -20.735          0.  0.0          0.  0.0 
4843. R D J Lee                        -32.267          0.  0.0          0.  0.0          0.  0.0       2246. -48.324 
4844. Tom Spinks                        -32.292          0.  0.0          0.  0.0          0.  0.0       1737. -23.599 
4845. T Carey                        -32.337       3236. -28.983          0.  0.0          0.  0.0          0.  0.0 
4846. Paul Baccanello                        -32.339        239. 89.197          0.  0.0          0.  0.0        547. 34.822 
4847. Jie Cui                        -32.366        916. 36.89          0.  0.0          0.  0.0          0.  0.0 
4848. Niels Desein                        -32.383          0.  0.0       4058. -80.701          0.  0.0       2505. -83.08 
4849. A Uehara                        -32.418        865. 40.134          0.  0.0        838. 5.45          0.  0.0 
4850. Dawood Sayed Hashim                        -32.424          0.  0.0       3029. -25.645          0.  0.0          0.  0.0 
4851. Chuck Saacke                        -32.464          0.  0.0       2218. -3.932          0.  0.0          0.  0.0 
4852. Richard Legendre                        -32.499          0.  0.0          0.  0.0          0.  0.0          0.  0.0 
4853. Yu Zheng                        -32.504       2081. -0.277          0.  0.0        712. 15.713       2277. -50.759 
4854. Norm Schellenger                        -32.505          0.  0.0       1604. 11.287          0.  0.0          0.  0.0 
4855. Alberto Brause                        -32.505       2038. 0.341       1351. 21.94          0.  0.0          0.  0.0 
4856. Chris Bradnam                        -32.518       2403. -7.719        333. 76.831          0.  0.0       2542. -90.472 
4857. Jimmy Taker                        -32.526          0.  0.0       3146. -28.649          0.  0.0          0.  0.0 
4858. Karlis Ozolins                         -32.53       3487. -40.102          0.  0.0          0.  0.0          0.  0.0 
4859. Sanchai Ratiwatana                        -32.561        370. 74.962       3383. -38.513       1706. -46.418          0.  0.0 
4860. Butch Palmer                        -32.576          0.  0.0          0.  0.0          0.  0.0       2274. -50.613 
4861. Jim Brown                        -32.592          0.  0.0       3900. -67.315          0.  0.0          0.  0.0 
4862. Brian Millar                        -32.596        221. 92.789          0.  0.0          0.  0.0        966. 10.48 
4863. Rob Steckley                         -32.63       1712. 8.85       1649. 9.612          0.  0.0          0.  0.0 
4864. Guy Fritz                        -32.658        195. 97.393       2897. -25.0          0.  0.0          0.  0.0 
4865. Hira Lal Rahman                        -32.682       1383. 22.011       1970. 0.916          0.  0.0          0.  0.0 
4866. Jean Claude Scherrer                        -32.709        246. 88.022          0.  0.0        261. 52.504       2085. -35.543 
4867. Tom Kocevar Desman                        -32.738       4301. -101.129        653. 50.908          0.  0.0          0.  0.0 
4868. Dekel Valtzer                        -32.741          0.  0.0          0.  0.0          0.  0.0       2584. -102.711 
4869. Keith Stoneman                        -32.744       2233. -3.18       1282. 24.118          0.  0.0          0.  0.0 
4870. Allen Shapter                        -32.762          0.  0.0          0.  0.0          0.  0.0        872. 16.786 
4871. Salvatore Caruso                        -32.821       2466. -10.017       3407. -39.52          0.  0.0       2107. -37.975 
4872. Daniel Melo                        -32.855       1569. 15.3       3255. -33.047          0.  0.0          0.  0.0 
4873. Joseph Offenheim                        -32.856          0.  0.0          0.  0.0          0.  0.0          0.  0.0 
4874. Joao Zwetsch                        -32.858       3766. -50.977          0.  0.0       1331. -23.204          0.  0.0 
4875. A Matthews                         -32.89          0.  0.0          0.  0.0          0.  0.0       1544. -13.262 
4876. Roko Karanusic                        -32.897       1101. 28.774       3968. -72.656        234. 58.191       1449. -7.975 
4877. Leonardo Mayer                        -32.938        980. 33.208       1528. 15.36          0.  0.0        476. 41.793 
4878. Charles Hoeveler                         -32.95        776. 44.839          0.  0.0          0.  0.0          0.  0.0 
4879. Santiago Mora                        -32.988          0.  0.0       3034. -25.839          0.  0.0          0.  0.0 
4880. Michael Linzer                        -32.994          0.  0.0        654. 50.894          0.  0.0          0.  0.0 
4881. Jeremy Cohen                        -32.999       1834. 4.988       1014. 32.383          0.  0.0       1408. -5.837 
4882. Alexander Blockx                        -32.999        707. 48.886          0.  0.0          0.  0.0          0.  0.0 
4883. Miguel Braschi                        -33.003        339. 76.742          0.  0.0          0.  0.0          0.  0.0 
4884. Paolo Lorenzi                        -33.016        535. 59.899        869. 39.789          0.  0.0       1937. -26.809 
4885. Jan Eric Palm                        -33.026       4329. -106.98       2396. -8.429          0.  0.0          0.  0.0 
4886. Viktor Nagy                        -33.048       4308. -103.082       4130. -89.662          0.  0.0          0.  0.0 
4887. Noel Callaghan                         -33.07          0.  0.0       2190. -3.294          0.  0.0          0.  0.0 
4888. Krassimir Lazarov                         -33.08       1992. 1.286       1750. 6.46       1036. -3.573          0.  0.0 
4889. Juan Garat                        -33.136          0.  0.0       3798. -59.704          0.  0.0          0.  0.0 
4890. Lauri Kiiski                        -33.242          0.  0.0       4197. -106.254          0.  0.0          0.  0.0 
4891. Diadji Ka                        -33.249          0.  0.0          0.  0.0        958. -0.616          0.  0.0 
4892. Karol Beck                        -33.288       2637. -16.52         77. 122.517        309. 47.328        257. 66.229 
4893. Rob Givone                        -33.294       3700. -48.423          0.  0.0          0.  0.0          0.  0.0 
4894. Budiman Aznar                        -33.302          0.  0.0          0.  0.0          0.  0.0          0.  0.0 
4895. Sadao Kosugi                        -33.324          0.  0.0          0.  0.0          0.  0.0          0.  0.0 
4896. Lofo Ramiaramanana                        -33.329        866. 39.999       3635. -49.251        898. 2.18          0.  0.0 
4897. Eulicio Silva                        -33.333          0.  0.0          0.  0.0       1316. -22.469       1896. -25.303 
4898. Christer Allgardh                        -33.341       2777. -21.608       3693. -52.367          0.  0.0          0.  0.0 
4899. Bill Glaves                        -33.353       3339. -32.569          0.  0.0          0.  0.0       1845. -25.0 
4900. Tzvetan Mihov                        -33.382       2593. -15.106          0.  0.0        681. 18.379          0.  0.0 
4901. Jon Hainline                        -33.401          0.  0.0       4091. -85.257          0.  0.0          0.  0.0 
4902. Bernabe Zapata Miralles                        -33.434       2791. -22.146       2434. -9.978          0.  0.0       1992. -29.355 
4903. Zeljko Krajan                        -33.463       1434. 20.38        917. 37.223       1899. -71.399       1999. -29.598 
4904. Fred Blatter                        -33.537          0.  0.0       3382. -38.487          0.  0.0          0.  0.0 
4905. Martins Rocens                         -33.57       2785. -21.935          0.  0.0          0.  0.0          0.  0.0 
4906. David Caldwell                        -33.575       4118. -75.199          0.  0.0          0.  0.0          0.  0.0 
4907. Thierry Neiens                        -33.588          0.  0.0       4189. -103.233          0.  0.0          0.  0.0 
4908. Pak Long Yeung                        -33.613        964. 33.82          0.  0.0          0.  0.0          0.  0.0 
4909. Tasuku Iwami                         -33.65       3972. -63.314          0.  0.0          0.  0.0          0.  0.0 
4910. Marian Laudin                        -33.673       1000. 32.341        657. 50.695          0.  0.0          0.  0.0 
4911. Strong Kirchheimer                        -33.702       2465. -9.939          0.  0.0          0.  0.0          0.  0.0 
4912. Dermot Sweeney                        -33.717          0.  0.0       2071. -1.018          0.  0.0          0.  0.0 
4913. Daniel Heryanto                        -33.721       3436. -36.964          0.  0.0          0.  0.0        841. 18.954 
4914. Ville Jansson                        -33.744        796. 43.944          0.  0.0          0.  0.0          0.  0.0 
4915. Herbert Rapp                        -33.755          0.  0.0       1175. 25.977          0.  0.0          0.  0.0 
4916. Vilius Gaubas                        -33.765        887. 39.015       1724. 7.268          0.  0.0          0.  0.0 
4917. Hugh Thomson                        -33.771          0.  0.0          0.  0.0       1780. -51.748          0.  0.0 
4918. John Maginley                        -33.773       2417. -8.174          0.  0.0          0.  0.0          0.  0.0 
4919. Tito Vazquez                        -33.788       1842. 4.678       1499. 16.592       1716. -46.949          0.  0.0 
4920. Cliff Mayne                        -33.792          0.  0.0          0.  0.0        715. 15.464          0.  0.0 
4921. Patrik Langvardt                        -33.815       1951. 2.062        354. 74.704       2018. -131.666          0.  0.0 
4922. Gilles Arnaud Bailly                        -33.834       1794. 6.064          0.  0.0          0.  0.0          0.  0.0 
4923. Cristian Paiz                        -33.993       1943. 2.213          0.  0.0          0.  0.0          0.  0.0 
4924. Brian Wilson                        -34.025       1502. 17.822          0.  0.0          0.  0.0       1873. -25.0 
4925. Rodney Harvey                        -34.032          0.  0.0          0.  0.0          0.  0.0       2290. -51.808 
4926. Hugo Dellien                        -34.048        703. 48.967       3507. -44.676          0.  0.0       2614. -126.884 
4927. Christian Lindell                        -34.077       3072. -25.426       1085. 29.103          0.  0.0          0.  0.0 
4928. Francesco Piccari                        -34.079          0.  0.0       2101. -1.616          0.  0.0          0.  0.0 
4929. Dan Nahirny                        -34.099        401. 71.888       2600. -17.058          0.  0.0          0.  0.0 
4930. Sascha Nensel                        -34.146        612. 54.282        683. 49.255          0.  0.0          0.  0.0 
4931. Steve Cornell                        -34.189       2261. -3.702          0.  0.0          0.  0.0          0.  0.0 
4932. Di Lin                        -34.245       3808. -53.226          0.  0.0          0.  0.0          0.  0.0 
4933. Prajnesh Gunneswaran                        -34.312        508. 62.453       3432. -40.884          0.  0.0          7. 179.283 
4934. Amine Ahouda                        -34.323       3617. -46.086       3145. -28.609       1355. -24.137          0.  0.0 
4935. Gustavo Garetto                        -34.325        502. 62.963       3822. -60.943          0.  0.0          0.  0.0 
4936. Dale Ogden                        -34.367       3305. -31.365          0.  0.0       2011. -122.201          0.  0.0 
4937. Maxime Authom                        -34.437       4248. -90.355          0.  0.0          0.  0.0          0.  0.0 
4938. Miguel Dungo                        -34.447       1395. 21.758       2180. -3.2          0.  0.0          0.  0.0 
4939. Israel Matos Gil                         -34.47          0.  0.0       3360. -37.251          0.  0.0          0.  0.0 
4940. Paul Dogger                        -34.471          0.  0.0       1768. 5.956          0.  0.0          0.  0.0 
4941. Razlan Rawi                         -34.48       3862. -56.331          0.  0.0          0.  0.0          0.  0.0 
4942. Suehiro Ito                        -34.498          0.  0.0       4199. -106.657          0.  0.0          0.  0.0 
4943. Aljoscha Thron                        -34.498          0.  0.0        105. 114.513       1437. -25.0          0.  0.0 
4944. Charles Broom                        -34.596          0.  0.0          0.  0.0          0.  0.0       2182. -43.638 
4945. Dirk Leppen                        -34.641          0.  0.0       2592. -16.699          0.  0.0          0.  0.0 
4946. Greg Peebles                        -34.643          0.  0.0          0.  0.0          0.  0.0       2149. -41.478 
4947. Tomm Warneke                          -34.7        639. 52.717       2547. -15.192        852. 4.504       1706. -22.341 
4948. Harald Rittersbacher                          -34.7       2026. 0.514        975. 34.18          0.  0.0          0.  0.0 
4949. Midodji Segbeaya                         -34.71       2885. -24.404       1667. 9.046          0.  0.0          0.  0.0 
4950. Sarvar Ikramov                        -34.718       3532. -42.258       3985. -74.024          0.  0.0          0.  0.0 
4951. Juan Pablo Brzezicki                         -34.73       2820. -22.912       1581. 12.41       1223. -17.196          0.  0.0 
4952. D Robert                        -34.734          0.  0.0          0.  0.0          0.  0.0       1777. -24.874 
4953. Ramin Raziyani                        -34.735       3419. -36.118       1316. 23.176          0.  0.0          0.  0.0 
4954. Phil Martin                        -34.737       2073. -0.131          0.  0.0          0.  0.0       1082. 4.018 
4955. Ronnie Barnes                        -34.737       3654. -47.119          0.  0.0          0.  0.0          0.  0.0 
4956. Denes Lukacs                        -34.761       1251. 25.0       3686. -52.077          0.  0.0          0.  0.0 
4957. Audley Bell                        -34.771        786. 44.534       3713. -53.816          0.  0.0          0.  0.0 
4958. Hiu Tung Yu                         -34.79       3169. -27.138       1426. 19.107          0.  0.0          0.  0.0 
4959. Otakar Jurecka                        -34.795          0.  0.0          0.  0.0       1889. -70.276          0.  0.0 
4960. Luis Baraldi                        -34.803       1135. 27.901        346. 75.437          0.  0.0       1213. -0.038 
4961. Fabrice Martin                        -34.826       1546. 15.947          0.  0.0          0.  0.0       2198. -45.245 
4962. Phil Siviter                        -34.852       3243. -29.187          0.  0.0          0.  0.0       1363. -4.308 
4963. Martin Antonio Vergara Del Puerto                        -34.855          0.  0.0       3099. -27.185          0.  0.0          0.  0.0 
4964. Abedallah Shelbayh                        -34.878       1677. 10.679       2266. -4.845          0.  0.0        486. 41.303 
4965. Richard Berner                        -34.882          0.  0.0       3728. -54.768          0.  0.0          0.  0.0 
4966. Alexis Klegou                        -34.888       3500. -40.623       4184. -102.828          0.  0.0          0.  0.0 
4967. Leeh Bienkowski                        -34.964       1934. 2.452       2278. -5.292          0.  0.0          0.  0.0 
4968. Facundo Mena                        -34.986        364. 75.394          0.  0.0          0.  0.0          0.  0.0 
4969. Armando Cornejo                        -35.013          0.  0.0        912. 37.585          0.  0.0       2125. -38.996 
4970. Brian Levine                        -35.078       3396. -35.202        384. 72.008          0.  0.0       1100. 3.232 
4971. Andrei Olhovskiy                        -35.101       3326. -32.181       3861. -64.143       1591. -35.001       2398. -65.262 
4972. Robert Bedard                        -35.112          0.  0.0       3631. -49.105          0.  0.0          0.  0.0 
4973. Iurie Gorban                        -35.145          0.  0.0       2954. -25.0         81. 100.498          0.  0.0 
4974. Ian Baudinet                        -35.203          0.  0.0          0.  0.0          0.  0.0        569. 32.967 
4975. Anand Amritraj                        -35.207        799. 43.564       3110. -27.39        228. 59.359       1036. 6.064 
4976. E Topham                        -35.232          0.  0.0          0.  0.0          0.  0.0       1265. -1.244 
4977. Phillip Williamson                        -35.289        821. 42.275          0.  0.0          0.  0.0          0.  0.0 
4978. Johan Vekemans                        -35.296          0.  0.0       2245. -4.465       1139. -8.769          0.  0.0 
4979. James Turner                          -35.3          0.  0.0          0.  0.0          0.  0.0       2507. -83.29 
4980. Toshitsugu Mori                        -35.304        172. 101.924          0.  0.0       1414. -25.0          0.  0.0 
4981. P Smith                         -35.33          0.  0.0          0.  0.0          0.  0.0       1184. 0.422 
4982. Pantelis Moschoutis                        -35.387          0.  0.0       3424. -40.209          0.  0.0          0.  0.0 
4983. Rhyne Williams                         -35.41       4069. -69.524       3935. -69.845          0.  0.0        835. 19.483 
4984. Henrik Sillanpaa                        -35.444          0.  0.0       3333. -35.878          0.  0.0          0.  0.0 
4985. Santiago Ventura                        -35.463       4168. -79.419       3356. -36.972          0.  0.0       2020. -30.593 
4986. Predrag Rusevski                         -35.61       2554. -13.392       2841. -24.371          0.  0.0          0.  0.0 
4987. Ivan Endara                        -35.625       1740. 7.988       3562. -46.801          0.  0.0          0.  0.0 
4988. Marcos Daniel                        -35.645       1539. 16.338       4263. -143.248          0.  0.0       1535. -12.798 
4989. Whitney Reed                        -35.675       2405. -7.783          0.  0.0       1098. -6.238          0.  0.0 
4990. Bien Dimalanta                        -35.767          0.  0.0          0.  0.0          0.  0.0          0.  0.0 
4991. Daniel Rincon                         -35.77          0.  0.0       1176. 25.939          0.  0.0          0.  0.0 
4992. Ke Qin Ma                        -35.773       1236. 25.0       4204. -108.692       1962. -91.526          0.  0.0 
4993. Yunseong Chung                        -35.782       3991. -64.313          0.  0.0          0.  0.0       1007. 7.967 
4994. Jordi Samper Montana                         -35.81          0.  0.0       1879. 3.061          0.  0.0          0.  0.0 
4995. Henrik Andersson                        -35.857          0.  0.0       2419. -9.323          0.  0.0          0.  0.0 
4996. Brent Pirow                         -35.88       1149. 27.421       2125. -1.88          0.  0.0        681. 25.751 
4997. Benedikt Dorsch                        -35.881       4028. -66.548          0.  0.0          0.  0.0       1704. -22.178 
4998. Guillem Burniol                        -35.969          0.  0.0       4172. -99.034          0.  0.0          0.  0.0 
4999. John Marinov                         -35.98       1468. 19.242          0.  0.0          0.  0.0          0.  0.0 
5000. Ruan Roelofse                        -36.002       1400. 21.628       3200. -30.859          0.  0.0          0.  0.0 
5001. Sebti Bounaib                         -36.05          0.  0.0        998. 33.122          0.  0.0          0.  0.0 
5002. Bobby Webb                        -36.073       2595. -15.135       1944. 1.638          0.  0.0          0.  0.0 
5003. Nicolas Becerra                        -36.136       3789. -52.324       4255. -137.276          0.  0.0          0.  0.0 
5004. Scott Carnahan                        -36.137       3484. -39.988       2533. -14.825        762. 10.884       2572. -97.389 
5005. Laurie Warder                        -36.152        151. 107.902       2573. -16.018        362. 41.465       1526. -12.294 
5006. Andrey Kumantsov                        -36.163        777. 44.821          0.  0.0          0.  0.0          0.  0.0 
5007. Arif Kocak                        -36.214          0.  0.0       3182. -29.863          0.  0.0          0.  0.0 
5008. Mark Gurr                        -36.226       1307. 24.198          0.  0.0          0.  0.0          0.  0.0 
5009. Joe Globisch                        -36.232       3753. -50.426       4149. -93.625          0.  0.0          0.  0.0 
5010. Bill Gilmour                        -36.236       3203. -28.11          0.  0.0          0.  0.0       1274. -1.566 
5011. Nikola Gnjatovic                        -36.248          0.  0.0        900. 38.262          0.  0.0          0.  0.0 
5012. Michael Kures                        -36.271       4388. -145.478        180. 98.181       1685. -44.502       2503. -82.685 
5013. Ariel Behar                          -36.3        134. 111.407       2382. -8.103          0.  0.0          0.  0.0 
5014. Shan Jiang                        -36.378       1675. 10.763          0.  0.0          0.  0.0       1291. -1.796 
5015. Alberto Paris                        -36.379       1775. 6.585        964. 34.733          0.  0.0          0.  0.0 
5016. Clyde Smithwick                         -36.48          0.  0.0          0.  0.0          0.  0.0        910. 14.205 
5017. Roman Borvanov                        -36.498       2560. -13.551          0.  0.0          0.  0.0          0.  0.0 
5018. Segun Akinloye                        -36.626       2636. -16.498          0.  0.0          0.  0.0          0.  0.0 
5019. Inaki Calvo                        -36.636       3303. -31.357          0.  0.0          0.  0.0          0.  0.0 
5020. Paul Dogherty                        -36.645          0.  0.0          0.  0.0          0.  0.0       2558. -94.016 
5021. Robbie Venter                         -36.67       3558. -43.718       3707. -53.356          0.  0.0       2227. -47.205 
5022. Bailey Brown                        -36.675       1976. 1.519       1593. 11.929          0.  0.0          0.  0.0 
5023. Gustavo Guerrero                        -36.687          0.  0.0       1920. 2.14          0.  0.0          0.  0.0 
5024. Mikhail Ledovskikh                        -36.717       3357. -33.311       3790. -59.289        663. 20.497       1536. -12.971 
5025. Fabrizio Matteoli                        -36.763          0.  0.0       3144. -28.531       1953. -87.981          0.  0.0 
5026. S Pearson                        -36.784          0.  0.0          0.  0.0          0.  0.0        482. 41.457 
5027. Alan Chandronnait                        -36.808          0.  0.0       3500. -44.399          0.  0.0          0.  0.0 
5028. Andres Vatrican                         -36.81          0.  0.0          0.  0.0          0.  0.0          0.  0.0 
5029. Daniel Windahl                        -36.824       1856. 4.325          0.  0.0          0.  0.0          0.  0.0 
5030. Mark Ferreira                        -36.836       1139. 27.731          0.  0.0          0.  0.0          0.  0.0 
5031. Theo Gorter                        -36.858          0.  0.0        248. 88.097          0.  0.0          0.  0.0 
5032. Giorgio Carneade                        -36.867       2537. -12.728       2515. -13.649          0.  0.0          0.  0.0 
5033. Gavaskar Williams                        -36.906       1706. 9.025          0.  0.0          0.  0.0          0.  0.0 
5034. Lajos Levai                        -36.917        444. 68.241       1452. 18.249          0.  0.0          0.  0.0 
5035. Jilani Bouhafa                        -36.945          0.  0.0       2308. -6.106          0.  0.0          0.  0.0 
5036. Todor Enev                        -36.959       3863. -56.52       3197. -30.601        618. 23.248          0.  0.0 
5037. Sergi Duran                        -37.008          0.  0.0       3614. -48.338          0.  0.0       1329. -2.808 
5038. Heath Denman                        -37.009       4137. -76.87          0.  0.0          0.  0.0          0.  0.0 
5039. Maximo Gonzalez                        -37.017       3112. -26.168       2671. -19.389          0.  0.0        125. 92.684 
5040. Fred Drilling                        -37.021       3682. -48.204        265. 84.982          0.  0.0          0.  0.0 
5041. Craig Smith                        -37.021          0.  0.0        842. 41.592          0.  0.0          0.  0.0 
5042. Andrew Kratzmann                        -37.047       4171. -80.252          0.  0.0          0.  0.0          0.  0.0 
5043. Bob Howe                        -37.068        391. 72.768       3259. -33.16          0.  0.0        436. 45.904 
5044. Juan Martin Aranguren                        -37.068          0.  0.0       4205. -108.896          0.  0.0          0.  0.0 
5045. Reza Nakhai                        -37.073       2153. -1.632          0.  0.0          0.  0.0          0.  0.0 
5046. Uriel Oquendo Sr                        -37.075          0.  0.0        190. 96.369          0.  0.0        417. 47.521 
5047. Andre Thielemans                        -37.085          0.  0.0       3477. -43.02          0.  0.0          0.  0.0 
5048. Gottfried Dallwitz                        -37.101          0.  0.0       1897. 2.595          0.  0.0          0.  0.0 
5049. Marco Bellini                        -37.165       1087. 29.324       4214. -113.038          0.  0.0          0.  0.0 
5050. Nobuya Tamura                        -37.229          0.  0.0       4162. -96.66          0.  0.0          0.  0.0 
5051. Illia Biloborodko                        -37.288       1906. 3.304       1656. 9.411          0.  0.0          0.  0.0 
5052. Stephen Temple                        -37.292          0.  0.0       1773. 5.66          0.  0.0          0.  0.0 
5053. Eduardo Rincon                        -37.304        281. 83.051       1104. 28.417          0.  0.0          0.  0.0 
5054. Renato Joaquim                        -37.341       4300. -100.689       1766. 5.986          0.  0.0          0.  0.0 
5055. Gonzalo Nunez                         -37.38          0.  0.0        310. 79.266          0.  0.0          0.  0.0 
5056. Simen Sunde Bratholm                         -37.43       3060. -25.184          0.  0.0          0.  0.0          0.  0.0 
5057. Rajeev Rajapakse                         -37.45          0.  0.0       2166. -2.756          0.  0.0          0.  0.0 
5058. Chuck Darley                        -37.461       1983. 1.42          0.  0.0       1373. -25.0          0.  0.0 
5059. Anil Yuksel                         -37.49       4334. -108.64       1103. 28.437          0.  0.0          0.  0.0 
5060. Younes Lalami Laaroussi                        -37.492          0.  0.0       1898. 2.543          0.  0.0          0.  0.0 
5061. Marco Seruca                        -37.534          0.  0.0        619. 52.925          0.  0.0          0.  0.0 
5062. Joao Pedro Sorgi                        -37.535        715. 48.323          0.  0.0          0.  0.0          0.  0.0 
5063. Murkel Alejandro Dellien Velasco                         -37.56       1518. 16.985        913. 37.496          0.  0.0          0.  0.0 
5064. Akinori Naguro                        -37.573          0.  0.0       2755. -21.906          0.  0.0          0.  0.0 
5065. Temur Ismailov                        -37.636       1216. 25.503       4117. -88.22          0.  0.0          0.  0.0 
5066. Arlo Elkins                        -37.715          0.  0.0          0.  0.0          0.  0.0       2361. -60.236 
5067. Michael Greenberg                        -37.721       4397. -169.766          0.  0.0       1801. -55.553          0.  0.0 
5068. Necvet Demir                         -37.73       1893. 3.573       1703. 7.85          0.  0.0          0.  0.0 
5069. Charles Bud Cox                        -37.739       4379. -133.124       2067. -0.952        876. 2.992       1585. -16.319 
5070. Diego Junqueira                        -37.739        966. 33.727       1618. 10.917          0.  0.0       2075. -34.985 
5071. Lado Chikhladze                        -37.763       2077. -0.21       3558. -46.747        353. 42.354          0.  0.0 
5072. Luis Diego Nunez                        -37.776       4024. -66.48          0.  0.0          0.  0.0          0.  0.0 
5073. Paul Henri Mathieu                        -37.779       3481. -39.818       1413. 19.674         21. 132.337        271. 64.572 
5074. Thomas Kromann                         -37.84       1423. 20.734        828. 41.981          0.  0.0          0.  0.0 
5075. Juan Rios                        -37.853       3605. -45.794       3979. -73.63          0.  0.0          0.  0.0 
5076. Daniel Berta                        -37.858          0.  0.0       2577. -16.125          0.  0.0        302. 60.513 
5077. Genaro Deleon                        -37.891       2187. -2.052       1510. 16.309          0.  0.0          0.  0.0 
5078. Daniel Vallverdu                        -37.906       1187. 26.55       2023. -0.18          0.  0.0          0.  0.0 
5079. Ingo Buding                        -37.918       1974. 1.548        715. 47.954       1066. -4.628         68. 114.579 
5080. Torsten Popp                        -37.938          0.  0.0       3557. -46.682          0.  0.0          0.  0.0 
5081. Alexandre Simoni                         -37.94       3752. -50.41       3913. -68.256          0.  0.0        636. 27.969 
5082. Tony Bardsley                        -37.984       1857.  4.3       1555. 13.517        513. 26.964        330. 57.464 
5083. Abdel Majid Soudani                         -37.99        689. 50.0       2100. -1.609       1477. -26.035          0.  0.0 
5084. Russell Barlow                        -38.004        576. 56.761       4110. -86.943       1723. -47.489       1864. -25.0 
5085. Omer Rashid                         -38.03       1716. 8.785       1386. 20.496          0.  0.0       1347. -3.456 
5086. Bill Lloyd                          -38.1        605. 54.577       3246. -32.727        413. 34.473        444. 45.131 
5087. Lucas Catarina                        -38.115       3697. -48.394        184. 97.757          0.  0.0          0.  0.0 
5088. John Adams                        -38.135        623. 53.381          0.  0.0          0.  0.0          0.  0.0 
5089. Harel Levy                        -38.145        590. 55.815       3462. -42.332        833. 5.654       1961. -27.75 
5090. Charlton Eagle                        -38.166        993. 32.501          0.  0.0          0.  0.0        412. 48.286 
5091. Dishan Herath                        -38.177          0.  0.0        873. 39.594          0.  0.0          0.  0.0 
5092. Jerry Joseph                        -38.186        914. 37.165       2138. -2.16          0.  0.0          0.  0.0 
5093. Simon Youl                        -38.344       3493. -40.248        836. 41.751       1325. -22.869        305. 60.259 
5094. Baris Erguden                        -38.363       2282. -4.167          0.  0.0       1454. -25.0          0.  0.0 
5095. Mate Valkusz                        -38.381       2615. -15.647       1288. 23.914          0.  0.0          0.  0.0 
5096. David Lewis                        -38.411       2230. -3.076       3410. -39.655        996. -2.157       2208. -46.296 
5097. Raphael Collignon                        -38.445       4013. -65.294          0.  0.0          0.  0.0          0.  0.0 
5098. Slim Hamza                        -38.503       2432. -8.777          0.  0.0          0.  0.0          0.  0.0 
5099. Emilio Nava                        -38.531       1475. 18.915       3198. -30.614          0.  0.0       1900. -25.46 
5100. Goran Tosic                         -38.54          0.  0.0       2151. -2.327          0.  0.0          0.  0.0 
5101. Tai Wei Liu                        -38.586       1184. 26.64          0.  0.0       1077. -5.21          0.  0.0 
5102. Leo Borg                        -38.631         45. 144.69       3521. -45.092          0.  0.0          0.  0.0 
5103. Kenneth Raisma                        -38.684       1728. 8.277          0.  0.0          0.  0.0          0.  0.0 
5104. Kevin Moir                        -38.692        723. 48.058          0.  0.0          0.  0.0       2513. -84.346 
5105. Manuel De Sousa                        -38.714          0.  0.0        604. 53.692          0.  0.0          0.  0.0 
5106. Bob Powell                        -38.733          0.  0.0          0.  0.0          0.  0.0       1756. -24.046 
5107. Melvin Pereira                        -38.748          0.  0.0          0.  0.0       1069. -4.754          0.  0.0 
5108. Larry Collins                        -38.761          0.  0.0       4074. -83.641          0.  0.0          0.  0.0 
5109. Carlos Kirmayr                        -38.761       1079. 29.545       3272. -33.517        953. -0.256       2247. -48.359 
5110. Wai Yaw Liu                        -38.787       4017. -65.676          0.  0.0       1068. -4.754          0.  0.0 
5111. Jesus Francisco Felix                        -38.793       3160. -26.947       2631. -18.275          0.  0.0          0.  0.0 
5112. Pierre Lamarche                        -38.802          0.  0.0       3899. -67.31       1559. -31.374          0.  0.0 
5113. Hadiman Hadiman                        -38.905          0.  0.0       2679. -19.735          0.  0.0          0.  0.0 
5114. Cristobal Saavedra Corvalan                        -38.905          0.  0.0       2802. -23.292          0.  0.0          0.  0.0 
5115. Ken Weatherley                        -38.959          0.  0.0          0.  0.0       1906. -73.158       2440. -70.251 
5116. Sebastian Prieto                        -38.962        204. 96.249       2436. -10.215       1883. -69.556          0.  0.0 
5117. Sergio Rojas                        -38.982       4241. -89.193          0.  0.0          0.  0.0          0.  0.0 
5118. Suharyadi Suharyadi                        -39.002       1990. 1.306       1836. 3.939        784. 9.569          0.  0.0 
5119. A Mcgrath                        -39.032          0.  0.0          0.  0.0          0.  0.0       2368. -61.404 
5120. Sander Groen                        -39.074       2475. -10.59          0.  0.0        893. 2.28       2569. -96.438 
5121. Fred Hemmes                        -39.133       1181. 26.789       3660. -50.706       1127. -8.101       1384. -5.144 
5122. Steven Randjelovic                        -39.134          0.  0.0       3113. -27.483          0.  0.0        832. 19.708 
5123. Martin Landaluce                        -39.174        517. 61.486        274. 84.01          0.  0.0          0.  0.0 
5124. Derek Schroder                        -39.192         97. 121.109       1094. 28.828          0.  0.0        630. 28.3 
5125. Jan Coebergh                        -39.217       2139. -1.433       2508. -13.21          0.  0.0          0.  0.0 
5126. Michael Leong                        -39.232        904. 37.796          0.  0.0       1234. -18.274          0.  0.0 
5127. Taisen Kanai                        -39.236          0.  0.0       3482. -43.317          0.  0.0          0.  0.0 
5128. Ricky Brown                        -39.258        968. 33.595       1013. 32.392        434. 32.379        878. 16.447 
5129. Jose Luis Aparisi                        -39.332          0.  0.0       4131. -89.771       1865. -66.482          0.  0.0 
5130. Michael Daniel                        -39.366       3997. -64.53          0.  0.0          0.  0.0          0.  0.0 
5131. Ross Olivieri                        -39.424          0.  0.0          0.  0.0          0.  0.0        225. 71.851 
5132. Michael John Misa                        -39.465       3440. -37.528          0.  0.0          0.  0.0          0.  0.0 
5133. Roger Dowdeswell                        -39.475       4065. -69.235       3435. -40.961       1896. -71.14        825. 19.836 
5134. Fredrik Ask                        -39.479       3980. -63.767       2056. -0.693          0.  0.0          0.  0.0 
5135. Hyeong Keun Song                        -39.524       4239. -89.086          0.  0.0          0.  0.0          0.  0.0 
5136. Johannes Ager                        -39.542          0.  0.0       3975. -73.307          0.  0.0          0.  0.0 
5137. Yann Auzoux                        -39.551       3633. -46.55          0.  0.0          0.  0.0          0.  0.0 
5138. Jan Svensen                        -39.565          0.  0.0       3132. -28.076          0.  0.0          0.  0.0 
5139. Zura Tkemaladze                        -39.584       3711. -48.854          0.  0.0          0.  0.0          0.  0.0 
5140. Stephane Huet                          -39.6       1804. 5.713       1035. 31.15       1343. -23.635       2358. -59.981 
5141. Ross Mcghie                        -39.631       1302. 24.42          0.  0.0          0.  0.0       1107. 2.966 
5142. Zhao Xie                        -39.661       2034. 0.436       2553. -15.301          0.  0.0          0.  0.0 
5143. Joey Rive                        -39.663        697. 49.378       1725. 7.238       1305. -21.765        203. 74.895 
5144. Salifu Mohammed                        -39.663       1197. 26.274       1313. 23.204          0.  0.0          0.  0.0 
5145. Pablo Nunez                        -39.684       2910. -24.876          0.  0.0          0.  0.0          0.  0.0 
5146. Paul Hoffmann                        -39.689       1953. 2.009          0.  0.0          0.  0.0          0.  0.0 
5147. Conor Gannon                        -39.712          0.  0.0       3643. -49.616          0.  0.0          0.  0.0 
5148. Robert Millington                        -39.733       4158. -78.38          0.  0.0          0.  0.0        401. 49.984 
5149. Filip Urban                         -39.75          0.  0.0       1562. 13.244          0.  0.0          0.  0.0 
5150. Magnus Zeile                         -39.81       4213. -84.784       1527. 15.437          0.  0.0          0.  0.0 
5151. Jean Paul Meyer                        -39.813       3699. -48.419       1788. 5.179          0.  0.0       1574. -15.721 
5152. Nicolas Massu                        -39.833       3917. -59.874       2276. -5.208        481. 28.414       1259. -1.127 
5153. Alvaro Margets                        -39.883          0.  0.0       2754. -21.873          0.  0.0          0.  0.0 
5154. Thibault Kuentz                        -39.931          0.  0.0          0.  0.0       2019. -132.004          0.  0.0 
5155. Karim Afifi                        -39.942       3882. -57.59          0.  0.0          0.  0.0          0.  0.0 
5156. Chu Huan Yi                         -39.95       2748. -20.61          0.  0.0          0.  0.0          0.  0.0 
5157. Keith Watson                        -39.959          0.  0.0        569. 55.939          0.  0.0          0.  0.0 
5158. Daniele Musa                        -39.963        150. 107.924       3121. -27.758        430. 32.639          0.  0.0 
5159. Antony Emerson                        -40.051        702. 48.977          0.  0.0       1610. -37.147       2080. -35.321 
5160. Geoff Pollard                         -40.06       1084. 29.385          0.  0.0          0.  0.0       2554. -93.02 
5161. Michael Oberleitner                        -40.147       2418. -8.27          0.  0.0       2021. -134.869          0.  0.0 
5162. Pichet Boratisa                        -40.187       1211. 25.591          0.  0.0          0.  0.0          0.  0.0 
5163. Adrian Graimprey                          -40.2       2409. -7.85          0.  0.0       1665. -42.206          0.  0.0 
5164. Peter Torebko                        -40.219          0.  0.0        858. 40.535          0.  0.0          0.  0.0 
5165. Joao Menezes                        -40.269       2424. -8.516       1475. 17.525          0.  0.0          0.  0.0 
5166. Mahtabur Rahman                        -40.311       1361. 22.796          0.  0.0          0.  0.0          0.  0.0 
5167. Jacob Coenraad De Klerk                        -40.325       1288. 24.767          0.  0.0          0.  0.0          0.  0.0 
5168. John Edmonds                        -40.352          0.  0.0          0.  0.0          0.  0.0       1317. -2.491 
5169. Lars Samuelson                         -40.45       3297. -31.109       4057. -80.634          0.  0.0          0.  0.0 
5170. Kevin Krawietz                        -40.501       1411. 21.278       3754. -57.022          0.  0.0        159. 83.265 
5171. Mike Urbanija                        -40.513       2048. 0.139          0.  0.0          0.  0.0          0.  0.0 
5172. Robin Kern                        -40.518          0.  0.0       3025. -25.552          0.  0.0          0.  0.0 
5173. Kanyab Derafshidjavan                        -40.546          0.  0.0         82. 120.591          0.  0.0          0.  0.0 
5174. Robert Smeets                        -40.566        733. 47.256       3632. -49.19          0.  0.0          0.  0.0 
5175. Bill Shivar                        -40.573        624. 53.371       2854. -24.678         59. 111.817          0.  0.0 
5176. Bengt Aberg                        -40.621        152. 107.901       1526. 15.479          0.  0.0          0.  0.0 
5177. Lefteris Alexiou                        -40.665       2515. -12.026       3149. -28.832          0.  0.0          0.  0.0 
5178. Bob Brien                        -40.686       3626. -46.391        817. 42.71          0.  0.0        481. 41.524 
5179. Junjo Kawamuri                        -40.783       2875. -24.057          0.  0.0          0.  0.0       1340. -3.201 
5180. R Orford                        -40.786       3161. -26.956          0.  0.0          0.  0.0        729. 24.421 
5181. Christoffer Konigsfeldt                         -40.79       2370. -6.758          0.  0.0          0.  0.0          0.  0.0 
5182. Liam Caruana                        -40.856       2294. -4.388          0.  0.0          0.  0.0          0.  0.0 
5183. Steve Turner                        -40.936       1286. 24.777       1957. 1.28       2020. -132.204        978. 9.807 
5184. Mubarak Shannan Zayid                        -40.938         28. 152.883          0.  0.0          0.  0.0          0.  0.0 
5185. Juan Avendano                        -40.964        877. 39.424       2290. -5.558          0.  0.0       1991. -29.288 
5186. Kush Bhardwaj                         -40.99       2855. -23.646       3387. -38.672          0.  0.0          0.  0.0 
5187. Fajing Sun                        -41.008       2001. 1.017       2991. -25.0          0.  0.0          0.  0.0 
5188. Mark Simmons                        -41.037          0.  0.0          0.  0.0          0.  0.0        658. 26.778 
5189. Bret Garnett                        -41.098       3807. -53.193          0.  0.0        394. 36.829        676. 26.186 
5190. Colin Mchugo                        -41.118          0.  0.0          0.  0.0          0.  0.0       1377. -4.855 
5191. Rick Rudeen                        -41.119       3769. -51.102       3160. -29.096          0.  0.0          0.  0.0 
5192. Greg Shephard                         -41.16       3090. -25.674          0.  0.0        404. 35.504          0.  0.0 
5193. Scott Gessner                        -41.209        978. 33.242       3253. -33.041          0.  0.0          0.  0.0 
5194. Dean Obrien                        -41.217       3466. -39.089          0.  0.0          0.  0.0          0.  0.0 
5195. Juan Carlos Rebaza Lozano                         -41.31       2164. -1.796          0.  0.0        949. -0.128          0.  0.0 
5196. John Hillebrand                        -41.351          0.  0.0          0.  0.0          0.  0.0        614. 29.243 
5197. David Adams                        -41.351       2801. -22.517       1437. 18.737        422. 33.408        815. 20.311 
5198. Roberto Jabali                        -41.412        484. 64.632       2325. -6.562        737. 13.097          0.  0.0 
5199. Brian Roe                        -41.413        800. 43.483          0.  0.0          0.  0.0          0.  0.0 
5200. Ivo Klec                        -41.444       2725. -19.873        996. 33.182          0.  0.0          0.  0.0 
5201. Hsin Han Lee                        -41.474       1279. 24.901          0.  0.0       1550. -30.163          0.  0.0 
5202. Jeff Tarango                        -41.613       4341. -111.721       2677. -19.6        244. 56.786         39. 131.257 
5203. Mattias Siimar                        -41.619       4299. -100.496          0.  0.0          0.  0.0          0.  0.0 
5204. Matti Timonen                        -41.669       3323. -32.098       2294. -5.62       1176. -12.945       1072. 4.492 
5205. Mohammed Abdul Fatah                        -41.708          0.  0.0          0.  0.0          0.  0.0          0.  0.0 
5206. David Lloyd                        -41.722        256. 86.54       4014. -75.924         47. 116.984        737. 23.948 
5207. Luca Nardi                        -41.722       1859. 4.261       1489. 16.99          0.  0.0       2626. -193.13 
5208. Mark Farrell                        -41.751       2765. -21.307       3811. -60.303        648. 21.051        497. 40.072 
5209. Santiago Maresca                        -41.778       1796. 6.038       1899. 2.537          0.  0.0          0.  0.0 
5210. Luca Bottazzi                        -41.789          0.  0.0       4239. -124.649        752. 11.467          0.  0.0 
5211. Mike Styles                        -41.816       1562. 15.486          0.  0.0          0.  0.0       2524. -86.786 
5212. Robin Roshardt                        -41.853          0.  0.0       3109. -27.371          0.  0.0          0.  0.0 
5213. Sean Karam                        -41.954       3434. -36.734       2957. -25.0          0.  0.0          0.  0.0 
5214. Jaroslav Bulant                        -41.977          0.  0.0        899. 38.277       1703. -46.232          0.  0.0 
5215. Jean Lovera                        -42.014          0.  0.0       2092. -1.466          0.  0.0          0.  0.0 
5216. Jose Medrano                        -42.059        754. 46.427       3588. -47.763          0.  0.0          0.  0.0 
5217. Fredrik Waern                        -42.093       1356. 22.936       2783. -22.659       1273. -20.346          0.  0.0 
5218. Brant Bailey                        -42.135        272. 84.611       2238. -4.33          0.  0.0          0.  0.0 
5219. Jose Vilela                        -42.146          0.  0.0       3074. -26.62          0.  0.0          0.  0.0 
5220. Herve Gauvain                        -42.149       3356. -33.242       2702. -20.497        991. -1.917       1720. -22.829 
5221. Mark Vines                        -42.178        103. 119.514       3285. -34.054       1712. -46.733       2060. -34.192 
5222. Amable Plaza                        -42.228       2241. -3.321       2210. -3.672          0.  0.0          0.  0.0 
5223. Vaclav Safranek                        -42.233       2106. -0.643       3221. -31.656          0.  0.0          0.  0.0 
5224. Joris De Loore                        -42.239       3827. -54.203       2731. -21.218          0.  0.0          0.  0.0 
5225. Riccardo Ghedin                        -42.247       3056. -25.14          0.  0.0          0.  0.0        197. 75.311 
5226. Jc Aragone                        -42.305        892. 38.733          0.  0.0          0.  0.0       2416. -68.124 
5227. Denis Golovanov                        -42.345       3998. -64.564          0.  0.0       1720. -47.152       2086. -35.631 
5228. Jackie Cooper                        -42.368          0.  0.0        815. 43.048          0.  0.0          0.  0.0 
5229. Givi Samkharadze                        -42.398          0.  0.0       3783. -58.705          0.  0.0          0.  0.0 
5230. Ray Keenan                         -42.48       1147. 27.457          0.  0.0          0.  0.0       1273. -1.565 
5231. Gabor Borsos                        -42.496       2213. -2.527       3021. -25.436          0.  0.0          0.  0.0 
5232. Daniel Alejandro Lopez Cassaccia                        -42.508       1328. 23.469       1360. 21.537          0.  0.0          0.  0.0 
5233. Kris Van Wyk                        -42.515       1470. 19.196          0.  0.0          0.  0.0          0.  0.0 
5234. Jean Pierre Richer                        -42.535          0.  0.0       3927. -69.045          0.  0.0          0.  0.0 
5235. Ali Ismaeel                         -42.57       3385. -34.684          0.  0.0          0.  0.0          0.  0.0 
5236. Ajit Perera                        -42.596          0.  0.0       2857. -24.753          0.  0.0          0.  0.0 
5237. Raimonds Sproga                         -42.61       3360. -33.416       1218. 25.0       1541. -29.743          0.  0.0 
5238. Gabriel Trifu                        -42.614          0.  0.0        664. 50.231        914. 1.321       2422. -68.667 
5239. Guy Tytherleigh                        -42.652          0.  0.0          0.  0.0          0.  0.0       1292. -1.818 
5240. Chun Hun Wong                        -42.686       2589. -14.825          0.  0.0          0.  0.0          0.  0.0 
5241. John Corse                        -42.721          0.  0.0          0.  0.0       1155. -10.633          0.  0.0 
5242. Ruben Ramirez Hidalgo                        -42.779       4074. -70.05       3004. -25.114       1000. -2.329        443. 45.242 
5243. Cheng Fong Chang                        -42.875          0.  0.0       2939. -25.0       2012. -126.27          0.  0.0 
5244. Hassan Soudani                        -42.899          0.  0.0       1770. 5.848       1478. -26.035          0.  0.0 
5245. Matic Kriznik                        -42.906       2221. -2.86       2606. -17.187          0.  0.0          0.  0.0 
5246. Rene Hanak                        -42.943          0.  0.0        625. 52.626       1078. -5.315          0.  0.0 
5247. Zibusiso Ncube                         -42.97       4182. -80.994       2307. -6.091          0.  0.0          0.  0.0 
5248. Pavel Snobel                        -42.985         12. 178.299          0.  0.0          0.  0.0        288. 62.095 
5249. Dac Tien Nguyen                        -43.052       1877. 3.837          0.  0.0          0.  0.0          0.  0.0 
5250. Peerakiat Siriluethaiwattana                        -43.084       3637. -46.659          0.  0.0          0.  0.0          0.  0.0 
5251. Matthew Foster Estwick                        -43.095       4112. -74.643          0.  0.0          0.  0.0          0.  0.0 
5252. Finn Tearney                        -43.119       1731. 8.244          0.  0.0          0.  0.0          0.  0.0 
5253. Tom James                        -43.121          0.  0.0       2379. -8.069          0.  0.0          0.  0.0 
5254. Hans Kary                        -43.152       3465. -39.049       3922. -68.714       1310. -22.088       1701. -22.138 
5255. Evghenii Plugariov                        -43.228          0.  0.0       3992. -74.459          0.  0.0          0.  0.0 
5256. Charles Honey                        -43.233       3556. -43.609          0.  0.0        736. 13.131          0.  0.0 
5257. Juan Carlos Bianchi                        -43.352       2222. -2.874          0.  0.0          0.  0.0          0.  0.0 
5258. P Sullivan                         -43.36          0.  0.0          0.  0.0          0.  0.0       1966. -27.979 
5259. Reinhard Wawra                        -43.367          0.  0.0       1511. 16.244       1402. -25.0          0.  0.0 
5260. Jerome Vanier                        -43.452       2749. -20.624       3534. -45.568       1788. -53.529       1355. -3.925 
5261. Joan Jimenez Guerra                        -43.519          0.  0.0          0.  0.0       1307. -21.858          0.  0.0 
5262. Valerio Boccito                         -43.55       2223. -2.88          0.  0.0          0.  0.0          0.  0.0 
5263. El Hadj Diedhiou                        -43.559       4206. -84.217          0.  0.0          0.  0.0          0.  0.0 
5264. Carlos Behar                        -43.565          0.  0.0       1506. 16.426          0.  0.0       1671. -20.639 
5265. Mehdi Tahiri                        -43.589       1949. 2.089       1364. 21.41        857. 3.846         11. 171.835 
5266. Rodrigo Gabriel                        -43.598        817. 42.403          0.  0.0          0.  0.0          0.  0.0 
5267. Christophe Tholl                        -43.614       2911. -24.887          0.  0.0          0.  0.0          0.  0.0 
5268. Dennis Davis                        -43.641        716. 48.316          0.  0.0          0.  0.0          0.  0.0 
5269. Luis Patino                        -43.641       2835. -23.244       4225. -116.355          0.  0.0          0.  0.0 
5270. Kiyotaka Tachibana                        -43.644       3246. -29.234          0.  0.0          0.  0.0          0.  0.0 
5271. Larry Kroll                        -43.765          0.  0.0       3247. -32.729          0.  0.0       1822. -25.0 
5272. Jose Cordon                        -43.793          0.  0.0       4226. -117.428          0.  0.0          0.  0.0 
5273. Max Pettman                        -43.799          0.  0.0       2909. -25.0          0.  0.0        635. 27.976 
5274. Eiji Takeuchi                        -43.808       3850. -55.645       2661. -19.094        926. 0.504          0.  0.0 
5275. Jesse Huta Galung                        -43.814        144. 108.672       1696. 8.058       1197. -15.124       2063. -34.393 
5276. Dias Doskarayev                        -43.818       1608. 13.889          0.  0.0       1430. -25.0          0.  0.0 
5277. Hector Nevares                        -43.838        876. 39.483          0.  0.0          0.  0.0          0.  0.0 
5278. David Pratt                        -43.854        629. 53.095          0.  0.0          0.  0.0          0.  0.0 
5279. Guillermo Oropez                        -43.858       3648. -46.918       3038. -25.933       1379. -25.0          0.  0.0 
5280. David Hall                        -43.858          0.  0.0       2331. -6.736          0.  0.0       1738. -23.619 
5281. Gunther Gnettner                        -43.878          0.  0.0       3700. -52.966        275. 51.309          0.  0.0 
5282. Kaoru Maruyama                        -44.019       1879. 3.822       2384. -8.205       1528. -28.799          0.  0.0 
5283. Martin Verkerk                        -44.053       1614. 13.56        859. 40.508        529. 26.194       1161. 1.164 
5284. Maxim Dubarenco                        -44.075       3429. -36.508        706. 48.325       1451. -25.0          0.  0.0 
5285. Lito Alvarez                        -44.092       3077. -25.452       1071. 29.774        713. 15.564       1085. 3.925 
5286. Jeff Twist                        -44.144       2828. -23.095          0.  0.0          0.  0.0        962. 10.909 
5287. Matthew Prentice                        -44.163       3631. -46.532          0.  0.0          0.  0.0          0.  0.0 
5288. Stephan Medem                        -44.237       3685. -48.204       3309. -35.055          0.  0.0          0.  0.0 
5289. Ivan Vajda                        -44.274          0.  0.0       2153. -2.361          0.  0.0          0.  0.0 
5290. Jehad Sheet                         -44.29          0.  0.0       2231. -4.255          0.  0.0          0.  0.0 
5291. Eleftherios Christou                        -44.323          0.  0.0       1909. 2.307          0.  0.0          0.  0.0 
5292. Sergei Cuptov                        -44.366       2992. -25.0       3250. -32.801        562. 25.0          0.  0.0 
5293. Valentin Dimov                         -44.38          0.  0.0       3003. -25.108          0.  0.0          0.  0.0 
5294. Premjit Lall                        -44.402       2458. -9.73       4109. -86.883        753. 11.441       1362. -4.259 
5295. Nick Chappell                        -44.402       3615. -46.064          0.  0.0          0.  0.0          0.  0.0 
5296. Ohad Weinberg                        -44.442       1778. 6.537          0.  0.0          0.  0.0          0.  0.0 
5297. Robbie Koenig                        -44.502       3083. -25.524          0.  0.0       1065. -4.543       1556. -14.042 
5298. James Mcgee                        -44.515        127. 113.332       1291. 23.898        303. 48.187          0.  0.0 
5299. Pedro Sousa                        -44.535       3890. -58.016       3752. -56.808        574. 25.0        725. 24.522 
5300. Lou Monte                        -44.536          0.  0.0       2222. -3.963          0.  0.0          0.  0.0 
5301. Filippo Baldi                        -44.556          0.  0.0       2387. -8.29          0.  0.0          0.  0.0 
5302. Zhe Li                        -44.632       3793. -52.645          0.  0.0          0.  0.0          0.  0.0 
5303. Ladislav Svarc                        -44.641        888. 39.011       2305. -5.993          0.  0.0          0.  0.0 
5304. Gerry Waldron                        -44.645          0.  0.0          0.  0.0          0.  0.0        932. 12.458 
5305. Jean Marc Bazanne                        -44.673       3944. -61.622          0.  0.0          0.  0.0          0.  0.0 
5306. Ivor Grazette                        -44.676       4367. -125.127          0.  0.0          0.  0.0          0.  0.0 
5307. Jim Thomas                        -44.736       2105. -0.643          0.  0.0          0.  0.0        537. 36.091 
5308. Jan Weinzierl                        -44.795       4328. -106.833       2770. -22.257          0.  0.0          0.  0.0 
5309. Andrew Sznajder                        -44.808       3676. -48.05       3349. -36.549       1930. -79.55       2314. -54.534 
5310. Johan Landsberg                        -44.839          0.  0.0       1827. 4.18       1208. -15.765       1657. -20.101 
5311. Rene Gomez                        -44.845          0.  0.0       4266. -147.796          0.  0.0          0.  0.0 
5312. Karl Fichtel                        -44.859          0.  0.0       1811. 4.627        138. 77.198          0.  0.0 
5313. Carlos Roberto Paez                        -44.862       3541. -42.732          0.  0.0          0.  0.0          0.  0.0 
5314. Shoukry Srourian                        -44.864          0.  0.0       3079. -26.785          0.  0.0          0.  0.0 
5315. Troy Stone                        -44.869       3235. -28.962          0.  0.0          0.  0.0          0.  0.0 
5316. Ethan Quinn                        -44.996       1041. 30.723          0.  0.0          0.  0.0       2389. -63.955 
5317. Fernando Samayoa                         -45.04       2127. -1.174       2098. -1.547          0.  0.0          0.  0.0 
5318. Richard Taylor                        -45.082       2245. -3.426          0.  0.0          0.  0.0          0.  0.0 
5319. Leonardo Azzaro                        -45.113          0.  0.0       3961. -71.776          0.  0.0          0.  0.0 
5320. Hichem Bramly                        -45.183          0.  0.0       3047. -26.129          0.  0.0          0.  0.0 
5321. Mahmoud Ezz                        -45.192       3010. -25.0          0.  0.0       1335. -23.324          0.  0.0 
5322. Sergei Baranov                         -45.23          0.  0.0       2632. -18.284          0.  0.0          0.  0.0 
5323. Alexander Vasquez                        -45.238        841. 41.343          0.  0.0          0.  0.0          0.  0.0 
5324. Bo Holmstrom                        -45.247        194. 97.466       3199. -30.752          0.  0.0          0.  0.0 
5325. Bertram Knowles                        -45.252       1861. 4.211          0.  0.0          0.  0.0          0.  0.0 
5326. Tilen Zitnik                        -45.279       3422. -36.207          0.  0.0          0.  0.0          0.  0.0 
5327. Nader Abdul Ali                        -45.334          0.  0.0       2254. -4.62          0.  0.0          0.  0.0 
5328. Carl Turich                        -45.335        410. 70.846          0.  0.0          0.  0.0          0.  0.0 
5329. Olivier Malcor                        -45.337          0.  0.0        459. 65.083          0.  0.0          0.  0.0 
5330. Francisco Arrellaga                        -45.388       3760. -50.762       2922. -25.0          0.  0.0          0.  0.0 
5331. Kyrian Nwokedi                        -45.417          0.  0.0       3067. -26.558          0.  0.0          0.  0.0 
5332. Tobias Summerer                        -45.441       1133. 28.004       4099. -86.017          0.  0.0         21. 146.336 
5333. Alfredo Acuna                        -45.453          0.  0.0          0.  0.0          0.  0.0          0.  0.0 
5334. Shibu Lal                        -45.454       2829. -23.111          0.  0.0          0.  0.0          0.  0.0 
5335. Mark Choy                        -45.454       2305. -4.717          0.  0.0          0.  0.0          0.  0.0 
5336. Ju Min Lam                        -45.487       2303. -4.662          0.  0.0          0.  0.0          0.  0.0 
5337. Pierre Moudourou                        -45.549       1999. 1.103          0.  0.0          0.  0.0          0.  0.0 
5338. Alexander Ward                        -45.562          0.  0.0       1022. 31.724          0.  0.0       1101. 3.204 
5339. Pablo Albano                         -45.58       1762. 7.035       3648. -50.075       1815. -58.101          0.  0.0 
5340. Eduardo Struvay                        -45.582       2694. -18.532       2696. -20.213          0.  0.0          0.  0.0 
5341. Victor Caballero                        -45.588        772. 45.123          0.  0.0       1394. -25.0          0.  0.0 
5342. Brydan Klein                        -45.653       3658. -47.375          0.  0.0          0.  0.0        188. 77.253 
5343. Danilo Pila                        -45.679          0.  0.0       3550. -46.363          0.  0.0          0.  0.0 
5344. Oscar Hernandez                        -45.728       1524. 16.79       1964. 1.098          0.  0.0       1938. -26.863 
5345. Daniel Dutra Da Silva                        -45.803          0.  0.0       3012. -25.231          0.  0.0          0.  0.0 
5346. Javier Marti                        -45.811         52. 141.368       2609. -17.293          0.  0.0       1262. -1.196 
5347. Charalampos Kapogiannis                        -45.819          0.  0.0       2365. -7.76          0.  0.0          0.  0.0 
5348. Keith Stephens                        -45.825          0.  0.0          0.  0.0          0.  0.0        758. 23.166 
5349. Mark Markov                         -45.85          0.  0.0       2301. -5.927       1026. -3.395          0.  0.0 
5350. Gordon Birt                        -45.868       3149. -26.796          0.  0.0          0.  0.0          0.  0.0 
5351. David Epstein                        -45.874       1549. 15.795          0.  0.0          0.  0.0          0.  0.0 
5352. Ben Patael                        -45.917       3022. -25.0       1396. 20.114          0.  0.0          0.  0.0 
5353. James Shortall                        -45.935       1213. 25.557          0.  0.0          0.  0.0       2527. -87.264 
5354. Kenzo Ukon                        -45.947       4040. -67.534          0.  0.0          0.  0.0          0.  0.0 
5355. Pascal Schaul                        -46.006       2720. -19.731       2191. -3.304       1731. -47.991          0.  0.0 
5356. John Ross                         -46.03       2402. -7.684        315. 78.523       1242. -18.629       2328. -56.325 
5357. Gaurav Misra                        -46.054       2922. -25.0       1149. 26.659          0.  0.0       2457. -73.552 
5358. Victor Palman                        -46.101          0.  0.0          0.  0.0          0.  0.0         64. 116.95 
5359. Alti Vahkal                        -46.104       2065. -0.032       3955. -71.317       1014. -2.963          0.  0.0 
5360. Kittipong Wachiramanowong                        -46.112        466. 65.913       2312. -6.231       1476. -25.953       1293. -1.859 
5361. Stephane Bohli                        -46.155        578. 56.715       4039. -78.563        526. 26.531       1877. -25.0 
5362. Selim Rana                        -46.173       2254. -3.573          0.  0.0          0.  0.0          0.  0.0 
5363. Mariusz Fyrstenberg                        -46.224       2906. -24.778       1751. 6.44       1369. -24.921          0.  0.0 
5364. Abdel Ghani Mohammed                        -46.292          0.  0.0          0.  0.0          0.  0.0          0.  0.0 
5365. Jean Claude Barclay                        -46.315       1571. 15.174       1335. 22.405          0.  0.0       2433. -69.734 
5366. Anthony Hammond                        -46.356       2918. -25.0          0.  0.0          0.  0.0       2543. -90.857 
5367. Vic Seixas                        -46.381       1901. 3.386          0.  0.0          0.  0.0        858. 17.567 
5368. Samir El Khoury                        -46.427          0.  0.0       2203. -3.573          0.  0.0          0.  0.0 
5369. Khaled Al Haji                        -46.427          0.  0.0       2205. -3.573          0.  0.0          0.  0.0 
5370. Wahib Maknieh                         -46.43       2149. -1.568          0.  0.0       1741. -48.204          0.  0.0 
5371. Abdel Monem Bornaz                        -46.444       2343. -5.739          0.  0.0          0.  0.0          0.  0.0 
5372. Sebastian Moreno                        -46.502          0.  0.0       2766. -22.165          0.  0.0          0.  0.0 
5373. Gvidas Sabeckis                        -46.519       3964. -62.827       1393. 20.176          0.  0.0          0.  0.0 
5374. Saad El Ragig                        -46.532       2342. -5.705          0.  0.0          0.  0.0          0.  0.0 
5375. Janis Skroderis                         -46.55          0.  0.0       2962. -25.0       1436. -25.0          0.  0.0 
5376. Janne Ojala                        -46.558       4186. -81.604        370. 73.35          0.  0.0          0.  0.0 
5377. Eduardo Osta                        -46.574          0.  0.0       3777. -58.578          0.  0.0          0.  0.0 
5378. Philip Wilbert Major                        -46.607       4072. -69.817          0.  0.0          0.  0.0          0.  0.0 
5379. Tiago Sousa                        -46.634          0.  0.0       3456. -41.911       1552. -30.383          0.  0.0 
5380. Jay Royappa                        -46.727          0.  0.0       1748. 6.509       1319. -22.572        152. 84.841 
5381. Greg Perkins                        -46.744       1324. 23.606       2887. -25.0          0.  0.0       1912. -26.087 
5382. Frank Mcardle                        -46.821       1214. 25.534          0.  0.0          0.  0.0       1784. -25.0 
5383. Hyun Joon Suk                        -46.878          0.  0.0       3676. -51.441          0.  0.0          0.  0.0 
5384. U McDonald                         -46.89          0.  0.0        597. 54.209          0.  0.0          0.  0.0 
5385. Jan Kukal                        -46.896       1015. 31.597       1875. 3.097       1131. -8.27        777. 22.002 
5386. Bernd Kube                        -46.942          0.  0.0       1614. 10.996          0.  0.0          0.  0.0 
5387. Sutarjo Sugiarto                        -46.944       3976. -63.616       3052. -26.256          0.  0.0        721. 24.705 
5388. Peter Langsford                         -46.97       1317. 23.871          0.  0.0          0.  0.0         25. 141.467 
5389. Louis Vosloo                         -46.99          0.  0.0       2155. -2.405          0.  0.0          0.  0.0 
5390. Rafael Avalos Brenes                        -46.992       1339. 23.217       3556. -46.627          0.  0.0          0.  0.0 
5391. Enrique Haro                          -47.0          0.  0.0       3192. -30.303          0.  0.0          0.  0.0 
5392. Quinton Vega                        -47.019        589. 56.009          0.  0.0          0.  0.0          0.  0.0 
5393. Puriwat Chatpatcharoen                         -47.04       2352. -5.969          0.  0.0          0.  0.0          0.  0.0 
5394. Massimo Boscatto                        -47.046          0.  0.0       1892. 2.75          0.  0.0          0.  0.0 
5395. Lucien Sulloway                        -47.065          0.  0.0       2216. -3.864          0.  0.0       1353. -3.808 
5396. Lawrence Awopegba                         -47.07       1232. 25.0       2346. -7.064          0.  0.0          0.  0.0 
5397. Pekka Saila                        -47.086        944. 35.053        793. 44.321          0.  0.0          0.  0.0 
5398. Peter Spang                        -47.149          0.  0.0        575. 55.782          0.  0.0          0.  0.0 
5399. Regis Brunet                        -47.202          0.  0.0       1844. 3.698        665. 20.329       2405. -66.602 
5400. Rikard Bergh                        -47.206       3464. -39.022       3057. -26.35       1341. -23.554          0.  0.0 
5401. Oscar Chiarella                        -47.241          0.  0.0          0.  0.0          0.  0.0          0.  0.0 
5402. Tetsuya Chaen                        -47.241       3239. -29.148          0.  0.0       1608. -37.007          0.  0.0 
5403. Denis Yakimenko                        -47.246       2084. -0.323       3273. -33.575        997. -2.264          0.  0.0 
5404. Bar Tzuf Botzer                        -47.246       2476. -10.719          0.  0.0          0.  0.0          0.  0.0 
5405. Daniel Cox                        -47.253          0.  0.0          0.  0.0          0.  0.0       2601. -114.853 
5406. KS Leung                        -47.288        540. 59.271          0.  0.0          0.  0.0          0.  0.0 
5407. Andrea Collarini                        -47.322          0.  0.0       2739. -21.43          0.  0.0          0.  0.0 
5408. Goncalo Nicau                        -47.376       3475. -39.568       2969. -25.0          0.  0.0          0.  0.0 
5409. David Mullins                        -47.413       2996. -25.0       3069. -26.598          0.  0.0          0.  0.0 
5410. Osuma Nakamura                        -47.467          0.  0.0       4070. -82.616          0.  0.0          0.  0.0 
5411. Don Mccormick                        -47.474       1858. 4.297        357. 74.605       1925. -78.427        935. 12.402 
5412. Jose Rubin Statham                        -47.482       2392. -7.547       3529. -45.352        591. 24.434       1431. -7.195 
5413. Paul Hanley                        -47.498       4119. -75.211       1677. 8.863          0.  0.0          0.  0.0 
5414. Wade Mcguire                        -47.522        842. 41.305       2188. -3.264          0.  0.0       2114. -38.373 
5415. Edas Butvilas                        -47.543       1650. 11.836        646. 51.474          0.  0.0       2215. -46.602 
5416. Julio Silva                        -47.549       3472. -39.439       1005. 32.686          0.  0.0          0.  0.0 
5417. Ramon Funtera                        -47.584       3818. -53.67       2910. -25.0          0.  0.0          0.  0.0 
5418. Rasid Winklaar                        -47.587        737. 47.063       1931. 1.862          0.  0.0          0.  0.0 
5419. J Haussels                        -47.596          0.  0.0          0.  0.0          0.  0.0       2002. -29.664 
5420. Carlos Junquet                          -47.6          0.  0.0       2261. -4.742          0.  0.0          0.  0.0 
5421. Brian Gyetko                        -47.604       2501. -11.418          0.  0.0          0.  0.0          0.  0.0 
5422. Vaclav Roubicek                        -47.644       3730. -49.709        722. 47.323          0.  0.0          0.  0.0 
5423. David Tate                        -47.694       4179. -80.658          0.  0.0          0.  0.0       1430. -7.154 
5424. Philippe Moggio                        -47.706          0.  0.0       1378. 20.798       1771. -50.605          0.  0.0 
5425. Glenn Hamilton                        -47.708          0.  0.0          0.  0.0          0.  0.0       1631. -18.574 
5426. Kevin Jonckheer                        -47.757          0.  0.0       1959. 1.243        961. -0.808          0.  0.0 
5427. Ranjeet Virali Murugesan                         -47.81       2318. -5.129          0.  0.0          0.  0.0          0.  0.0 
5428. Sebastian Dominko                        -47.859        734. 47.195       3083. -26.796          0.  0.0          0.  0.0 
5429. Robinson Ureta                        -47.885       2531. -12.498          0.  0.0          0.  0.0          0.  0.0 
5430. David Kvernadze                        -47.885          0.  0.0       2724. -21.038       1681. -43.557          0.  0.0 
5431. Alec Beckley                        -47.897          0.  0.0       2164. -2.736          0.  0.0          0.  0.0 
5432. William Alvarez                        -47.929        626. 53.216       2324. -6.54          0.  0.0       1064. 4.882 
5433. Daniel Isaza                        -47.952       1220. 25.339          0.  0.0          0.  0.0          0.  0.0 
5434. Poh Seng Tan                        -48.029          0.  0.0          0.  0.0          0.  0.0          0.  0.0 
5435. Kerlin Leon Zamora                        -48.034       3710. -48.762          0.  0.0          0.  0.0          0.  0.0 
5436. Yari Bernardo                        -48.078          0.  0.0       2809. -23.375          0.  0.0          0.  0.0 
5437. Chris Walsh                          -48.1          0.  0.0          0.  0.0          0.  0.0       1683. -21.293 
5438. Wai Yu Kai                        -48.152       2834. -23.219          0.  0.0          0.  0.0          0.  0.0 
5439. Garry Forbes                         -48.17       3901. -59.185          0.  0.0          0.  0.0       1525. -12.143 
5440. D O'Keefe                        -48.204          0.  0.0          0.  0.0          0.  0.0       1933. -26.796 
5441. Yashvin Shretta                        -48.204       3150. -26.796          0.  0.0          0.  0.0          0.  0.0 
5442. Jesse Smatt                        -48.204          0.  0.0       3080. -26.796          0.  0.0          0.  0.0 
5443. Mohammed Noor Noordin                        -48.204       2995. -25.0       2961. -25.0          0.  0.0          0.  0.0 
5444. Hervoje Eterovic                        -48.251       2969. -25.0       2009. 0.061          0.  0.0          0.  0.0 
5445. Ernesto Escobedo                        -48.251       3282. -30.546       3139. -28.297          0.  0.0       1696. -21.812 
5446. Marinos Baghdatis                        -48.262       2101. -0.598          0.  0.0          0.  0.0          0.  0.0 
5447. Hong Chung                        -48.295       3664. -47.526          0.  0.0          0.  0.0        263. 65.264 
5448. Adrien Viviani                        -48.297          0.  0.0          0.  0.0          0.  0.0          0.  0.0 
5449. Dave Bohrnstedt                        -48.344       1891. 3.577          0.  0.0          0.  0.0       1795. -25.0 
5450. Hiram Silfa                        -48.356          0.  0.0       1674. 8.899          0.  0.0          0.  0.0 
5451. Henri De Wet                        -48.362       3119. -26.306          0.  0.0          0.  0.0          0.  0.0 
5452. Eugenius Cariovas                         -48.37          0.  0.0       3186. -30.013        619. 23.204          0.  0.0 
5453. Michael Massih                        -48.395       1875. 3.863          0.  0.0          0.  0.0          0.  0.0 
5454. Martin Garcia                        -48.501          0.  0.0       2603. -17.099          0.  0.0       1417. -6.355 
5455. Oleksandr Ovcharenko                        -48.505       2576. -14.461          0.  0.0          0.  0.0          0.  0.0 
5456. Jose Zunino                        -48.538       3003. -25.0       2805. -23.333          0.  0.0          0.  0.0 
5457. Clement Mainguy                        -48.554          0.  0.0          0.  0.0          0.  0.0          0.  0.0 
5458. Diego Camacho                        -48.573        582. 56.504       4229. -118.488          0.  0.0          0.  0.0 
5459. Ron Lehrner                         -48.59       1932. 2.511          0.  0.0          0.  0.0          0.  0.0 
5460. Chee Yen Chen                        -48.616       3942. -61.544          0.  0.0          0.  0.0          0.  0.0 
5461. Brian Devening                        -48.626       4055. -68.467       3444. -41.272       1732. -48.105       2568. -96.338 
5462. Asif Karim                        -48.672          0.  0.0       2001. 0.226          0.  0.0          0.  0.0 
5463. Luka Belic                        -48.695          0.  0.0       4235. -121.65          0.  0.0          0.  0.0 
5464. Ferenc Zentai                        -48.715          0.  0.0        830. 41.901          0.  0.0          0.  0.0 
5465. Brian Cheney                        -48.799       3104. -26.023          0.  0.0          0.  0.0          0.  0.0 
5466. Adam Kennedy                        -48.832       4266. -93.831          0.  0.0          0.  0.0       2225. -46.955 
5467. Bob Fowler                          -48.9          0.  0.0          0.  0.0          0.  0.0       1435. -7.374 
5468. Vicente Elberto Anasta                        -48.958          0.  0.0       3390. -38.726          0.  0.0          0.  0.0 
5469. Lavaughn Munroe                        -49.008       4264. -93.346       3800. -59.745          0.  0.0          0.  0.0 
5470. Metin Gurel                        -49.021          0.  0.0       2574. -16.063          0.  0.0          0.  0.0 
5471. Abd Hazli Bin Zainuddin                        -49.025        387. 73.128          0.  0.0          0.  0.0          0.  0.0 
5472. Gary Dudic                         -49.09          0.  0.0          0.  0.0          0.  0.0        819. 20.092 
5473. Tony Bowles                        -49.169       3430. -36.566          0.  0.0          0.  0.0          0.  0.0 
5474. Giovanni Lapentti                        -49.183       3939. -61.433       3416. -39.758        896. 2.245       1054. 5.354 
5475. Davis Rolis                        -49.193       3054. -25.129          0.  0.0          0.  0.0          0.  0.0 
5476. Todd Lundy                        -49.195       3441. -37.547       3670. -51.092          0.  0.0          0.  0.0 
5477. Vijayant Malik                        -49.238       2878. -24.095          0.  0.0          0.  0.0          0.  0.0 
5478. Graydon Garner                        -49.268       4159. -78.401          0.  0.0          0.  0.0          0.  0.0 
5479. Vivek Shokeen                        -49.277          0.  0.0       3007. -25.129          0.  0.0          0.  0.0 
5480. Steve Mott                        -49.331          0.  0.0        224. 91.324          0.  0.0        376. 51.741 
5481. P Arndt                        -49.365          0.  0.0          0.  0.0          0.  0.0       1689. -21.653 
5482. Chareonchai Tritilinant                        -49.373       3288. -30.788          0.  0.0          0.  0.0          0.  0.0 
5483. Mark Greenan                        -49.395       2851. -23.51          0.  0.0       1395. -25.0          0.  0.0 
5484. Shigeyuki Nishio                        -49.439       2752. -20.809       3354. -36.861       1573. -32.784          0.  0.0 
5485. Mert Ertunga                         -49.44          0.  0.0       2427. -9.671          0.  0.0          0.  0.0 
5486. Didac Perez                        -49.443          0.  0.0       3385. -38.6          0.  0.0          0.  0.0 
5487. Shahin Khaledan                         -49.48       2838. -23.328        638. 51.732          0.  0.0          0.  0.0 
5488. Mounged Bouhassoun                        -49.491       2367. -6.655          0.  0.0          0.  0.0          0.  0.0 
5489. Gehad El Deeb                        -49.493       1887. 3.647       3295. -34.456          0.  0.0          0.  0.0 
5490. Andy Mccurry                        -49.496          0.  0.0        449. 65.967       1473. -25.729          0.  0.0 
5491. Jean Max Mangones                        -49.545       2650. -17.178       2949. -25.0          0.  0.0          0.  0.0 
5492. Roy Anchant                        -49.637          0.  0.0       2571. -15.967          0.  0.0          0.  0.0 
5493. Allan Kendall                        -49.642          0.  0.0       2878. -25.0          0.  0.0       1815. -25.0 
5494. Khaled Ezankouli                        -49.677       2250. -3.499          0.  0.0          0.  0.0          0.  0.0 
5495. Selim Ben Hadjali                        -49.682          0.  0.0       1794. 4.976          0.  0.0          0.  0.0 
5496. James Chico Hagey                        -49.683        142. 109.559       1665. 9.104        450. 30.746       1643. -19.393 
5497. Abdul Hakim Jteli                        -49.683       2251. -3.501          0.  0.0          0.  0.0          0.  0.0 
5498. Bret Richardson                        -49.739       4008. -65.187          0.  0.0          0.  0.0          0.  0.0 
5499. Karl Coombes                        -49.749       3447. -37.916       4196. -106.162       1091. -6.014       1022. 6.797 
5500. Konstantinos Mikos                        -49.755          0.  0.0       3690. -52.16          0.  0.0          0.  0.0 
5501. Gilbert Wong                        -49.777          0.  0.0       3647. -50.0          0.  0.0          0.  0.0 
5502. Issam Al Tawil                        -49.816       3674. -48.039       2268. -4.922          0.  0.0          0.  0.0 
5503. Gaylard Dunn                        -49.825          0.  0.0          0.  0.0          0.  0.0       2184. -44.059 
5504. Mehdi Jdi                        -49.827       3020. -25.0          0.  0.0       1886. -69.758          0.  0.0 
5505. Emilio Montano                        -49.845       3572. -44.514       3093. -27.059        367. 40.953       2482. -78.33 
5506. Jad Ballout                        -49.943       1312. 24.092       1825. 4.208          0.  0.0          0.  0.0 
5507. Tomas Vaise                        -49.962       3127. -26.436          0.  0.0          0.  0.0          0.  0.0 
5508. Barry Cowan                         -49.98       1831. 5.042       3821. -60.861          0.  0.0       2336. -57.369 
5509. Jim Ward                        -49.987       3293. -31.042        230. 91.104       1480. -26.152       2540. -89.752 
5510. Michael Bassem Sobhy                        -49.998       4282. -96.604       2992. -25.0          0.  0.0          0.  0.0 
5511. Gustavo Luza                        -50.008          0.  0.0       2576. -16.119          0.  0.0          0.  0.0 
5512. Goran Bosalevski                        -50.008       3732. -49.739          0.  0.0          0.  0.0          0.  0.0 
5513. Valentin Rahmine                        -50.018          0.  0.0       1769. 5.948          0.  0.0          0.  0.0 
5514. Louis Hsu                        -50.032       2942. -25.0          0.  0.0          0.  0.0          0.  0.0 
5515. Luc Ondobo                        -50.058          0.  0.0       2204. -3.573          0.  0.0          0.  0.0 
5516. Evert Schneider                        -50.075       1668. 11.115          0.  0.0          0.  0.0          0.  0.0 
5517. Paul Sullivan                        -50.076          0.  0.0        164. 99.908          0.  0.0       1223. -0.282 
5518. Marc Polmans                        -50.172        580. 56.579       3840. -62.387          0.  0.0       1997. -29.462 
5519. Michael Shyjan                        -50.184          0.  0.0       3169. -29.453          0.  0.0       2317. -54.748 
5520. Bernhard Pils                         -50.19       3448. -38.057        994. 33.28       1990. -102.506       1515. -11.502 
5521. Aivaras Balzekas                        -50.192       3755. -50.531          0.  0.0        376. 39.774          0.  0.0 
5522. Louis Gloria                        -50.213       3321. -32.081       4028. -77.138        403. 35.594       2320. -55.166 
5523. Teo Susnjak                        -50.248        441. 68.461       3033. -25.815          0.  0.0          0.  0.0 
5524. Stefan Kinsch                        -50.292          0.  0.0       1524. 15.534          0.  0.0          0.  0.0 
5525. Simon Rea                        -50.302       3424. -36.337       3666. -50.965       1328. -23.167          0.  0.0 
5526. Ilya Snitari                        -50.326          0.  0.0       1570. 12.87          0.  0.0          0.  0.0 
5527. Shi Qin Li                        -50.382       3764. -50.902          0.  0.0          0.  0.0          0.  0.0 
5528. Sever Dron                        -50.398          0.  0.0       3127. -27.927          0.  0.0          0.  0.0 
5529. Youssef Hassan                        -50.411       2366. -6.631          0.  0.0          0.  0.0          0.  0.0 
5530. Ali Al Zubaidi                        -50.412       2371. -6.769          0.  0.0          0.  0.0          0.  0.0 
5531. Andre Van Der Merwe A                         -50.45       1707. 8.948          0.  0.0          0.  0.0        311. 59.564 
5532. Andrei Ciumac                        -50.499       4029. -66.583          0.  0.0        685. 18.219          0.  0.0 
5533. Chi Yuen Pang                        -50.528       3739. -50.0          0.  0.0          0.  0.0          0.  0.0 
5534. Philippe Koffi                        -50.578          0.  0.0       2047. -0.493          0.  0.0          0.  0.0 
5535. Boro Jovanovic                        -50.588        557. 58.222       3165. -29.22        433. 32.514       1555. -13.985 
5536. Paul Deuble                        -50.596       2888. -24.419          0.  0.0          0.  0.0       1280. -1.719 
5537. Helmut Fickentscher                          -50.6          0.  0.0       3055. -26.329          0.  0.0       1350. -3.637 
5538. Luis Alberto Olmedo                        -50.635          0.  0.0       4026. -77.051          0.  0.0          0.  0.0 
5539. Roberto Graetz                        -50.644          0.  0.0        249. 87.97          0.  0.0          0.  0.0 
5540. Gianni Marchetti                        -50.692          0.  0.0        457. 65.205       1462. -25.037        333. 56.965 
5541. Barry Mackay                        -50.752       1630. 12.626       4198. -106.547       1813. -57.678          0.  0.0 
5542. Thedy Stalder                        -50.761          0.  0.0       1070. 29.776          0.  0.0          0.  0.0 
5543. Mauricio Doria Medina                        -50.771       2167. -1.804       3564. -47.028          0.  0.0          0.  0.0 
5544. Joe Bouquin                        -50.801          0.  0.0       3915. -68.402       1983. -99.162          0.  0.0 
5545. Gunawan Trismuwantara                        -50.806          0.  0.0          0.  0.0          0.  0.0       2412. -67.548 
5546. Mohammed Ahmed Saleh                        -50.816       3650. -46.972          0.  0.0          0.  0.0          0.  0.0 
5547. Noel Jensen                        -50.826          0.  0.0       3334. -35.897       1531. -29.009       2484. -78.646 
5548. Fadi Youssef                        -50.893       3729. -49.702          0.  0.0       1740. -48.204          0.  0.0 
5549. Mario Piuk                        -50.943          0.  0.0       4027. -77.097       1383. -25.0          0.  0.0 
5550. Warit Sornbutnark                        -50.974       3995. -64.489          0.  0.0          0.  0.0          0.  0.0 
5551. Chang Nam Ju                        -51.005          0.  0.0          0.  0.0          0.  0.0          0.  0.0 
5552. Andre Zietsmann                        -51.015       3569. -44.262          0.  0.0          0.  0.0          0.  0.0 
5553. Rudiger Benz                         -51.02          0.  0.0       1630. 10.469          0.  0.0          0.  0.0 
5554. Rachid Baba Aissa                        -51.024          0.  0.0       3114. -27.499          0.  0.0          0.  0.0 
5555. Allen Morris                         -51.09        301. 81.52       3345. -36.465          0.  0.0          0.  0.0 
5556. Elbert Sie                        -51.148       1517. 16.992          0.  0.0          0.  0.0          0.  0.0 
5557. Andres Battad                         -51.16          0.  0.0        564. 56.283          0.  0.0          0.  0.0 
5558. Norberto Herrero                        -51.186          0.  0.0       2753. -21.815          0.  0.0          0.  0.0 
5559. Karim Maamoun                        -51.188       1207. 25.903       2819. -23.685       1493. -26.795          0.  0.0 
5560. Rohan Summers                         -51.19       2541. -12.864          0.  0.0          0.  0.0          0.  0.0 
5561. Manjule Weerakoon                         -51.24       1325. 23.595          0.  0.0          0.  0.0          0.  0.0 
5562. Marcelo Charpentier                        -51.242       2288. -4.271       1547. 14.239       2010. -119.593       2502. -82.682 
5563. Thomas Larsen                         -51.25          0.  0.0       2439. -10.361        800. 8.066          0.  0.0 
5564. Peng Sun                        -51.255       1385. 22.007       2967. -25.0        956. -0.39       2139. -40.329 
5565. Patrik Fredriksson                        -51.274        139. 110.436       2531. -14.742        497. 27.737       1662. -20.218 
5566. Tawfiq Moafa                        -51.333       4006. -64.941          0.  0.0          0.  0.0          0.  0.0 
5567. Bruno Capineri                        -51.342          0.  0.0       3095. -27.074          0.  0.0          0.  0.0 
5568. Hakki Ozgenel                        -51.396          0.  0.0          0.  0.0          0.  0.0          0.  0.0 
5569. Piotr Szczepanik                        -51.444          0.  0.0       1856. 3.544        666. 20.195          0.  0.0 
5570. Everard De Silva                        -51.462          0.  0.0          0.  0.0          0.  0.0          0.  0.0 
5571. Rami Osman                        -51.466       1552. 15.718       2976. -25.0          0.  0.0          0.  0.0 
5572. Peit Hein Boekel                        -51.494          0.  0.0       2956. -25.0       1429. -25.0          0.  0.0 
5573. Alexander Skrypko                        -51.527        297. 81.674       2735. -21.339        537. 25.52          0.  0.0 
5574. Marc Albert                        -51.532       2685. -18.359       3476. -42.971        921. 0.966          0.  0.0 
5575. John Lucas                        -51.533          0.  0.0       3684. -51.944        547. 25.266       1887. -25.131 
5576. Guillermo Rivas                        -51.546       4190. -81.98       1654. 9.477        480. 28.445          0.  0.0 
5577. Pavel Vizner                        -51.556          0.  0.0        169. 99.495       1349. -23.796          0.  0.0 
5578. Kenneth Tuilier Curco                        -51.598          0.  0.0          0.  0.0       1548. -30.113          0.  0.0 
5579. Jose Baires                        -51.642       2322. -5.247       2136. -2.138          0.  0.0          0.  0.0 
5580. Anthony Niland                        -51.644       3315. -31.867          0.  0.0          0.  0.0          0.  0.0 
5581. Serge Gramegna                        -51.697          0.  0.0          0.  0.0          0.  0.0          0.  0.0 
5582. Suresh Menon                        -51.724       2208. -2.482          0.  0.0          0.  0.0          0.  0.0 
5583. Christopher Lai                         -51.74          0.  0.0          0.  0.0       1726. -47.847          0.  0.0 
5584. Albert Cheah                        -51.749          0.  0.0          0.  0.0          0.  0.0          0.  0.0 
5585. Ricardo Pazmino                        -51.758          0.  0.0       4007. -75.5          0.  0.0          0.  0.0 
5586. Ramon Blanco                        -51.772       3256. -29.579       2159. -2.498          0.  0.0          0.  0.0 
5587. Elliot Benchetrit                        -51.774        804. 43.132       1298. 23.665          0.  0.0          0.  0.0 
5588. Tan Ah Peng                        -51.808       3052. -25.054          0.  0.0          0.  0.0          0.  0.0 
5589. Tigran Martirosyan                        -51.849          0.  0.0       1020. 31.821       1424. -25.0          0.  0.0 
5590. Noel Holland                        -51.864          0.  0.0          0.  0.0          0.  0.0       2024. -30.978 
5591. Ahmed Ramadan                        -51.869          0.  0.0          0.  0.0          0.  0.0          0.  0.0 
5592. Maurizio Capello                        -51.869          0.  0.0       1911. 2.287          0.  0.0          0.  0.0 
5593. Segun Balogun                        -51.928       4039. -67.512       3570. -47.212          0.  0.0          0.  0.0 
5594. Jonathan Eysseric                        -51.938       2067. -0.056       1381. 20.757          0.  0.0          0.  0.0 
5595. Vittorio Magnelli                        -51.959          0.  0.0       2518. -13.786       1662. -41.741          0.  0.0 
5596. Freddie De Jesus                        -51.966        991. 32.519        714. 47.96          0.  0.0       2548. -91.786 
5597. Jalil Khan                        -51.966       2699. -18.673       1451. 18.312          0.  0.0          0.  0.0 
5598. John McDonald                        -51.978          0.  0.0       2475. -11.74          0.  0.0       1032. 6.234 
5599. Karl Richter                        -51.996       3754. -50.51          0.  0.0          0.  0.0          0.  0.0 
5600. Christophe Bernelle                        -52.059       4292. -98.987        545. 57.55       1670. -42.848          0.  0.0 
5601. Aymen Abou Jaber                        -52.093       3221. -28.564          0.  0.0          0.  0.0          0.  0.0 
5602. Arthur Whitaker                        -52.101       2479. -10.757          0.  0.0          0.  0.0       2534. -88.223 
5603. John Mulvey                        -52.102       4246. -90.094          0.  0.0          0.  0.0       1787. -25.0 
5604. Panomkorn Pladchunil                        -52.106        896. 38.582       2123. -1.831        825. 6.034          0.  0.0 
5605. Craig Gold                        -52.113       1075. 29.726          0.  0.0          0.  0.0          0.  0.0 
5606. Sadri Gueche                        -52.117          0.  0.0       3623. -48.788          0.  0.0          0.  0.0 
5607. R Giles                        -52.219          0.  0.0          0.  0.0          0.  0.0       2414. -67.689 
5608. Eugenio Rossi                        -52.277          0.  0.0       3748. -56.07          0.  0.0          0.  0.0 
5609. Marco Meneschincheri                        -52.328       1478. 18.788       2635. -18.326          0.  0.0          0.  0.0 
5610. Nino Serdarusic                        -52.351       1051. 30.386        399. 71.049          0.  0.0          0.  0.0 
5611. Jesus Hernandez                        -52.354       1560. 15.581          0.  0.0          0.  0.0          0.  0.0 
5612. Ergun Zorlu                        -52.405          0.  0.0          0.  0.0          0.  0.0       1470. -9.098 
5613. Rowland Phillips                        -52.491       3782. -52.046       3091. -27.027          0.  0.0          0.  0.0 
5614. Mashiska Washington                        -52.504       2080. -0.264          0.  0.0          0.  0.0          0.  0.0 
5615. Mikael Stadling                        -52.514        837. 41.605          0.  0.0       1345. -23.756       2019. -30.56 
5616. Kenny Smith                        -52.541       3906. -59.446          0.  0.0          0.  0.0          0.  0.0 
5617. Juan Antonio Rodriguez                        -52.552        190. 98.901       4035. -78.279          0.  0.0          0.  0.0 
5618. Emmanuel Paddi                        -52.595          0.  0.0          0.  0.0       1485. -26.51          0.  0.0 
5619. Desmond Tyson                        -52.603       2414. -8.112        458. 65.129          0.  0.0        267. 64.879 
5620. Shovon Jamaly                        -52.632       1466. 19.291       1947. 1.523          0.  0.0          0.  0.0 
5621. Ion Moldovan                        -52.666          0.  0.0        623. 52.68        634. 22.343          0.  0.0 
5622. Mike Panayotti                        -52.684          0.  0.0       2006.  0.1          0.  0.0          0.  0.0 
5623. John Eastburn                        -52.693          0.  0.0       1714. 7.445          0.  0.0        597. 30.455 
5624. Rodrigo Crespo Piedra                        -52.698       1505. 17.746          0.  0.0          0.  0.0          0.  0.0 
5625. Arsenio Marta                        -52.716          0.  0.0          0.  0.0          0.  0.0       1415. -6.328 
5626. Donald Forsythe                        -52.757          0.  0.0          0.  0.0          0.  0.0       2446. -71.261 
5627. Juan Carlos Ayala                        -52.759        736. 47.077       1377. 20.804          0.  0.0          0.  0.0 
5628. Carlos Lando                        -52.886          0.  0.0       4234. -120.968          0.  0.0          0.  0.0 
5629. Michael Phillips                        -52.894       2225. -2.972          0.  0.0          0.  0.0       1592. -16.947 
5630. Alphonse Neu                        -52.924          0.  0.0       2133. -2.009          0.  0.0          0.  0.0 
5631. Sasa Tuksar                        -52.937          0.  0.0       2406. -8.838       1180. -13.28          0.  0.0 
5632. Karlis Lejnieks                         -52.96       2715. -19.658       3538. -45.773        397. 36.684          0.  0.0 
5633. Alex Kim                        -53.012       3168. -27.098        713. 47.968          0.  0.0        332. 57.146 
5634. Bill Csipkay                        -53.013          0.  0.0       4095. -85.792          0.  0.0          0.  0.0 
5635. Allan Cooper                        -53.044          0.  0.0          0.  0.0       1806. -56.476          0.  0.0 
5636. Kristien Cee                        -53.045          0.  0.0          0.  0.0          0.  0.0       1950. -27.259 
5637. Edoardo Mazza                        -53.059          0.  0.0       3446. -41.319          0.  0.0          0.  0.0 
5638. Hussain Akbari                        -53.075       3606. -45.799       1659. 9.327          0.  0.0       1829. -25.0 
5639. Rotimi Akinloye                        -53.084          0.  0.0          0.  0.0       1848. -64.385          0.  0.0 
5640. Chin Chuan Chow                        -53.093       2295. -4.396          0.  0.0          0.  0.0          0.  0.0 
5641. Oliver Golding                        -53.115          0.  0.0          0.  0.0          0.  0.0       2352. -59.031 
5642. Arseny Markoff                        -53.126          0.  0.0       3317. -35.355          0.  0.0          0.  0.0 
5643. Juan Antonio Marin                        -53.129       3116. -26.283       2710. -20.739       1961. -90.925       2591. -107.715 
5644. Maxim Bulat                        -53.133       2385. -7.225          0.  0.0          0.  0.0          0.  0.0 
5645. Gerry Doherty                         -53.19          0.  0.0          0.  0.0          0.  0.0       2259. -50.0 
5646. Massimo Cierro                        -53.193       1027. 31.164       1730. 7.064          0.  0.0       2498. -80.891 
5647. Alex Stepanek                        -53.198          0.  0.0          3. 204.681          0.  0.0          0.  0.0 
5648. Shinichi Sakamoto                        -53.209       3226. -28.797        311. 79.121          0.  0.0          0.  0.0 
5649. Jamie Delgado                        -53.222       2908. -24.842       2394. -8.381       1963. -91.815        394. 50.174 
5650. Hartmut Kirchhubel                        -53.245        455. 67.019        607. 53.633       1483. -26.474          0.  0.0 
5651. Laurent Recouderc                        -53.294       1851. 4.405        289. 81.917          0.  0.0          0.  0.0 
5652. Erik Ulleberg                        -53.318       1529. 16.722       2004. 0.15          0.  0.0          0.  0.0 
5653. Ross Case                         -53.38       1772. 6.733       2364. -7.721        769. 10.411       1691. -21.735 
5654. Roman Margoulis                        -53.417       2014. 0.736          0.  0.0          0.  0.0          0.  0.0 
5655. Denis Ivancovas                        -53.443          0.  0.0       3732. -54.831          0.  0.0          0.  0.0 
5656. Bor Artnak                        -53.467          0.  0.0       4044. -78.874          0.  0.0          0.  0.0 
5657. Mark Wilson                        -53.479          0.  0.0          0.  0.0          0.  0.0         46. 127.358 
5658. Nicolas Barrientos                        -53.491        683. 50.195        563. 56.295          0.  0.0          0.  0.0 
5659. Max Hans Rehberg                         -53.51          0.  0.0       3137. -28.269          0.  0.0          0.  0.0 
5660. John Stephens                        -53.529          0.  0.0       2461. -11.275          0.  0.0       1963. -27.896 
5661. Thierry Van Den Daele                         -53.53          0.  0.0        296. 81.368          0.  0.0          0.  0.0 
5662. Herbert Wiltschnig                        -53.558        382. 73.658       3312. -35.239          0.  0.0          0.  0.0 
5663. Jim Buckley                        -53.565       1389. 21.861          0.  0.0          0.  0.0       1921. -26.427 
5664. Beejong Sisson                        -53.572       3238. -29.141       2499. -12.623          0.  0.0        918. 13.311 
5665. Franz Luna Lavidalie                        -53.578       1777. 6.54          0.  0.0          0.  0.0          0.  0.0 
5666. Neil Rajapakse                        -53.584       2673. -17.976       3210. -31.38          0.  0.0          0.  0.0 
5667. Hocine Younes                        -53.623          0.  0.0       3411. -39.659          0.  0.0          0.  0.0 
5668. Mike Green                        -53.667          0.  0.0       3876. -65.741          0.  0.0          0.  0.0 
5669. Tom Brown                        -53.669       1484. 18.604       2883. -25.0        548. 25.191          0.  0.0 
5670. Claude England                        -53.683       3435. -36.75          0.  0.0          0.  0.0          0.  0.0 
5671. Juan Pablo Guzman                        -53.786        359. 75.631        491. 62.092          0.  0.0       1551. -13.638 
5672. Ron Hightower                        -53.859       4109. -73.83       4190. -103.745        112. 87.613        649. 27.124 
5673. Sonchat Ratiwatana                        -53.863       3105. -26.05       4185. -102.905       1668. -42.643          0.  0.0 
5674. Tim Goransson                        -53.879          0.  0.0       3721. -54.311          0.  0.0          0.  0.0 
5675. Crepin Ossombi                        -53.918          0.  0.0       2391. -8.315          0.  0.0          0.  0.0 
5676. Desmond Mckenzey                         -53.95          0.  0.0          0.  0.0          0.  0.0          0.  0.0 
5677. Gitanas Mazonas                        -53.961          0.  0.0          0.  0.0       1705. -46.397          0.  0.0 
5678. Fritz Kuhlmann                        -53.975          0.  0.0       3184. -29.885          0.  0.0          0.  0.0 
5679. Frank Sebaratnam                          -54.0       2962. -25.0        308. 79.447          0.  0.0          0.  0.0 
5680. Henri Laaksonen                        -54.051       3358. -33.324        904. 38.12          0.  0.0       1160. 1.184 
5681. Jhonnatan Medina Alvarez                        -54.073       3249. -29.413        620. 52.912          0.  0.0          0.  0.0 
5682. Lennart Bergelin                        -54.178          0.  0.0       2389. -8.292          0.  0.0       1851. -25.0 
5683. Yew Ming Si                        -54.204        824. 42.092       2015. -0.002          0.  0.0          0.  0.0 
5684. Harvey Spiegel                        -54.253          0.  0.0       4112. -87.564          0.  0.0          0.  0.0 
5685. Christophe Boggetti                        -54.253       1972. 1.589       2040. -0.359          0.  0.0       1249. -0.981 
5686. Rafa Orantes                        -54.288       2561. -13.686          0.  0.0          0.  0.0          0.  0.0 
5687. Piet Van Eysden                        -54.344       2904. -24.748          0.  0.0          0.  0.0          0.  0.0 
5688. James Smith                        -54.378       1401. 21.563       3258. -33.146          0.  0.0          0.  0.0 
5689. Stanislav Bykov                        -54.435       2438. -8.971          0.  0.0          0.  0.0          0.  0.0 
5690. Mihnea Ion Nastase                        -54.449          0.  0.0        973. 34.321          0.  0.0        973. 10.071 
5691. Faisal Syed Haq                        -54.518          0.  0.0       3629. -49.084          0.  0.0          0.  0.0 
5692. Djamel Boudjemline                        -54.586       2391. -7.529       2012. 0.015          0.  0.0          0.  0.0 
5693. Murphy Jensen                         -54.72       2505. -11.634       3580. -47.505          0.  0.0       1517. -11.548 
5694. Czeslaw Dobrowolski                        -54.752          0.  0.0       2850. -24.622          0.  0.0          0.  0.0 
5695. Terje Larsen                        -54.767        637. 52.75       3699. -52.928          0.  0.0          0.  0.0 
5696. Stephane Sansoni                        -54.785        156. 105.956       3567. -47.066       1509. -27.587          0.  0.0 
5697. A Berwitz                        -54.793          0.  0.0          0.  0.0          0.  0.0       1898. -25.382 
5698. Roberto Arguello                        -54.867       2895. -24.624       3743. -55.724       1322. -22.759          0.  0.0 
5699. Peter Lindgren                        -54.898       1399. 21.636       2512. -13.333       1581. -33.987        355. 54.048 
5700. Scott Barron                         -54.92       1215. 25.528        624. 52.666        978. -1.614          0.  0.0 
5701. Mate Delic                        -54.922        202. 96.443       2634. -18.319          0.  0.0          0.  0.0 
5702. Abdulla Hajji                        -54.963       3804. -53.159          0.  0.0          0.  0.0          0.  0.0 
5703. Mate Pavic                        -54.987       3100. -25.935       2244. -4.464          0.  0.0       1697. -21.93 
5704. Laurynas Grigelis                        -55.087        267. 85.171        816. 42.872        302. 48.242       2204. -46.114 
5705. Sergey Fomin                        -55.182       1629. 12.816          0.  0.0          0.  0.0          0.  0.0 
5706. Diego Acuna                        -55.343          0.  0.0       3045. -26.104       1004. -2.548          0.  0.0 
5707. Petros Baghdatis                        -55.362          0.  0.0       3472. -42.691          0.  0.0          0.  0.0 
5708. Grant Doyle                        -55.402        167. 103.056       4094. -85.593       1937. -80.797       1976. -28.736 
5709. Wayne Cowley                        -55.459       1913. 3.197       3596. -48.101          0.  0.0       1948. -27.196 
5710. Stanislav Vovk                        -55.461       3393. -35.139       2514. -13.511          0.  0.0          0.  0.0 
5711. Karan Rastogi                        -55.467       1661. 11.368       2357. -7.514          0.  0.0          0.  0.0 
5712. Federico Rodriguez                        -55.524       2679. -18.248       1559. 13.395          0.  0.0          0.  0.0 
5713. Charles Beckman                        -55.683       3770. -51.129          0.  0.0          0.  0.0          0.  0.0 
5714. Sulaiman Al Rawahi                        -55.686       3224. -28.714          0.  0.0          0.  0.0          0.  0.0 
5715. Denis Galea                         -55.77          0.  0.0       1925. 2.04          0.  0.0          0.  0.0 
5716. Theo Du Plessis                        -55.807       3883. -57.673          0.  0.0          0.  0.0          0.  0.0 
5717. Abe Segal                        -55.813       2148. -1.554       3914. -68.332          0.  0.0       1782. -24.972 
5718. Petru Alexandru Luncanu                        -55.861       2234. -3.21        752. 46.08          0.  0.0          0.  0.0 
5719. Juan Carlos Ramirez                        -55.876       1452. 19.696       1286. 24.001          0.  0.0          0.  0.0 
5720. Teza Simunyola                        -55.911          0.  0.0       1576. 12.717          0.  0.0          0.  0.0 
5721. Shoichi Horiuchi                        -55.929        638. 52.733          0.  0.0          0.  0.0          0.  0.0 
5722. Per Larsson                        -55.931       3260. -29.665       3884. -66.202          0.  0.0          0.  0.0 
5723. Dennis Novak                        -56.039        480. 64.85       3829. -61.304          0.  0.0        284. 62.523 
5724. Lorenzo Giustino                        -56.046       1516. 17.132        864. 40.251          0.  0.0          0.  0.0 
5725. Abdul Rahman Shehab                        -56.149        755. 46.398          0.  0.0          0.  0.0          0.  0.0 
5726. Eduardo Oncins                        -56.162       3644. -46.83       2807. -23.352          0.  0.0       2510. -84.089 
5727. Ricardo Gonzalez Diaz                        -56.186       3405. -35.517          0.  0.0          0.  0.0          0.  0.0 
5728. Emmanuel Udozorh                         -56.21       4178. -80.568          0.  0.0        203. 63.487          0.  0.0 
5729. John Mills                         -56.28       2000. 1.085          0.  0.0          0.  0.0        742. 23.605 
5730. Adelo Abadia                        -56.286       2184. -2.007       1435. 18.845          0.  0.0          0.  0.0 
5731. Gianluca Rinaldini                        -56.355       3855. -55.863       2604. -17.14       1532. -29.063        368. 52.438 
5732. Terence Nugent                         -56.36       2999. -25.0       3171. -29.516          0.  0.0          0.  0.0 
5733. Knud Erik Nielsen                        -56.386          0.  0.0       2435. -10.06          0.  0.0          0.  0.0 
5734. Vicente Zarazua                        -56.425       3133. -26.548        780. 44.726        182. 68.39          0.  0.0 
5735. Thomas Blake                        -56.494       2689. -18.434       4168. -98.335          0.  0.0         98. 101.319 
5736. Roland Russo                        -56.542          0.  0.0          0.  0.0          0.  0.0       1534. -12.763 
5737. Alexander Kudryavtsev                        -56.543        996. 32.419       2648. -18.709          0.  0.0       1611. -17.833 
5738. Sachio Kato                        -56.604          0.  0.0       3422. -40.107         75. 102.696        881. 16.361 
5739. Ando Rasolomalala                        -56.624          0.  0.0       2200. -3.538        985. -1.796          0.  0.0 
5740. Dick Johnson                        -56.635       4150. -77.62       2225. -4.054          0.  0.0          0.  0.0 
5741. Sam Vuille                        -56.786          0.  0.0       4031. -77.478          0.  0.0          0.  0.0 
5742. Gary Rose                        -56.877       3661. -47.422       2741. -21.485          0.  0.0          0.  0.0 
5743. Irakli Ushangishvili                         -56.91       2427. -8.551       1449. 18.376       1603. -36.367          0.  0.0 
5744. Yann Marti                        -57.009          0.  0.0       3062. -26.459          0.  0.0          0.  0.0 
5745. George Cosac                        -57.018          0.  0.0       3429. -40.645        291. 49.473          0.  0.0 
5746. Juan Borba                        -57.025          0.  0.0       2351. -7.266          0.  0.0          0.  0.0 
5747. Sofronio Palahang                        -57.126          0.  0.0        412. 69.975        979. -1.658       1256. -1.1 
5748. Daniel Elsner                        -57.129        633. 52.873       3579. -47.477          0.  0.0       1266. -1.324 
5749. Nick Lindahl                        -57.148       2524. -12.253       1601. 11.427          0.  0.0          0.  0.0 
5750. Goran Sterijovski                        -57.161       2091. -0.438       3187. -30.037          0.  0.0          0.  0.0 
5751. Paul Harsanyi                        -57.164        262. 85.478          0.  0.0          0.  0.0          0.  0.0 
5752. Ranjan Wattegedera                        -57.176          0.  0.0       2207. -3.574          0.  0.0          0.  0.0 
5753. Alexander Cozbinov                         -57.28       3571. -44.462          0.  0.0          0.  0.0          0.  0.0 
5754. Christopher Eldon                        -57.352       2877. -24.081       1952. 1.454          0.  0.0          0.  0.0 
5755. Yakubu Suleiman                        -57.356       2275. -3.878        856. 40.629          0.  0.0          0.  0.0 
5756. Hrage Magarian                        -57.409       2256. -3.573          0.  0.0          0.  0.0          0.  0.0 
5757. Lionel Kemajou                        -57.434       3143. -26.679        745. 46.427          0.  0.0          0.  0.0 
5758. Tom Kreiss                        -57.444       4000. -64.685       3634. -49.221       1237. -18.341       1599. -17.323 
5759. Andrew Ilie                        -57.491       2701. -18.805       3256. -33.105       1217. -16.485        567. 33.102 
5760. C Munoz                        -57.543       4051. -68.335          0.  0.0          0.  0.0          0.  0.0 
5761. Etsuo Uchiyama                        -57.567          0.  0.0        889. 38.891          0.  0.0          0.  0.0 
5762. Marco Consolini                        -57.594          0.  0.0         80. 121.763       1466. -25.233          0.  0.0 
5763. Khairuddin Baharom                        -57.637       2404. -7.77          0.  0.0          0.  0.0          0.  0.0 
5764. Thien Nguyen Hoang                        -57.722        287. 82.551          0.  0.0          0.  0.0          0.  0.0 
5765. Fabio Di Mauro                        -57.763          0.  0.0       4195. -106.132          0.  0.0          0.  0.0 
5766. Arjun Kadhe                        -57.763       1736. 8.082          0.  0.0          0.  0.0          0.  0.0 
5767. Steve Campbell                        -57.779       1520. 16.906       2392. -8.341        508. 27.128       1981. -28.928 
5768. Robert Stock                        -57.791          0.  0.0       2010. 0.04          0.  0.0       2108. -38.049 
5769. Joao Maio                          -57.8          0.  0.0       2378. -8.057          0.  0.0          0.  0.0 
5770. Brandon Perez                        -57.843       4117. -75.042       2981. -25.0          0.  0.0          0.  0.0 
5771. Ben Ellwood                        -57.918       2733. -20.117          0.  0.0          0.  0.0       2178. -43.215 
5772. Diego Moyano                        -58.012          0.  0.0       1038. 31.04          0.  0.0          0.  0.0 
5773. William Tym                        -58.149          0.  0.0       4194. -106.022          0.  0.0       1092. 3.521 
5774. Muhammad Shoaib                         -58.15       2144. -1.475       1905. 2.377          0.  0.0       1889. -25.188 
5775. Thierry Quintin                        -58.157          0.  0.0       1585. 12.107          0.  0.0       1282. -1.752 
5776. Murat Gurler                         -58.17       2102. -0.599          0.  0.0          0.  0.0          0.  0.0 
5777. Marc Gicquel                        -58.172       2374. -6.869       2589. -16.546        763. 10.78       1093. 3.503 
5778. Haruo Nakano                        -58.244       2413. -8.1          0.  0.0          0.  0.0          0.  0.0 
5779. Martin Robinson                        -58.295       1942. 2.276         55. 131.32        311. 47.193       1464. -8.708 
5780. Don Kierbow                        -58.323       3945. -61.656          0.  0.0       1377. -25.0          0.  0.0 
5781. Jason Goodall                        -58.364       2512. -11.829          0.  0.0          0.  0.0       1306. -2.173 
5782. Meer Mohammed Khan                        -58.464          0.  0.0       1937. 1.796          0.  0.0          0.  0.0 
5783. S Eummongkol                         -58.52          0.  0.0          0.  0.0       1519. -28.157          0.  0.0 
5784. Micke Kontinen                        -58.523       1336. 23.29       3286. -34.059          0.  0.0          0.  0.0 
5785. Orlin Stanoytchev                         -58.69        201. 96.524        937. 35.838        206. 63.318        121. 93.185 
5786. Dragan Stojovic                        -58.693          0.  0.0          0.  0.0       1511. -27.657       2078. -35.15 
5787. Chaim Arlozorov                        -58.807       2125. -1.075        997. 33.145       1064. -4.52        552. 34.388 
5788. Jacques Vincileoni                         -58.85          0.  0.0        102. 115.256       1764. -50.0          0.  0.0 
5789. Will Coghlan                        -58.861          0.  0.0        829. 41.922          0.  0.0       1179. 0.608 
5790. Hakar Zahr                        -58.973       2007. 0.839       2167. -2.776          0.  0.0       2187. -44.314 
5791. Victor Estrella                        -59.071       3630. -46.523        711. 48.008          0.  0.0        857. 17.598 
5792. Skander Mansouri                        -59.106       1812. 5.583       1795. 4.958          0.  0.0          0.  0.0 
5793. Dacio Campos                        -59.179       1676. 10.76       2224. -4.046          0.  0.0       2560. -94.377 
5794. Seung Hoon Lee                        -59.284       2523. -12.25          0.  0.0       1422. -25.0       1779. -24.88 
5795. Alexey Vatutin                        -59.324       4143. -77.12       4230. -119.635          0.  0.0          0.  0.0 
5796. Sandor Kiss                        -59.518          0.  0.0       3617. -48.418          0.  0.0          0.  0.0 
5797. Carlos Feldstedt                        -59.688          0.  0.0       3085. -26.865          0.  0.0          0.  0.0 
5798. Eylon Sinai                        -59.718       2803. -22.54          0.  0.0          0.  0.0       1164. 1.108 
5799. Marko Topo                        -59.804          0.  0.0       3421. -40.012          0.  0.0          0.  0.0 
5800. Edan Leshem                        -59.807       3281. -30.536       2578. -16.191          0.  0.0          0.  0.0 
5801. Akira Motomura                         -59.92          0.  0.0       3251. -33.007          0.  0.0          0.  0.0 
5802. Lee Langstroth                         -59.96       4215. -84.945       1685. 8.623          0.  0.0          0.  0.0 
5803. Jasjit Singh                        -59.977        717. 48.312        592. 54.75       1132. -8.279        723. 24.656 
5804. Simon Carr                        -60.021       2059. 0.003          0.  0.0          0.  0.0          0.  0.0 
5805. Jerome Hanquez                        -60.086          0.  0.0       1961. 1.224       1660. -41.55          0.  0.0 
5806. Joao Souza                        -60.096         32. 151.55        972. 34.369          0.  0.0       2057. -34.011 
5807. Gene Russo                        -60.191          0.  0.0          0.  0.0       1540. -29.657        757. 23.178 
5808. Jorgen Ulrich                        -60.292       1979. 1.448       3891. -66.587       1512. -27.718        264. 64.994 
5809. Glenn Petrovic                          -60.3       3920. -60.037        505. 60.425        738. 12.853       2313. -54.406 
5810. Stuart Bale                        -60.312       2373. -6.79          0.  0.0       1313. -22.241        516. 37.873 
5811. Alex Kuznetsov                        -60.407       3092. -25.721       3023. -25.449          0.  0.0       2357. -59.753 
5812. Sivagnanam Suresh                        -60.458          0.  0.0        498. 61.205          0.  0.0          0.  0.0 
5813. Jose Daher                        -60.472       2528. -12.319       3951. -71.146       1125. -7.788          0.  0.0 
5814. Patrice Baker                        -60.528       2200. -2.323       3555. -46.546          0.  0.0          0.  0.0 
5815. W Marsden                        -60.571       1827. 5.13          0.  0.0          0.  0.0       1664. -20.347 
5816. Ali Ghareeb                        -60.586       2190. -2.113        629. 52.32          0.  0.0          0.  0.0 
5817. Shai Puni                        -60.642       2839. -23.33          0.  0.0          0.  0.0          0.  0.0 
5818. Enzo Pigola                        -60.755          0.  0.0       3664. -50.921          0.  0.0          0.  0.0 
5819. Dovydas Sakinis                        -60.755       1613. 13.564       2465. -11.385       1777. -51.255          0.  0.0 
5820. Andrej Nedic                        -60.765       3044. -25.0        160. 100.709          0.  0.0          0.  0.0 
5821. Igor Kunitsyn                        -60.958       2704. -19.073       3089. -26.995       1247. -19.05       1741. -23.679 
5822. Emmanuel Van Der Pol                        -61.042          0.  0.0          0.  0.0          0.  0.0          0.  0.0 
5823. Christian Bemba                        -61.142          0.  0.0       3808. -60.019          0.  0.0          0.  0.0 
5824. Glen Holroyd                        -61.173        975. 33.328       2714. -20.785       1769. -50.487       1538. -13.082 
5825. Hans Engert                        -61.195       2622. -15.921       2286. -5.461          0.  0.0       1185. 0.38 
5826. Mel Baleson                        -61.211       3058. -25.167          0.  0.0          0.  0.0        773. 22.172 
5827. Young Min Kwon                        -61.221       4225. -86.893          0.  0.0          0.  0.0          0.  0.0 
5828. Charles Auffray                        -61.234          0.  0.0       2355. -7.479          0.  0.0          0.  0.0 
5829. Thiago Alves                        -61.276       1910. 3.236       2852. -24.637          0.  0.0       1957. -27.612 
5830. Faisal Rahman                        -61.318       2349. -5.839       3068. -26.594          0.  0.0          0.  0.0 
5831. John Sobel                        -61.355       3656. -47.291       3415. -39.758       1268. -19.959          0.  0.0 
5832. Patrick Mohr                        -61.402       2743. -20.399         25. 151.589          0.  0.0          0.  0.0 
5833. Arthur Carrington                        -61.664          0.  0.0       2905. -25.0          0.  0.0        340. 55.949 
5834. Roberto Marcher                        -61.686        551. 58.604       1346. 22.038          0.  0.0          0.  0.0 
5835. Martins Podzus                        -61.736       4380. -134.124        579. 55.307          0.  0.0          0.  0.0 
5836. Jeff Simpson                        -61.748       1017. 31.545       3552. -46.447        285. 50.23        502. 39.634 
5837. Fredrik Aarum                        -61.766       2665. -17.614       2431. -9.765          0.  0.0          0.  0.0 
5838. Philippe Grandjean                        -61.839       3613. -45.956       3561. -46.8          0.  0.0          0.  0.0 
5839. Rodrigo Vallejo                        -61.896       2584. -14.736        907. 37.705          0.  0.0          0.  0.0 
5840. Federico Camacho                        -61.913       3609. -45.878       2844. -24.494          0.  0.0          0.  0.0 
5841. Anthony Brennan                        -62.077       3845. -55.223          0.  0.0          0.  0.0       1545. -13.284 
5842. Gerard Granollers                        -62.081          0.  0.0       3830. -61.444          0.  0.0          0.  0.0 
5843. Niranjan Casie Chitty                          -62.1       1102. 28.759          0.  0.0          0.  0.0          0.  0.0 
5844. Tapio Nurminen                        -62.381       2199. -2.295       1814. 4.519        614. 23.411          0.  0.0 
5845. Ramkumar Ramanathan                        -62.431       3743. -50.121       2372. -7.898          0.  0.0        379. 51.656 
5846. Jose Roberto Velasco                        -62.474       3641. -46.779        253. 87.119          0.  0.0          0.  0.0 
5847. Favel Antonio Freyre Perdomo                        -62.582       2993. -25.0       1633. 10.302          0.  0.0          0.  0.0 
5848. Ronnie Bathman                        -62.632       1449. 19.793       2516. -13.665         79. 101.494        902. 14.688 
5849. Ahmed Ben Omar                        -62.647          0.  0.0       1839. 3.825          0.  0.0          0.  0.0 
5850. Dawood Dawoodian                        -62.687       1368. 22.595       2778. -22.454          0.  0.0          0.  0.0 
5851. Moon Il Kim                        -62.764          0.  0.0          0.  0.0          0.  0.0        495. 40.182 
5852. Torben Theine                        -62.769       2605. -15.356       4084. -84.345          0.  0.0          0.  0.0 
5853. Zoltan Kuharszky                        -62.843       3068. -25.368       3219. -31.636       1648. -40.58        435. 45.905 
5854. Ken Stuart                        -62.905        111. 116.26          0.  0.0          0.  0.0        897. 15.141 
5855. Harri Heliovaara                        -62.909        672. 50.784       2214. -3.809        352. 42.406          0.  0.0 
5856. Lukas Mugevicius                        -63.004       2565. -13.791       1507. 16.426       1710. -46.534          0.  0.0 
5857. Ronan Fearon                        -63.063       2388. -7.438          0.  0.0          0.  0.0       1189. 0.309 
5858. Eyal Ran                        -63.153       3420. -36.145       4165. -96.92       1578. -33.393        691. 25.27 
5859. Neale Fraser                        -63.217       1916. 3.084       4125. -89.282          0.  0.0       1071. 4.671 
5860. Shozo Shiraishi                        -63.217       3592. -45.32       2725. -21.044       1881. -69.173          0.  0.0 
5861. Juan Enrique Crosa                        -63.219       3261. -29.704       2953. -25.0          0.  0.0          0.  0.0 
5862. Martin Schaffl                        -63.251          0.  0.0        774. 44.903          0.  0.0          0.  0.0 
5863. Fabrizio Fanucci                         -63.43          0.  0.0       2625. -18.077       1384. -25.0          0.  0.0 
5864. Jaymon Crabb                        -63.487       4389. -145.904          0.  0.0          0.  0.0          0.  0.0 
5865. Akira Santillan                        -63.561       2354. -6.046        431. 68.365          0.  0.0       2201. -45.424 
5866. Famiano Meneschincheri                        -63.692       4106. -73.669       3551. -46.392       1773. -50.762          0.  0.0 
5867. Patricio Arnold                        -63.734        627. 53.178        775. 44.892          0.  0.0          0.  0.0 
5868. Peter Pokorny                        -63.746       3758. -50.696       2787. -22.765          0.  0.0       2203. -45.79 
5869. Aleksandre Metreveli                         -63.82       2773. -21.515        525. 59.054          0.  0.0          0.  0.0 
5870. Geoffrey Blancaneaux                          -63.9        164. 103.517       3520. -45.048          0.  0.0          0.  0.0 
5871. Neil Borwick                        -63.933        628. 53.139       2777. -22.439        428. 32.943        810. 20.574 
5872. Calvin Hemery                        -64.094       1564. 15.431       1167. 26.113          0.  0.0          0.  0.0 
5873. Irakli Kunchulia                        -64.188          0.  0.0       2761. -22.068          0.  0.0          0.  0.0 
5874. James Mccabe                        -64.251       1436. 20.349          0.  0.0          0.  0.0       1909. -25.942 
5875. Ayrton Wibowo                        -64.259       1572. 15.173          0.  0.0          0.  0.0          0.  0.0 
5876. Roger Guedes                        -64.304       2191. -2.121       2476. -11.751       1248. -19.059        209. 74.221 
5877. Miloslav Lacek                        -64.345       1157. 27.294       3920. -68.639          0.  0.0          0.  0.0 
5878. Dilshod Sharifi                        -64.433       2186. -2.014       1866. 3.304          0.  0.0          0.  0.0 
5879. David Whyte                        -64.509          0.  0.0          0.  0.0          0.  0.0       1197. 0.08 
5880. Jose Olivares                        -64.513       3026. -25.0       3517. -44.99          0.  0.0          0.  0.0 
5881. Gunther Darkey                        -64.542       1156. 27.318       3207. -31.124          0.  0.0          0.  0.0 
5882. Takanyi Garanganga                        -64.606       3794. -52.735          0.  0.0          0.  0.0          0.  0.0 
5883. Ernesto Lingen                        -64.615       3768. -51.001       3338. -36.015          0.  0.0          0.  0.0 
5884. Graeme Thomson                        -64.618       3066. -25.355        435. 67.476        915. 1.238        618. 28.971 
5885. John Sharpe                        -64.638          0.  0.0       3677. -51.594          0.  0.0       1571. -15.491 
5886. Eoin Collins                        -64.658       2717. -19.684       3031. -25.737        777. 9.957       1136. 1.796 
5887. Piet Norval                        -64.723       3595. -45.37       1376. 20.829          0.  0.0       2081. -35.324 
5888. Oliver Fuchs                        -64.759       2601. -15.279       3049. -26.156          0.  0.0          0.  0.0 
5889. Kodzo Apeti                        -64.825       3463. -38.824          0.  0.0       1037. -3.573          0.  0.0 
5890. D Morgan                        -64.867       2135. -1.384          0.  0.0          0.  0.0        717. 24.855 
5891. Julian Saborio                        -64.928       3531. -42.228          0.  0.0          0.  0.0          0.  0.0 
5892. Aleksandr Nedovyesov                         -65.05        347. 76.111       3692. -52.311          0.  0.0       2341. -57.797 
5893. Wayne Hampson                        -65.053       4320. -104.919       3361. -37.284       1193. -14.867        292. 61.481 
5894. Billy Nealon                          -65.1       3932. -60.931        255. 86.679          0.  0.0          0.  0.0 
5895. Alain Brichant                        -65.106       3809. -53.298       2705. -20.632       1907. -73.164          0.  0.0 
5896. Mark Buckley                        -65.156       2042. 0.258       3327. -35.68          0.  0.0          0.  0.0 
5897. Mark Shires                         -65.17       3958. -62.448          0.  0.0       1981. -97.746       1297. -1.992 
5898. Agustin Velotti                        -65.315          0.  0.0       2033. -0.278          0.  0.0          0.  0.0 
5899. Ray Kelly                        -65.332        919. 36.739       3268. -33.425          0.  0.0       1916. -26.348 
5900. Janis Podzus                        -65.359       4193. -82.212       2979. -25.0          0.  0.0          0.  0.0 
5901. Dragos Nicolae Madaras                        -65.457       1046. 30.504       2690. -20.003          0.  0.0          0.  0.0 
5902. Woo Ryong Lee                        -65.466       3253. -29.486        935. 36.072          0.  0.0          0.  0.0 
5903. Christian Vinck                        -65.479       4235. -88.806        513. 59.966        965. -1.18       2169. -42.723 
5904. Armistead Neely                        -65.503       2430. -8.65       1464. 17.85       1676. -43.154        494. 40.294 
5905. Fernando Verdasco                         -65.56       1093. 29.133       3854. -63.533        695. 17.221        883. 16.346 
5906. Nicolas Mejia                        -65.561       2264. -3.761        764. 45.444          0.  0.0          0.  0.0 
5907. Seung Bok Baek                        -65.624       3619. -46.168          0.  0.0        476. 28.8          0.  0.0 
5908. John Holladay                         -65.72       3662. -47.467       1443. 18.621       1159. -11.259       1342. -3.245 
5909. Marko Djokovic                        -65.786       3266. -29.973       4140. -91.898          0.  0.0          0.  0.0 
5910. Constant Lestienne                        -65.819       1106. 28.65       4045. -78.948          0.  0.0       1332. -2.931 
5911. Maurizio Bonaiti                        -65.902          0.  0.0       4065. -81.717          0.  0.0          0.  0.0 
5912. Jeson Patrombon                         -65.92       3283. -30.629       1039. 30.963          0.  0.0          0.  0.0 
5913. Yasitha De Silva                         -65.98          0.  0.0       3308. -35.008          0.  0.0          0.  0.0 
5914. Srinath Prahlad                        -66.055       4046. -67.837       1933. 1.809          0.  0.0          0.  0.0 
5915. Gianluca Naso                        -66.067          0.  0.0       1348. 21.979          0.  0.0          0.  0.0 
5916. Sten Sumberg                        -66.076          0.  0.0          0.  0.0       1469. -25.307          0.  0.0 
5917. Juan Pablo Queirolo                        -66.077          0.  0.0       3760. -57.404        629. 22.57          0.  0.0 
5918. Stefan Svensson                        -66.267       2868. -23.851       3098. -27.152       1494. -26.796          0.  0.0 
5919. Rayno Seegers                        -66.309       3201. -27.986        111. 112.56       1640. -39.419       1067. 4.83 
5920. Huub Van Boeckel                        -66.413        890. 38.936       4253. -136.595       1826. -59.583        432. 46.219 
5921. Andrew Rae                        -66.427       1863. 4.19       2306. -6.086          0.  0.0       2520. -85.673 
5922. Benjamin Mitchell                        -66.485       4351. -115.633          0.  0.0          0.  0.0          0.  0.0 
5923. Olivier Patience                         -66.51       3598. -45.501       3890. -66.569       1948. -85.939        863. 17.182 
5924. Kristian Pless                        -66.544       3158. -26.941       3964. -72.275       1715. -46.914       2348. -58.495 
5925. Den Wen Lin                        -66.562       3252. -29.481          0.  0.0          0.  0.0          0.  0.0 
5926. Robert Bettauer                        -66.606       3898. -58.952        228. 91.169          0.  0.0          0.  0.0 
5927. Roger Smith                         -66.63       3735. -49.856       3807. -59.978        424. 33.196       1884. -25.088 
5928. Tomas Lynch                        -66.648          0.  0.0       4119. -88.369          0.  0.0          0.  0.0 
5929. Eleuterio Martins                        -66.653       2955. -25.0        520. 59.381       1358. -24.255          0.  0.0 
5930. Leo Palin                        -66.661       1961. 1.78       1492. 16.869        240. 57.717        192. 76.729 
5931. Philip Bester                        -66.665       1755. 7.474       2869. -24.954          0.  0.0          0.  0.0 
5932. Tomislav Jotovski                         -66.77       4236. -88.897       2726. -21.125          0.  0.0          0.  0.0 
5933. Courtney John Lock                         -66.88       1343. 23.16          0.  0.0          0.  0.0          0.  0.0 
5934. Daouda Ndiaye                        -66.943        483. 64.68       1027. 31.599        957. -0.591          0.  0.0 
5935. Robert Armytage                        -66.956          0.  0.0          0.  0.0          0.  0.0       1894. -25.279 
5936. Maxime Janvier                        -66.981       2609. -15.449       2791. -22.864          0.  0.0        801. 20.931 
5937. Menelaos Efstathiou                         -67.06       1659. 11.415       4032. -77.751          0.  0.0          0.  0.0 
5938. Roberto Azar                        -67.101         10. 183.523       3330. -35.796       1855. -65.032        182. 78.544 
5939. Tau Luu                        -67.109       1903. 3.377          0.  0.0          0.  0.0          0.  0.0 
5940. Jan Kodes                        -67.187       1602. 14.048        378. 72.624       2004. -112.037       2287. -51.568 
5941. Andres Vysand                        -67.195       2857. -23.698        883. 39.175       1108. -6.839       2177. -43.157 
5942. Rick Fagel                        -67.199       3444. -37.761       1295. 23.787       1551. -30.164       1980. -28.88 
5943. Francisco Truchi                        -67.217          0.  0.0        811. 43.262          0.  0.0          0.  0.0 
5944. Kaipo Marshall                        -67.309       1290. 24.704          0.  0.0          0.  0.0          0.  0.0 
5945. Kentaro Masuda                        -67.375        692. 49.85          0.  0.0        824. 6.091          0.  0.0 
5946. Bob Alloo                        -67.377       1908. 3.26          0.  0.0          0.  0.0       2504. -83.021 
5947. Des Hill                        -67.414          0.  0.0          0.  0.0          0.  0.0       2612. -123.55 
5948. Khaled Baligh                        -67.434       2227. -3.002       1713. 7.451          0.  0.0          0.  0.0 
5949. Jay Clarke                        -67.446        698. 49.343          0.  0.0          0.  0.0       2563. -95.079 
5950. Peter Fishbach                        -67.453          0.  0.0       3000. -25.06          0.  0.0       1830. -25.0 
5951. Mike Barr                        -67.461          0.  0.0          0.  0.0       1728. -47.927       2556. -93.62 
5952. Bill Freer                        -67.468       2387. -7.296       3177. -29.736       1308. -22.022       2587. -104.367 
5953. Tracy Delatte                        -67.471        986. 32.849       1997. 0.304       1746. -48.51        834. 19.657 
5954. Stewart Doyle                        -67.475          0.  0.0       1953. 1.427       1413. -25.0          0.  0.0 
5955. Hans Dieter Beutel                        -67.552       4254. -91.594       3254. -33.046       1120. -7.341        578. 31.842 
5956. Bernard Pinto                         -67.69          0.  0.0       4096. -85.796          0.  0.0       1761. -24.328 
5957. Minhtuan Pham                        -67.695       1724. 8.418          0.  0.0          0.  0.0          0.  0.0 
5958. Pere Riba                        -67.783       2338. -5.575       3929. -69.343          0.  0.0       2469. -76.023 
5959. Jacob Rasolondrazana                         -67.79       3731. -49.723       3645. -49.793        448. 30.819          0.  0.0 
5960. Isak Arvidsson                        -67.927       2384. -7.147       2813. -23.536          0.  0.0          0.  0.0 
5961. Mohammed Rajan Sundera Karuppiah                        -67.983       3153. -26.827          0.  0.0          0.  0.0          0.  0.0 
5962. Lassantha Fernando                        -68.026          0.  0.0       2102. -1.655          0.  0.0          0.  0.0 
5963. Enrique Caviglia                        -68.163          0.  0.0       1666. 9.094          0.  0.0          0.  0.0 
5964. Alberto Franco                        -68.276          0.  0.0       1129. 27.374       1768. -50.472          0.  0.0 
5965. Ignacio Garcia                        -68.362       3413. -35.854          0.  0.0          0.  0.0          0.  0.0 
5966. Ian Fletcher                        -68.368        836. 41.625       3269. -33.438        158. 74.2       1069. 4.707 
5967. Fabio Sical                        -68.463       2162. -1.796       2197. -3.495          0.  0.0          0.  0.0 
5968. Jaime Oncins                        -68.488        666. 51.253        342. 75.814        521. 26.656        907. 14.417 
5969. Andrei Vasilevski                        -68.543       1057. 30.199       2035. -0.308          0.  0.0          0.  0.0 
5970. Wisnu Adi Nugroho                        -68.624       2666. -17.708          0.  0.0          0.  0.0          0.  0.0 
5971. James Greenhalgh                        -68.695       3194. -27.852          0.  0.0        622. 23.184        543. 35.367 
5972. Jonathan Igbinovia                        -68.783       4285. -97.013          0.  0.0          0.  0.0          0.  0.0 
5973. Steven Kangwa                        -68.902       3749. -50.326       1582. 12.372          0.  0.0          0.  0.0 
5974. Hans Hansson                        -68.942          0.  0.0       4188. -103.196       2023. -142.075       1649. -19.817 
5975. Dentry Mortimer                        -69.037          0.  0.0       3175. -29.652          0.  0.0          0.  0.0 
5976. Kiranpal Pannu                        -69.041       3757. -50.694          0.  0.0          0.  0.0          0.  0.0 
5977. Peter Doohan                        -69.048        901. 37.971       3217. -31.58       1045. -3.677       2616. -127.306 
5978. Peter Carter                        -69.085       4238. -89.045        152. 102.21       1577. -33.205       1270. -1.535 
5979. Jim Rombeau                        -69.243          0.  0.0       2428. -9.68          0.  0.0        895. 15.17 
5980. Chum Steele Iii                        -69.306       1912. 3.226       4114. -87.822          0.  0.0       1576. -15.813 
5981. Efe Ustundag                        -69.317       3050. -25.003          0.  0.0       1497. -26.796          0.  0.0 
5982. Victor Pereira                        -69.369          0.  0.0          0.  0.0          0.  0.0       1299. -2.03 
5983. Andrew Castle                        -69.371        979. 33.235        496. 61.448        454. 30.452       1315. -2.397 
5984. John Boytim                        -69.385       1459. 19.472       1801. 4.826          0.  0.0          0.  0.0 
5985. Kemal Anbar                        -69.489          0.  0.0          0.  0.0          0.  0.0          0.  0.0 
5986. Robert Puddicombe                        -69.507       2937. -25.0       2863. -24.834          0.  0.0        491. 40.669 
5987. Lornie Kuhle                        -69.511          0.  0.0       1429. 19.022          0.  0.0          0.  0.0 
5988. Clemens Trimmel                        -69.743          0.  0.0       1926. 2.006        704. 16.525          0.  0.0 
5989. Hansjorg Elzer                        -69.796          0.  0.0       3389. -38.689          0.  0.0          0.  0.0 
5990. Tahsin Gursoy                        -69.876          0.  0.0       4169. -98.551          0.  0.0          0.  0.0 
5991. Sherif Sabry                        -69.927       2555. -13.417       2174. -3.029        250. 55.289          0.  0.0 
5992. Shoichi Tatsuno                        -69.935       3270. -30.157       2560. -15.546          0.  0.0          0.  0.0 
5993. John Hui                        -70.079       1489. 18.262          0.  0.0          0.  0.0       1114. 2.54 
5994. Vicente Solves                        -70.151       3446. -37.882        978. 34.073          0.  0.0          0.  0.0 
5995. Abdel Aslam Mahmoudi                        -70.212          0.  0.0        833. 41.794          0.  0.0          0.  0.0 
5996. James Ferguson                        -70.216       3667. -47.585          0.  0.0          0.  0.0       2486. -79.205 
5997. Bertrand Madsen                        -70.235       2206. -2.46       2251. -4.582       1406. -25.0          0.  0.0 
5998. Po Tao                        -70.413       4115. -74.83          0.  0.0          0.  0.0          0.  0.0 
5999. Adam Hornby                        -70.425       2236. -3.248       1399. 20.093          0.  0.0          0.  0.0 
6000. Tom Mercer                        -70.505       2330. -5.485       2447. -10.652          0.  0.0       1676. -20.966 
6001. Rene Busch                        -70.507          0.  0.0       3035. -25.852       1336. -23.335          0.  0.0 
6002. Peter Hannon                        -70.511       2951. -25.0       3108. -27.363          0.  0.0          0.  0.0 
6003. Noel Rutherford                        -70.529       3835. -54.871          0.  0.0          0.  0.0          0.  0.0 
6004. Viorel Marcu                        -70.656       1586. 14.737       4186. -102.979       1645. -40.163          0.  0.0 
6005. Robyn Ray                        -70.689        898. 38.464        824. 42.073          0.  0.0       2383. -63.358 
6006. Iphton Louis                        -70.772       1727. 8.281       3702. -53.082          0.  0.0          0.  0.0 
6007. Adam Walton                        -70.772       4068. -69.458       3987. -74.106          0.  0.0        136. 91.052 
6008. Noujeim Hakimi                        -70.781       2383. -7.14          0.  0.0       1417. -25.0          0.  0.0 
6009. Mike Scheidweiler                        -70.789       3861. -56.268       1771. 5.772        928. 0.409          0.  0.0 
6010. Christophe Rochus                        -70.842       2494. -11.245       1425. 19.19        624. 22.981        929. 12.581 
6011. Dave Michau                        -70.915       3148. -26.796          0.  0.0          0.  0.0        869. 17.027 
6012. Milko Petkov                        -70.918          0.  0.0       2326. -6.562       1027. -3.399          0.  0.0 
6013. Abdul Mumin Babalola                        -70.999       2210. -2.503          0.  0.0          0.  0.0          0.  0.0 
6014. Patrice Beust                        -71.358       3386. -34.855        278. 83.25          0.  0.0        133. 91.313 
6015. Farah Al Somali                        -71.374       3607. -45.824       1984. 0.53          0.  0.0          0.  0.0 
6016. Laurent Lokoli                        -71.388       3966. -62.9       2617. -17.737          0.  0.0       1638. -19.036 
6017. Justin Bower                        -71.389       1460. 19.462       2078. -1.151          0.  0.0       1461. -8.557 
6018. Jean Noel Said                        -71.414       3632. -46.537       3202. -30.875          0.  0.0          0.  0.0 
6019. Musaad Al Jazzaf                        -71.452       2138. -1.422       3819. -60.767          0.  0.0          0.  0.0 
6020. Jesse Flores                        -71.487       3941. -61.497          0.  0.0          0.  0.0          0.  0.0 
6021. Robert Lee                        -71.699          0.  0.0          0.  0.0          0.  0.0        137. 90.517 
6022. Mike Machette                        -71.724        677. 50.457       1723. 7.27       1202. -15.321        696. 25.12 
6023. Miles Maclagan                         -71.81       3544. -43.031       3072. -26.614          0.  0.0       2134. -39.93 
6024. Jon Levine                        -72.028       1358. 22.901       3296. -34.469          0.  0.0       1421. -6.511 
6025. Ian Parkin                        -72.102          0.  0.0          0.  0.0          0.  0.0       1604. -17.467 
6026. David Imonitie                        -72.181       2082. -0.288       3970. -72.766          0.  0.0          0.  0.0 
6027. Christopher Lawson                        -72.206       2378. -7.003        809. 43.431          0.  0.0          0.  0.0 
6028. Rolando Ruel                        -72.209       2176. -1.915       3597. -48.125          0.  0.0          0.  0.0 
6029. Ayed Zatar                         -72.24       1294. 24.641       2217. -3.898          0.  0.0          0.  0.0 
6030. Frank Dennhardt                        -72.294       3895. -58.849       3868. -64.728          0.  0.0          0.  0.0 
6031. Brett Baudinet                        -72.384       3222. -28.572          0.  0.0       1447. -25.0          0.  0.0 
6032. David Guez                        -72.391       2544. -13.048       1422. 19.33       1985. -99.636          0.  0.0 
6033. Miguel Soares                        -72.543          0.  0.0       4191. -104.19          0.  0.0          0.  0.0 
6034. Nial Brash                        -72.707       3485. -40.028       2593. -16.718        772. 10.155          0.  0.0 
6035. Gavorielle Marcu                        -72.738       2488. -10.913       2304. -5.989       1657. -41.249          0.  0.0 
6036. Paul Fitz Simmons                        -72.806       2944. -25.0          0.  0.0          0.  0.0       1451. -8.052 
6037. Gary Donnelly                        -73.144       2625. -16.089        142. 105.173       1133. -8.29       2140. -40.358 
6038. Yu Jr Wang                         -73.32       1210. 25.688       2968. -25.0        922. 0.929       1447. -7.88 
6039. Anthony Fawcett                        -73.585       4216. -85.444        487. 62.311          0.  0.0        519. 37.572 
6040. Sacha Thoma                        -73.588          0.  0.0       2952. -25.0        444. 31.317          0.  0.0 
6041. Salvador Cabeza                        -73.644          0.  0.0        451. 65.759          0.  0.0          0.  0.0 
6042. Guillaume Couillard                        -73.696       1250. 25.0       2513. -13.405        816. 6.365          0.  0.0 
6043. Orlando Agudelo                        -73.697          0.  0.0       3934. -69.822       1938. -81.023          0.  0.0 
6044. Ricardo Hocevar                        -73.751        984. 33.096       2786. -22.733          0.  0.0          0.  0.0 
6045. Mark Knowles                        -73.884       2618. -15.775        170. 99.362       1563. -31.743        171. 80.276 
6046. Sven Koehler                        -73.908       4022. -66.375          0.  0.0          0.  0.0       1868. -25.0 
6047. John Blizard                        -74.124          0.  0.0          0.  0.0          0.  0.0       2593. -108.153 
6048. Mubarak Al Tobaishi                        -74.145       3091. -25.684       2206. -3.573          0.  0.0          0.  0.0 
6049. Daniel Danilovic                        -74.336          0.  0.0       3695. -52.429          0.  0.0          0.  0.0 
6050. David Miketa                        -74.457          0.  0.0        208. 94.025          0.  0.0          0.  0.0 
6051. Nicholas Malcolm                        -74.555        927. 36.172          0.  0.0          0.  0.0          0.  0.0 
6052. Eero Vasa                        -74.646       2821. -22.919          0.  0.0       1743. -48.204          0.  0.0 
6053. Jose Cordeiro                        -74.731          0.  0.0       1945. 1.613          0.  0.0          0.  0.0 
6054. Luca Vanni                        -74.843        859. 40.411       3967. -72.564          0.  0.0       2615. -127.017 
6055. Pat Cramer                        -74.854       3335. -32.422       4141. -92.134       1365. -24.749       1922. -26.45 
6056. Ross Walker                        -74.894       2630. -16.351       1587. 12.095          0.  0.0       2371. -61.639 
6057. Paul Van Min                        -74.911        855. 40.836       4206. -109.982       1623. -38.228          0.  0.0 
6058. Richard Ashby                        -75.048       1711. 8.891       2585. -16.475          0.  0.0          0.  0.0 
6059. Dieter Kindlmann                        -75.265        197. 96.999       1802. 4.815          0.  0.0          0.  0.0 
6060. Luke Saville                        -75.482       1721. 8.51          0.  0.0          0.  0.0       2481. -78.328 
6061. Gabriel Flores Ruiz                        -75.483       3342. -32.623          0.  0.0          0.  0.0          0.  0.0 
6062. Mark Webster                        -75.556       2178. -1.93          0.  0.0          0.  0.0          0.  0.0 
6063. Linh Giang Trinh                         -75.68       1631. 12.581       2983. -25.0          0.  0.0          0.  0.0 
6064. Graeme Notman                        -75.819       1594. 14.325          0.  0.0          0.  0.0       2477. -77.867 
6065. Robert Angelo                        -75.905          0.  0.0       4005. -75.259        869. 3.179       1255. -1.093 
6066. Haluk Akkoyun                         -75.97       3736. -49.86          0.  0.0       1453. -25.0          0.  0.0 
6067. Max Hurlimann                        -75.988          0.  0.0       4152. -93.902        675. 19.165          0.  0.0 
6068. Jacques Grandjean                        -75.994          0.  0.0       1956. 1.336       1984. -99.44          0.  0.0 
6069. Octavio Piva                        -75.999       1927. 2.725       2751. -21.748          0.  0.0        741. 23.651 
6070. Andres Weisskopf                        -76.067       3019. -25.0       4129. -89.596          0.  0.0          0.  0.0 
6071. Alexander Marcial                        -76.216       2583. -14.732       3531. -45.467          0.  0.0          0.  0.0 
6072. Jaime Faria                        -76.224       2319. -5.133        603. 53.702          0.  0.0          0.  0.0 
6073. Ugo Nastasi                        -76.393       1964. 1.768       3008. -25.129          0.  0.0          0.  0.0 
6074. Randall King                        -76.463        813. 42.512          0.  0.0          0.  0.0          0.  0.0 
6075. Rudy Foo                        -76.589       3113. -26.246       2366. -7.773        941.  0.0          0.  0.0 
6076. John Erik Rustad                        -76.599          0.  0.0       3032. -25.74        942.  0.0       1337. -3.141 
6077. Jabor Al Mutawa                        -76.659       4356. -115.892          0.  0.0          0.  0.0          0.  0.0 
6078. Thomas Shimada                        -76.673       4181. -80.975          0.  0.0          0.  0.0        246. 68.477 
6079. Shane Stone                        -76.742       2407. -7.825          0.  0.0          0.  0.0          0.  0.0 
6080. Orville Adams                         -76.78       2174. -1.873          0.  0.0          0.  0.0          0.  0.0 
6081. Kristjan Tamm                        -76.861       3416. -35.948       3298. -34.618          0.  0.0          0.  0.0 
6082. Hazuan Hizan                        -76.883       3777. -51.528          0.  0.0          0.  0.0          0.  0.0 
6083. Miguel Maurtua                        -76.915          0.  0.0          0.  0.0          0.  0.0          0.  0.0 
6084. Viktor Filipenko                        -76.936       3721. -49.223          0.  0.0          0.  0.0          0.  0.0 
6085. Dan Goldberg                        -76.969        595. 55.53       3582. -47.525       1346. -23.757          0.  0.0 
6086. Kirill Ivanov Smolensky                        -77.018       2147. -1.549          0.  0.0       1080. -5.407       2294. -52.358 
6087. Maurice Hunter                        -77.025        178. 101.597       2704. -20.559          0.  0.0       2519. -85.666 
6088. Ignacio Carou                        -77.069          0.  0.0        522. 59.191          0.  0.0          0.  0.0 
6089. Hans Peter Kandler                        -77.164       4219. -85.857       3284. -34.035       1561. -31.509          0.  0.0 
6090. Chris Burr                        -77.216          0.  0.0       4145. -93.357       1879. -68.73       1846. -25.0 
6091. Carlos Alvarado                        -77.342       2968. -25.0       3363. -37.555          0.  0.0          0.  0.0 
6092. Thierry Stevaux                        -77.549       3538. -42.388       3509. -44.75       1090. -5.931          0.  0.0 
6093. Timothy Neilly                         -77.57       3177. -27.401       2442. -10.482          0.  0.0          0.  0.0 
6094. V Gillespie                        -77.635          0.  0.0          0.  0.0          0.  0.0       2463. -74.624 
6095. Thierry Ascione                         -77.71       4240. -89.1       4012. -75.847        122. 81.62        990. 9.185 
6096. Filip Prpic                        -77.714       1619. 13.292        882. 39.23          0.  0.0          0.  0.0 
6097. Mait Kunnap                        -77.732        775. 44.954       3351. -36.698        879. 2.808          0.  0.0 
6098. Petros Chrysochos                        -77.969       3211. -28.378       2049. -0.528          0.  0.0          0.  0.0 
6099. Michael Fancutt                        -78.116       2826. -23.031          0.  0.0       1338. -23.365       1369. -4.661 
6100. Sunu Wahyu Trijati                        -78.178       3515. -41.697       2426. -9.593          0.  0.0          0.  0.0 
6101. Janos Benyik                        -78.238       4346. -112.633       1287. 23.928        331. 45.345          0.  0.0 
6102. Colon Nunez                        -78.402          0.  0.0       2520. -14.047          0.  0.0          0.  0.0 
6103. Carl Chang                        -78.455       2902. -24.73          0.  0.0       1714. -46.83          0.  0.0 
6104. Konstantin Kravchuk                        -78.489        270. 84.835         68. 125.017        807. 7.203       1512. -11.45 
6105. Raul Antonio Viver                        -78.496       4303. -101.57        585. 54.993        268. 51.851        101. 100.709 
6106. Raymundo Deyro                        -78.599       3225. -28.746          0.  0.0          0.  0.0          0.  0.0 
6107. Don Turner                        -78.611       3086. -25.613          0.  0.0          0.  0.0       2244. -48.275 
6108. Hugo Nunez                        -78.612       1682. 10.433       2707. -20.713        259. 53.31          0.  0.0 
6109. Ouassel Hared                        -78.629          0.  0.0       2594. -16.742          0.  0.0          0.  0.0 
6110. Nicholas Kalogeropoulos                        -78.794       4305. -101.91       2243. -4.464        307. 47.641       1076. 4.397 
6111. Mikelis Libietis                        -79.016       2740. -20.293       1135. 27.019          0.  0.0          0.  0.0 
6112. Richard Schmidt                        -79.079        166. 103.211          0.  0.0          0.  0.0       1883. -25.084 
6113. Christopher Koutrouzas                        -79.172        173. 101.874       4267. -148.145       1456. -25.0          0.  0.0 
6114. Hatem Mcdadi                         -79.27        981. 33.184        800. 44.126       1898. -71.278          0.  0.0 
6115. Muzammil Murtaza                        -79.395          0.  0.0       1887. 2.86          0.  0.0       1936. -26.796 
6116. Alejo Mancisidor                        -79.456        948. 34.636        349. 75.318          0.  0.0          0.  0.0 
6117. Norbert Oduor                        -79.544          0.  0.0       1951. 1.476       1738. -48.204          0.  0.0 
6118. Anthony Lane                        -79.634        670. 50.94          0.  0.0          0.  0.0       1456. -8.343 
6119. Lency Tenai                        -79.639       2363. -6.517        855. 40.744          0.  0.0          0.  0.0 
6120. Miloud Doumbia                         -79.76       4038. -67.369          0.  0.0          0.  0.0          0.  0.0 
6121. Morten Ronneberg                        -79.871          0.  0.0       4218. -114.223          0.  0.0          0.  0.0 
6122. Mike Vermeer                        -79.903       2094. -0.538          0.  0.0          0.  0.0          0.  0.0 
6123. Oren Motevassel                        -79.961        399. 71.951        240. 89.182          0.  0.0        253. 66.699 
6124. Roberto Lombardi                        -80.022          0.  0.0        433. 67.663       1566. -32.051          0.  0.0 
6125. Anthony Marshall                        -80.034       3578. -44.778       2762. -22.095          0.  0.0          0.  0.0 
6126. Richard Hawkes                        -80.048       2394. -7.629       2885. -25.0          0.  0.0        531. 36.758 
6127. David Segal                         -80.17          0.  0.0          0.  0.0          0.  0.0        320. 58.67 
6128. Tomislav Brkic                        -80.342        762. 46.191       3593. -47.966       1459. -25.0          0.  0.0 
6129. Quentin Pretorius                        -80.368       4255. -91.83          0.  0.0          0.  0.0       1914. -26.256 
6130. Thai Son Kwiatkowski                         -80.38       1117. 28.457          0.  0.0          0.  0.0       2404. -66.398 
6131. Shanker Krishnan                        -80.437          0.  0.0       2687. -19.964          0.  0.0          0.  0.0 
6132. Josef Stabholz                        -80.512       2079. -0.25          0.  0.0          0.  0.0       2195. -45.038 
6133. Marian Vajda                        -80.574       1809. 5.604       4228. -118.173        691. 17.623       1058. 5.087 
6134. Ingo Wimmer                        -80.606       3666. -47.565       3769. -58.371          0.  0.0          0.  0.0 
6135. Chi Yuan Lin                        -80.847       2580. -14.595          0.  0.0          0.  0.0          0.  0.0 
6136. Asim Shafik                        -80.974       3897. -58.922       2523. -14.212          0.  0.0       1872. -25.0 
6137. Sandro Ehrat                        -81.038        675. 50.517       1783. 5.257          0.  0.0          0.  0.0 
6138. Emanuel Rasberger                        -81.162          0.  0.0       3574. -47.399          0.  0.0          0.  0.0 
6139. Ney Keller                        -81.246       3891. -58.134       4001. -74.957       1671. -42.887          0.  0.0 
6140. Talal Ouahabi                        -81.246          0.  0.0       2732. -21.219          0.  0.0          0.  0.0 
6141. David Josepa                         -81.69       3001. -25.0       2053. -0.592          0.  0.0          0.  0.0 
6142. Keith Carpenter                        -81.729       3647. -46.916       1190. 25.421       1567. -32.075          0.  0.0 
6143. Mohammed Akbar Baba                        -81.779          0.  0.0          0.  0.0          0.  0.0          0.  0.0 
6144. Cesar Kist                        -81.921       2212. -2.509       2830. -23.989        432. 32.579          0.  0.0 
6145. Juho Paukku                        -82.224       2242. -3.327       3314. -35.286          0.  0.0          0.  0.0 
6146. Sasi Kumar Mukund                        -82.265       3265. -29.923          0.  0.0          0.  0.0       2596. -111.446 
6147. John Anthony Southworth                         -82.39          0.  0.0          0.  0.0          0.  0.0       1188. 0.315 
6148. Dede Suhendar Dinata                        -82.446       1643. 12.122       3096. -27.127       1178. -13.16          0.  0.0 
6149. Dimitar Grabuloski                        -82.487       3820. -53.794       2797. -23.064          0.  0.0          0.  0.0 
6150. Jose Luis Arillla                         -82.54          0.  0.0       4086. -84.4          0.  0.0          0.  0.0 
6151. Ilija Martinoski                        -82.639       1322. 23.728       1986. 0.482          0.  0.0          0.  0.0 
6152. Alexandar Lazov                        -82.666        124. 113.406       1273. 24.437          0.  0.0          0.  0.0 
6153. Ali Yenilmez                        -82.814       2160. -1.796          0.  0.0          0.  0.0          0.  0.0 
6154. Zeeshan Ali                        -82.882       1810. 5.601       2938. -25.0          0.  0.0        414. 47.893 
6155. Corrado Aprili                        -82.984       2004. 0.888       3895. -66.904          0.  0.0          0.  0.0 
6156. Octavio Martinez                        -83.239          0.  0.0       3194. -30.418          0.  0.0          0.  0.0 
6157. Jermaine Smith                        -83.312          0.  0.0       3178. -29.743          0.  0.0          0.  0.0 
6158. George Khrikadze                         -83.32       3012. -25.0       2437. -10.254       1444. -25.0          0.  0.0 
6159. Gene Scott                        -83.377        651. 52.052       4248. -132.84       1241. -18.561       1020. 6.887 
6160. Alejandro Olivera                         -83.59       2652. -17.232       2375. -7.99          0.  0.0          0.  0.0 
6161. Thomas Lejus                        -83.749          0.  0.0        213. 92.968          0.  0.0       1934. -26.796 
6162. Anis Ghorbel                        -83.874       3816. -53.542       2973. -25.0       1458. -25.0          0.  0.0 
6163. Derek Segal                        -83.938       1656. 11.529        363. 73.79          0.  0.0          0.  0.0 
6164. Federico Gaio                        -84.001       3392. -35.134       2630. -18.268          0.  0.0          0.  0.0 
6165. Stuart Sarnia                        -84.028       1928. 2.654       1744. 6.599          0.  0.0          0.  0.0 
6166. Manuel Valleramos                        -84.117       2061.  0.0       3013. -25.241          0.  0.0          0.  0.0 
6167. Michael Hickey                         -84.13        224. 92.718       2273. -5.177          0.  0.0        687. 25.573 
6168. Vitaliy Sachko                        -84.169       4363. -122.724       2478. -11.808          0.  0.0          0.  0.0 
6169. Nick Fleury                        -84.416       3202. -28.085       3116. -27.642       1542. -29.811          0.  0.0 
6170. Khoder Issa                        -84.524          0.  0.0       2021. -0.138          0.  0.0          0.  0.0 
6171. Carlos Gomez                        -84.527          0.  0.0       3627. -48.943          0.  0.0          0.  0.0 
6172. Mark Wooldridge                        -84.678       2235. -3.219       4075. -83.677          0.  0.0         93. 105.137 
6173. Abraham Sojo                        -84.722       4147. -77.325          0.  0.0          0.  0.0          0.  0.0 
6174. Lorenzo Fargas                        -84.753          0.  0.0       3291. -34.179          0.  0.0          0.  0.0 
6175. Jean Brucher                        -84.758          0.  0.0          0.  0.0          0.  0.0          0.  0.0 
6176. Brian Marcus                        -84.789       1693. 9.67       2898. -25.0          0.  0.0       1380. -4.949 
6177. Mark Meyers                        -84.793          0.  0.0       1472. 17.629       1837. -61.383        450. 44.677 
6178. Daniel Munoz de la Nava                        -84.799       2789. -22.062       2275. -5.203          0.  0.0          0.  0.0 
6179. Ignaci Roca                        -84.819       2265. -3.766          0.  0.0          0.  0.0          0.  0.0 
6180. Hidehiko Tanizawa                        -84.903       4326. -106.427          0.  0.0       1940. -81.544       1295. -1.979 
6181. Paul Thompson                        -84.979       2113. -0.819       2055. -0.677          0.  0.0       1913. -26.123 
6182. Mark Schembri                        -85.034       2552. -13.316       1916. 2.196          0.  0.0          0.  0.0 
6183. Andrei Gorban                        -85.034       3690. -48.204       2208. -3.652        895. 2.25          0.  0.0 
6184. Christos Hadjigeorgiou                        -85.178       3163. -27.005          0.  0.0          0.  0.0          0.  0.0 
6185. Alex Lopez Moron                         -85.18       3536. -42.324       2678. -19.697          0.  0.0       2275. -50.659 
6186. Adel Lahdhiri                        -85.239          0.  0.0       2089. -1.362          0.  0.0          0.  0.0 
6187. Khaled Al Foudari                        -85.327       1587. 14.697          0.  0.0          0.  0.0          0.  0.0 
6188. Kamel Harrad                        -85.354          0.  0.0        980. 33.959          0.  0.0          0.  0.0 
6189. Jon Erik Ross                        -85.423       2253. -3.573       2220. -3.949          0.  0.0          0.  0.0 
6190. Victor Crivoi                        -85.508       2380. -7.044       3770. -58.391        917. 1.206       2577. -100.342 
6191. Michail Pervolarakis                        -85.579       4148. -77.359       2988. -25.0          0.  0.0          0.  0.0 
6192. J M Learmont                        -85.652          0.  0.0          0.  0.0          0.  0.0       1395. -5.5 
6193. Mohsen Hossein Zade                        -85.732       3223. -28.636       2024. -0.19          0.  0.0          0.  0.0 
6194. Stian Boretti                        -85.836       3167. -27.097       2470. -11.461        960. -0.789          0.  0.0 
6195. Enzo Vattuone                        -85.849          0.  0.0          0.  0.0        359. 41.616       2455. -72.969 
6196. Mehluli Don Ayanda Sibanda                        -85.969       3157. -26.924       3930. -69.369          0.  0.0          0.  0.0 
6197. Michihisa Onoda                        -86.028       3263. -29.734          0.  0.0          0.  0.0          0.  0.0 
6198. Luis Bruguera                        -86.043          0.  0.0       3615. -48.354       1061. -4.413          0.  0.0 
6199. Gwinyai Tongoona                        -86.071        336. 77.168       3972. -72.829        196. 65.737          0.  0.0 
6200. Supoj Meesawad                        -86.117       2337. -5.558          0.  0.0       1555. -31.178        715. 24.882 
6201. Adrien Bossel                         -86.13       2379. -7.01       3242. -32.709          0.  0.0        836. 19.483 
6202. Malcolm Allen                        -86.157       4336. -109.402       2935. -25.0          0.  0.0          0.  0.0 
6203. Gorka Fraile                        -86.158       1422. 20.873        779. 44.743          0.  0.0          0.  0.0 
6204. Tom Christensen                        -86.349        332. 77.549       1927. 1.926       1515. -27.861          0.  0.0 
6205. Bill Cowan                        -86.893       3900. -59.153       2921. -25.0       1980. -97.701          0.  0.0 
6206. Torben Ulrich                        -87.025       1628. 12.988       1521. 15.559       1946. -84.637       1432. -7.245 
6207. Marco Filippeschi                        -87.058          0.  0.0       1910. 2.292          0.  0.0          0.  0.0 
6208. Sergis Kyratzis                         -87.06       4096. -72.35       2045. -0.448          0.  0.0          0.  0.0 
6209. Steven Schranz                        -87.067       2304. -4.699       1924. 2.045          0.  0.0          0.  0.0 
6210. Juan Herrera                        -87.194          0.  0.0       3626. -48.916         68. 104.365          0.  0.0 
6211. Alan Jackson                        -87.285          0.  0.0          0.  0.0          0.  0.0       1060. 5.049 
6212. Simon Clarke                        -87.395       2243. -3.395          0.  0.0          0.  0.0        511. 38.425 
6213. Willem Prinsloo                        -87.429        426. 69.571       3287. -34.079       1756. -49.743       2346. -58.344 
6214. Lucas Gomez                        -87.602       3553. -43.381       2616. -17.723          0.  0.0          0.  0.0 
6215. Eldad Campbell                        -87.623       3250. -29.434       2146. -2.264          0.  0.0          0.  0.0 
6216. Mahesh Bhupathi                        -87.752       4342. -112.175       1711. 7.473       1172. -12.65       2272. -50.512 
6217. Khalid Al Nabhani                        -87.801       3916. -59.869          0.  0.0          0.  0.0          0.  0.0 
6218. Pavel Baranov                         -88.01       1793. 6.099          0.  0.0          0.  0.0          0.  0.0 
6219. Peter Burwash                        -88.022       3684. -48.204       4071. -82.621          0.  0.0        360. 53.155 
6220. Victor Eke                        -88.043       2938. -25.0          0.  0.0          0.  0.0        301. 60.747 
6221. Alessandro Baldoni                        -88.094          0.  0.0        515. 59.653          0.  0.0          0.  0.0 
6222. Benoit Paire                        -88.183       3542. -42.973       1124. 27.549          0.  0.0        683. 25.638 
6223. Fong Ling                        -88.283          0.  0.0          0.  0.0          0.  0.0          0.  0.0 
6224. Al Parker                        -88.337       3588. -45.159       3662. -50.855          0.  0.0          0.  0.0 
6225. Sandor Noszaly                        -88.455       3748. -50.291       3120. -27.751       1525. -28.385       1198. 0.079 
6226. David Agung Susanto                        -88.553       1342. 23.188       3471. -42.69          0.  0.0       1305. -2.134 
6227. Tracy Lake                        -88.605          0.  0.0          0.  0.0          0.  0.0       2439. -70.112 
6228. Cecil Mamiit                        -88.637       3300. -31.175       2822. -23.773       1019. -3.08       1407. -5.801 
6229. Stepan Koudelka                        -88.721       2047. 0.144       2550. -15.239          0.  0.0       2594. -108.849 
6230. Carlos Martin Navarro Vergara                        -88.851       2257. -3.573       2223. -4.019          0.  0.0          0.  0.0 
6231. Givaldo Barbosa                        -88.866       1717. 8.766       3489. -43.601       1042. -3.609       2411. -67.542 
6232. Mohammed Al Nabhani                        -89.043       2808. -22.719          0.  0.0          0.  0.0          0.  0.0 
6233. Kenny Thorne                        -89.118       2360. -6.341        992. 33.296        227. 59.472       1890. -25.192 
6234. Alan Mackin                        -89.216       2870. -23.865       3678. -51.676        974. -1.543        840. 19.097 
6235. Jan Zabrodsky                        -89.421       2033. 0.436       4203. -107.715       1218. -16.895        496. 40.175 
6236. Francisco Gonzalez                        -89.469       2811. -22.739       3795. -59.528       1122. -7.435       2156. -41.717 
6237. Gilles Kremer                        -89.523       2866. -23.838       4008. -75.548          0.  0.0          0.  0.0 
6238. Omar Awadhy                        -89.608        240. 88.792          0.  0.0          0.  0.0          0.  0.0 
6239. Phillip King                        -89.719       2549. -13.299          0.  0.0          0.  0.0          0.  0.0 
6240. Adrian Clarke                        -89.922          0.  0.0       2599. -16.957          0.  0.0          0.  0.0 
6241. Nebojsa Djordjevic                        -89.956       3741. -50.0       1268. 24.556        599. 24.214          0.  0.0 
6242. Albert Teo                        -89.972       2266. -3.769          0.  0.0          0.  0.0       2261. -50.0 
6243. Waldemar Rogowski                        -90.091       3554. -43.457       3077. -26.774          0.  0.0          0.  0.0 
6244. Sam Barry                        -90.165       2614. -15.623       3932. -69.707        183. 68.32          0.  0.0 
6245. Ivan Baron                        -90.248         90. 123.748       3708. -53.406          0.  0.0          0.  0.0 
6246. Julius Tverijonas                        -90.468       3873. -57.132       4136. -91.409          0.  0.0          0.  0.0 
6247. Shahzad Khan                        -90.623       2280. -4.05       3227. -32.309       1047. -3.711       2190. -44.736 
6248. Francesco Aldi                        -90.632          0.  0.0        933. 36.257       1679. -43.517          0.  0.0 
6249. G Turner Howard                        -90.755       1441. 20.083       2517. -13.724          0.  0.0       1187. 0.316 
6250. Yehoshua Shalem                        -90.791       1948. 2.129          0.  0.0          0.  0.0          0.  0.0 
6251. Frank McDonald                        -90.826       3930. -60.668          0.  0.0          0.  0.0         95. 103.576 
6252. Cliff Letcher                        -90.914       3268. -30.093       3170. -29.47       1719. -47.059       2425. -68.871 
6253. Armando Perez                        -91.031       1033. 30.955       3392. -38.764          0.  0.0          0.  0.0 
6254. Roberto Cid                        -91.033       1417. 20.984       2149. -2.303          0.  0.0          0.  0.0 
6255. Garry Slater                        -91.122        208. 95.357          0.  0.0          0.  0.0       2448. -71.585 
6256. Wai Ching Lee                        -91.216          0.  0.0          0.  0.0          0.  0.0          0.  0.0 
6257. Greg Halder                        -91.328        462. 66.537       2060. -0.819       1783. -52.379         24. 143.454 
6258. Lawrence Tere                        -91.351       2362. -6.434       2193. -3.395          0.  0.0          0.  0.0 
6259. Guillermo Hormazabal                        -91.384       1313. 24.08        120. 109.691       1598. -35.457          0.  0.0 
6260. Adrian Garcia                         -91.56        100. 119.988       1474. 17.583        938. 0.125        336. 56.568 
6261. Helge Koll                        -91.663       4261. -93.109       2733. -21.238       1770. -50.553          0.  0.0 
6262. Doug Crawford                        -92.116       3927. -60.492       2626. -18.122        682. 18.345       1341. -3.214 
6263. Brad Pearce                        -92.155       3821. -53.827       2430. -9.723       1602. -36.321        972. 10.111 
6264. Vladimir Margalitadze                         -92.17          0.  0.0       2299. -5.864          0.  0.0          0.  0.0 
6265. Hubertus Hoyt                        -92.302        849. 41.009       3903. -67.508        683. 18.338          0.  0.0 
6266. Ognen Nikolovski                         -92.34       2754. -20.867       1692. 8.316          0.  0.0          0.  0.0 
6267. Paul Hutchins                        -92.372          0.  0.0       3414. -39.722       1793. -54.67       2315. -54.666 
6268. Daniels Tens                        -92.518       2328. -5.394          0.  0.0          0.  0.0          0.  0.0 
6269. Bader Mohammed Almuqail                        -92.797       2154. -1.676       2030. -0.252          0.  0.0          0.  0.0 
6270. Kojo Atiso                        -92.823       2722. -19.779       3086. -26.924       1057. -4.193          0.  0.0 
6271. Mahammad Abid                        -92.877       3660. -47.395       2320. -6.468          0.  0.0          0.  0.0 
6272. Cary Leeds                         -92.88        406. 71.2       2773. -22.293       1656. -41.158       2162. -42.499 
6273. Ibrahim Abou Chahine                        -92.977       3519. -41.881       1969. 0.924          0.  0.0          0.  0.0 
6274. Stephen Myers                        -92.978          0.  0.0       2112. -1.775          0.  0.0       2095. -37.006 
6275. Ariez Elyaas Deen Heshaam                        -93.083       4138. -76.905          0.  0.0          0.  0.0          0.  0.0 
6276. Chana Techasen                        -93.173          0.  0.0          0.  0.0          0.  0.0          0.  0.0 
6277. Bhanu Nunna                        -93.263          0.  0.0       2178. -3.167        595. 24.306       2366. -60.969 
6278. Nagy Kabaz                        -93.285       3087. -25.621          0.  0.0          0.  0.0          0.  0.0 
6279. Tigre Hank                        -93.313       3790. -52.434       2192. -3.369          0.  0.0          0.  0.0 
6280. Lyuben Petrov                        -93.525          0.  0.0       3563. -46.902          0.  0.0          0.  0.0 
6281. Laszlo Markovits                        -93.698       2058. 0.014       1764. 6.077       1470. -25.4          0.  0.0 
6282. Bernard Montrenaud                         -93.75       1485. 18.574       3799. -59.717          0.  0.0       2009. -29.899 
6283. Rudolfs Mednis                        -94.024       3053. -25.105          0.  0.0          0.  0.0          0.  0.0 
6284. Danny Obryant                        -94.192       2925. -25.0       3148. -28.69          0.  0.0        154. 84.344 
6285. Federico Zeballos                        -94.425       1885. 3.668       3621. -48.72          0.  0.0          0.  0.0 
6286. John Peckskamp                        -94.428          0.  0.0       3740. -55.505       2008. -117.098          0.  0.0 
6287. Jean Kome Loglo                        -94.462       3088. -25.623       3850. -63.302          0.  0.0          0.  0.0 
6288. Andrei Rybalko                        -94.546       2703. -19.024       2842. -24.373       1733. -48.12          0.  0.0 
6289. Pieter Soeters                        -95.303       3947. -61.883          0.  0.0          0.  0.0          0.  0.0 
6290. Mauricio Estivariz                        -95.341       2867. -23.85       4259. -140.892          0.  0.0          0.  0.0 
6291. Sanjar Fayziev                        -95.529       2482. -10.778       1881. 3.016          0.  0.0       1908. -25.922 
6292. Jai Dilouie                        -95.613       1098. 28.803       2843. -24.484          0.  0.0        370. 52.118 
6293. Mounir El Aarej                         -95.76       3842. -55.014       1509. 16.32       1673. -43.071        779. 21.989 
6294. Yong Ho Chung                        -95.761          0.  0.0       2212. -3.744          0.  0.0          0.  0.0 
6295. Emmanuel Heussner                        -96.023       2997. -25.0       4013. -75.907          0.  0.0          0.  0.0 
6296. Selvarajoo Selvarajoo                        -96.029       2255. -3.573          0.  0.0       1762. -50.0       1861. -25.0 
6297. Theo Storck                        -96.182       2090. -0.411       2130. -1.945          0.  0.0          0.  0.0 
6298. Fu Shun Tang                        -96.194       3985. -64.064          0.  0.0          0.  0.0          0.  0.0 
6299. Sandor Martinez Breijo                        -96.328       1832. 5.038       3188. -30.053          0.  0.0          0.  0.0 
6300. Jose Guerrero                        -96.339          0.  0.0       4164. -96.824        411. 34.634          0.  0.0 
6301. Pietro Marzano                          -96.4          0.  0.0       4236. -122.606       1562. -31.512         76. 110.612 
6302. Cesar Cruz                         -96.41       3324. -32.102       4056. -80.444          0.  0.0          0.  0.0 
6303. Alexander Schad                        -96.552       2240. -3.319       3633. -49.207          0.  0.0          0.  0.0 
6304. Chun Hsin Tseng                        -96.674       2716. -19.665        673. 49.783          0.  0.0        945. 11.678 
6305. Abdul Khalek Nadini                        -96.706       2797. -22.34       4171. -98.988          0.  0.0          0.  0.0 
6306. Barry Phillips Moore                        -96.709       1329. 23.459       3674. -51.396       1196. -15.08       1994. -29.393 
6307. Naser Al Obaidly                        -96.778       4360. -118.549       3814. -60.446          0.  0.0          0.  0.0 
6308. Alex Kurucz                        -96.857       3577. -44.771       1632. 10.382          0.  0.0          0.  0.0 
6309. James Ward                        -96.925        165. 103.48       4158. -95.808          0.  0.0       1987. -29.068 
6310. Slimane Saoudi                        -96.934        255. 86.653       4111. -87.126          0.  0.0          0.  0.0 
6311. Nick Van Rosberg                        -97.014       2201. -2.324       3082. -26.796          0.  0.0          0.  0.0 
6312. Konstantinos Effraimoglou                        -97.154       3051. -25.011       4276. -173.433          0.  0.0          0.  0.0 
6313. Haydn Lewis                        -97.625       3460. -38.739       3289. -34.135          0.  0.0          0.  0.0 
6314. Alexander Lehnhoff                         -97.67       1427. 20.7       2158. -2.463          0.  0.0          0.  0.0 
6315. Julio Goes                        -97.725       2712. -19.453       4251. -134.976       1627. -38.372       1475. -9.322 
6316. Dimitri Sturdza                        -97.741       3189. -27.696       3434. -40.952        964. -1.059       2434. -69.758 
6317. William Brown                        -97.917       2945. -25.0       3536. -45.62          0.  0.0          0.  0.0 
6318. Christopher Gatt                        -97.958       2345. -5.779       3467. -42.578       1035. -3.518          0.  0.0 
6319. Steven Diez                        -98.151       1396. 21.737       2313. -6.235          0.  0.0          0.  0.0 
6320. Markus Gunthardt                        -98.188         89. 123.929       2713. -20.78         99. 92.375          0.  0.0 
6321. Zainuddin Meah                        -98.282          0.  0.0          0.  0.0          0.  0.0          0.  0.0 
6322. Dan Birchmore                        -98.346       4272. -94.372       3986. -74.034          0.  0.0       1021. 6.808 
6323. Eduardo Gorostiaga                        -98.411       3643. -46.812       3982. -73.908          0.  0.0       1055. 5.255 
6324. Mark Turpin                        -98.441       3837. -54.882       2288. -5.528        676. 18.946       1854. -25.0 
6325. Philippos Tsangaridis                        -98.564       3746. -50.248        542. 57.777       1455. -25.0          0.  0.0 
6326. John Farrington                        -98.789       3364. -33.572       1671. 8.951          0.  0.0          0.  0.0 
6327. Alan Haswell                        -98.816       1006. 32.19          0.  0.0          0.  0.0       1906. -25.82 
6328. Franco Bartoni                        -98.861       2078. -0.248       1178. 25.836          0.  0.0        510. 38.552 
6329. Hillel Rousseau                        -98.926       3141. -26.635       3685. -51.965          0.  0.0          0.  0.0 
6330. Jimmy Parker                        -99.113        778. 44.806       4046. -79.319       1869. -67.121       1839. -25.0 
6331. Ulrich Marten                        -99.169        646. 52.292        692. 48.835        716. 15.314        518. 37.578 
6332. Facundo Arguello                        -99.313        769. 45.322       2482. -11.917          0.  0.0          0.  0.0 
6333. Elias Bramly                        -99.506       3557. -43.696       2248. -4.522        989. -1.87          0.  0.0 
6334. Cem Ilkel                        -99.568        746. 46.777         33. 145.406          0.  0.0       1640. -19.105 
6335. Mike Van Kauvenbergh                        -99.733          0.  0.0       2397. -8.45          0.  0.0          0.  0.0 
6336. Jacques Thamin                        -99.888       3365. -33.575       1687. 8.51       1284. -20.817       2159. -42.162 
6337. Song Kean Tan                        -99.918          0.  0.0          0.  0.0          0.  0.0          0.  0.0 
6338. Jose Moreno                       -100.463       3462. -38.801       4163. -96.667        841. 5.428       2393. -64.134 
6339. Lorenzo Soriano                       -100.616          0.  0.0       3753. -56.993          0.  0.0          0.  0.0 
6340. Peter Johnston                       -100.653       1306. 24.228       3855. -63.692       1778. -51.31        286. 62.217 
6341. Daniel Montes De Oca                       -100.713       2499. -11.367          0.  0.0          0.  0.0          0.  0.0 
6342. Thomas Haldin                       -100.864       2967. -25.0       2587. -16.513          0.  0.0          0.  0.0 
6343. Aziz Zouhir                        -100.93       3740. -50.0       3649. -50.08          0.  0.0          0.  0.0 
6344. Gewan Maharaj                       -100.943       2216. -2.569          0.  0.0       1897. -71.221          0.  0.0 
6345. Gerry Perry                       -100.972       2248. -3.468       3231. -32.43          0.  0.0       1173. 0.833 
6346. Fernando Vicente                       -101.072       2547. -13.219       2401. -8.607        494. 27.888        913. 13.702 
6347. Li Tu                       -101.099       1469. 19.238          0.  0.0          0.  0.0       2384. -63.457 
6348. Guilherme Clezar                       -101.239        808. 43.005        461. 64.466          0.  0.0          0.  0.0 
6349. Massimo Di Domenico                       -101.316          0.  0.0       3214. -31.509       1147. -9.664        937. 12.268 
6350. Scott Willinsky                        -101.32       1299. 24.532       3087. -26.959          0.  0.0          0.  0.0 
6351. Ivan Kley                       -101.335        251. 86.753        332. 76.893        939. 0.123       2349. -58.5 
6352. Edgar Hernandez Perez                       -101.496        788. 44.368       2028. -0.232          0.  0.0          0.  0.0 
6353. Mauro Menezes                       -101.618       2267. -3.771          0.  0.0       1966. -92.707       1865. -25.0 
6354. Rocky Royer                       -101.637       3403. -35.496       1202. 25.163        640. 21.737       2467. -75.656 
6355. Bjorn Munroe                       -101.893       2983. -25.0       1841. 3.773          0.  0.0          0.  0.0 
6356. Edvaldo Oliveira                       -101.908       3427. -36.415       2566. -15.842       1363. -24.639          0.  0.0 
6357. Carlos Di Laura                       -102.722        431. 69.261       2623. -17.96          0.  0.0          0.  0.0 
6358. Olivier Soules                        -102.85       3159. -26.942       3983. -73.978       1412. -25.0          0.  0.0 
6359. Bulent Altinkaya                        -102.89          0.  0.0       2494. -12.356          0.  0.0          0.  0.0 
6360. John Antonas                       -102.899       4011. -65.231       2399. -8.564        982. -1.759          0.  0.0 
6361. Alex Bogdanovic                         -103.1       4355. -115.843        419. 69.484          0.  0.0       2111. -38.194 
6362. Tsolak Gevorgyan                       -103.185       3156. -26.924       3921. -68.653        561. 25.0          0.  0.0 
6363. Tsung Hua Yang                       -103.319       1769. 6.81          0.  0.0          0.  0.0          0.  0.0 
6364. Ian Beverly                       -103.329       2667. -17.724          0.  0.0          0.  0.0       1359. -4.062 
6365. Piero Toci                       -103.683          0.  0.0       4180. -101.672         39. 121.61       1424. -6.892 
6366. Greg Whitecross                        -104.26       3310. -31.528       2701. -20.471        741. 12.735       1557. -14.078 
6367. Georges Logelin                       -104.388          0.  0.0          0.  0.0          0.  0.0          0.  0.0 
6368. Tony Jonsson                       -104.444          0.  0.0       2505. -12.854          0.  0.0          0.  0.0 
6369. George Tsivadze                       -104.471       3975. -63.517        469. 63.915        654. 20.813          0.  0.0 
6370. Tadas Babelis                       -104.959       3892. -58.312       2349. -7.195          0.  0.0          0.  0.0 
6371. Frithjof Prydz                       -104.965          0.  0.0       2356. -7.5          0.  0.0          0.  0.0 
6372. Ryuso Tsujino                       -105.044        461. 66.54       3679. -51.677        348. 43.183          0.  0.0 
6373. Aditya Hari Sasongko                       -105.755       3146. -26.693       3501. -44.432          0.  0.0          0.  0.0 
6374. Jordi Munoz Abreu                       -105.959       2087. -0.339       2718. -20.885          0.  0.0          0.  0.0 
6375. Michele Fioroni                       -106.046       2766. -21.367       2354. -7.442        438. 32.121          0.  0.0 
6376. Miguel Mir                       -106.221       4281. -96.514       1678. 8.862       1697. -45.776       1396. -5.514 
6377. Ferenc Csepai                       -106.302          0.  0.0       3575. -47.405          0.  0.0          0.  0.0 
6378. Sebastien Graeff                       -106.643       1973. 1.589       3064. -26.487        902. 2.04       1252. -1.011 
6379. Alberto Laborde                       -107.404          0.  0.0       1704. 7.755          0.  0.0          0.  0.0 
6380. Keith Brebnor                       -107.714       2775. -21.6          0.  0.0          0.  0.0       2415. -67.994 
6381. Dineshkanthan Thangarajah                       -107.772       3130. -26.509       1918. 2.16          0.  0.0          0.  0.0 
6382. Rand Evett                       -107.914       1865. 4.098       3119. -27.739       1142. -9.069        604. 30.084 
6383. Daniel Contet                       -108.073       3275. -30.377       4052. -79.984          0.  0.0         70. 113.322 
6384. Ajeet Rai                       -108.083       3200. -27.962          0.  0.0          0.  0.0          0.  0.0 
6385. Ernesto Vazquez Barreira                       -108.088          0.  0.0       2201. -3.559          0.  0.0          0.  0.0 
6386. Periclis Gavrilidis                       -108.426          0.  0.0       3837. -61.926          0.  0.0          0.  0.0 
6387. Razvan Sabau                       -108.604       3264. -29.844        685. 49.146        859. 3.813       2380. -63.14 
6388. Eno Polo                       -108.806       3529. -42.219       3118. -27.719       1529. -28.839          0.  0.0 
6389. Artem Smirnov                       -109.434        988. 32.744       2171. -2.832          0.  0.0        808. 20.627 
6390. Francisco Mastelli                       -109.497          0.  0.0       2525. -14.268          0.  0.0          0.  0.0 
6391. Amro Ghoneim                       -109.702       3720. -49.218       2046. -0.488       1435. -25.0        950. 11.445 
6392. Rolf Thung                       -109.794       2107. -0.708       1765. 6.035       1928. -78.92       2338. -57.444 
6393. Osamu Ishiguro                        -109.89       2397. -7.648          0.  0.0       1876. -68.227        314. 59.317 
6394. Steve Siegel                       -109.941       2640. -16.541       3710. -53.461          0.  0.0       1049. 5.655 
6395. Zlatko Ivancic                        -109.96          0.  0.0       4139. -91.562          0.  0.0          0.  0.0 
6396. Patrizio Parrini                       -110.012          0.  0.0       3880. -65.984        773. 10.13          0.  0.0 
6397. George Taylor                       -110.031       4306. -102.011       2335. -6.835          0.  0.0       1132. 1.952 
6398. Anthony Susanto                       -110.498       4086. -71.808       3608. -48.204          0.  0.0          0.  0.0 
6399. Arjun Perera                       -110.535       2963. -25.0       1192. 25.407          0.  0.0          0.  0.0 
6400. Carl Edvard Hedelund                        -110.93          0.  0.0       1775. 5.583          0.  0.0          0.  0.0 
6401. Shintaro Mochizuki                       -111.025       3294. -31.055        647. 51.286          0.  0.0       2067. -34.627 
6402. Alejandro Gattiker                       -111.063       2662. -17.549       2124. -1.847       1136. -8.641          0.  0.0 
6403. Oscar Ortiz                        -111.18       2784. -21.918       1774. 5.626       1787. -53.283       2396. -65.026 
6404. Juan Farrow                       -111.228       4353. -115.713          0.  0.0        120. 82.584        275. 64.148 
6405. Laurent Bram                       -111.496       2455. -9.674       1148. 26.661          0.  0.0          0.  0.0 
6406. Joseph Victorino                       -111.537       3856. -56.036       3017. -25.314          0.  0.0          0.  0.0 
6407. Nodar Itonishvili                       -111.576       3573. -44.559       3595. -48.1          0.  0.0          0.  0.0 
6408. Senaka Kumara                       -111.577          0.  0.0       3644. -49.752          0.  0.0        775. 22.07 
6409. Andrey Dernovskiy                       -111.668        719. 48.258       2510. -13.295       1499. -26.995          0.  0.0 
6410. Yang Tat Lim                       -111.674       3773. -51.166       2740. -21.477          0.  0.0          0.  0.0 
6411. Juan Carlos Baguena                         -112.3       1319. 23.804       4245. -130.489       1301. -21.596          0.  0.0 
6412. Ivo Lagzdins                       -112.306        921. 36.659       1578. 12.551        501. 27.49          0.  0.0 
6413. Tim Garcia                       -112.601        947. 34.652       1653. 9.481       1914. -75.553       1686. -21.498 
6414. Tetsu Kuramitsu                        -112.66       2313. -5.028       2507. -13.071          0.  0.0          0.  0.0 
6415. Brayden Schnur                       -112.752       2348. -5.816          0.  0.0          0.  0.0       2365. -60.849 
6416. Javier Restrepo                       -112.777        350. 75.991       1519. 15.644        871. 3.105          0.  0.0 
6417. Mario Rincon                        -112.88       3651. -46.982        344. 75.512          0.  0.0          0.  0.0 
6418. Pierre Joly                        -113.25          0.  0.0       3883. -66.177          0.  0.0       2160. -42.409 
6419. Erhan Oral                       -113.276       2128. -1.186       3081. -26.796       1135. -8.506          0.  0.0 
6420. Dick Knight                       -113.459       3438. -37.195       1106. 28.363          0.  0.0       1477. -9.333 
6421. Randy Nixon                       -113.719       4058. -68.727        275. 83.773       1939. -81.434       2444. -70.73 
6422. Martin Blackman                       -113.806       3938. -61.43       3917. -68.456        193. 66.006          0.  0.0 
6423. Fernand Claude                       -113.827       2089. -0.402       2920. -25.0          0.  0.0          0.  0.0 
6424. Bartolome Salva Vidal                        -113.83       3173. -27.316        300. 80.919          0.  0.0          0.  0.0 
6425. Dean Martin Jr                       -114.114       3111. -26.143       3544. -46.188        312. 47.022       2250. -48.778 
6426. Manuel Tejada                       -114.796        781. 44.718       3036. -25.898          0.  0.0          0.  0.0 
6427. Bruce Kleege                        -114.86       1672. 10.821       1442. 18.623        645. 21.149       2105. -37.944 
6428. Peter Campbell                       -114.908       3458. -38.679       2237. -4.3       1163. -11.814        844. 18.675 
6429. Charles Chang                       -115.004       4062. -69.044          0.  0.0          0.  0.0          0.  0.0 
6430. Rares Cuzdriorean                       -115.058       2412. -8.051       2314. -6.245          0.  0.0          0.  0.0 
6431. Beyazit Anbar                       -115.068          0.  0.0       2904. -25.0          0.  0.0          0.  0.0 
6432. Dmitriy Makeyev                       -115.117       4165. -79.214       2358. -7.535       1442. -25.0          0.  0.0 
6433. Mahader Hassan                       -115.173       2168. -1.821          0.  0.0          0.  0.0       1860. -25.0 
6434. Adel Al Shatti                       -115.206       3128. -26.441          0.  0.0          0.  0.0          0.  0.0 
6435. Sergio Cruz                        -115.35          0.  0.0       3060. -26.397          0.  0.0        459. 43.385 
6436. Adel Brahim                       -115.603       1977. 1.504          0.  0.0        990. -1.87          0.  0.0 
6437. Murad Inoyatov                       -115.853       3218. -28.509       1823. 4.237          0.  0.0       1215. -0.055 
6438. Ashok Amritraj                       -115.978       3825. -54.133        891. 38.82       1101. -6.385       1736. -23.55 
6439. Michael Burgener                       -116.102          0.  0.0        546. 57.366       1859. -65.48          0.  0.0 
6440. Damion Johnson                       -116.166        811. 42.642       3332. -35.858          0.  0.0          0.  0.0 
6441. Mustapha Dislam                       -116.339          0.  0.0       3683. -51.925          0.  0.0          0.  0.0 
6442. Paris Gemouchidis                       -116.509          0.  0.0       4038. -78.56          0.  0.0          0.  0.0 
6443. Ramayah Ramachandran                       -116.723       2196. -2.213       3703. -53.197          0.  0.0       2248. -48.665 
6444. Seyed Akbar Taheri Rahaghi                       -117.086       2353. -5.991       3652. -50.402          0.  0.0          0.  0.0 
6445. Jean Louis Haillet                       -117.166       2359. -6.254       2563. -15.676       1260. -19.367        367. 52.504 
6446. Alvin Gardiner                       -117.377       3407. -35.601       2107. -1.7       1285. -20.839       1131. 1.988 
6447. Vaja Uzakov                       -117.535       3346. -32.846       3103. -27.292          0.  0.0          0.  0.0 
6448. Elmar Gerth                       -117.684       3172. -27.269       1412. 19.682       1428. -25.0          0.  0.0 
6449. John Patrick Smith                       -117.922       4394. -155.373          0.  0.0          0.  0.0       2495. -80.419 
6450. Luis Borfiga                       -117.961       1326. 23.527       2438. -10.346          0.  0.0          0.  0.0 
6451. Ben Bishop                       -119.353          0.  0.0       2862. -24.816          0.  0.0          0.  0.0 
6452. Huang Jung Hsu                        -119.68       1915. 3.162        699. 48.509        660. 20.609          0.  0.0 
6453. Eric Drossart                        -119.79       2832. -23.204       1049. 30.78          0.  0.0          0.  0.0 
6454. Mike Prineas                       -119.911       3649. -46.965          0.  0.0          0.  0.0        955. 11.197 
6455. Hasan Ozdemir                       -119.924          0.  0.0       3682. -51.786          0.  0.0          0.  0.0 
6456. John Clifton                       -120.122       3400. -35.33       1500. 16.589          0.  0.0        402. 49.804 
6457. Anoosha Shahgholi                       -120.199        924. 36.479       2846. -24.533        620. 23.204          0.  0.0 
6458. Alexandros Jakupovic                       -120.558        230. 91.571       3155. -28.945       1878. -68.699          0.  0.0 
6459. Bruce Nichols                       -120.766       1819. 5.421       1715. 7.439       1354. -24.027       1759. -24.242 
6460. Frank Puncec                       -121.037        180. 101.539       2456. -11.063          0.  0.0          0.  0.0 
6461. Abdelhak Hameurlaine                       -121.653       2979. -25.0       4066. -81.893       1058. -4.194          0.  0.0 
6462. Joel Bailey                        -121.74       3099. -25.912       3084. -26.803        952. -0.236       1268. -1.437 
6463. Martin Cuevas                       -121.837        487. 64.377       1334. 22.418          0.  0.0          0.  0.0 
6464. Werner Eschauer                       -122.261       1725. 8.298        560. 56.489       1910. -74.643        415. 47.827 
6465. Tomas Anzari                       -122.325        199. 96.847       2360. -7.634          0.  0.0          0.  0.0 
6466. Jicham Zaatini                       -122.768       4127. -75.688       2106. -1.696       1096. -6.153       1109. 2.896 
6467. George Kalovelonis                       -122.857       4076. -70.276       3942. -70.504          0.  0.0       1935. -26.796 
6468. Timo Nieminen                       -122.962       3931. -60.804       3394. -38.778        154. 74.732          0.  0.0 
6469. David Schneider                       -123.037        157. 105.504       3092. -27.028        374. 39.945       1603. -17.445 
6470. Samer Mourad                       -123.231       2204. -2.384       2236. -4.298          0.  0.0          0.  0.0 
6471. Adam Jaya                       -124.587       4251. -90.846       2000. 0.237          0.  0.0          0.  0.0 
6472. Erling Tveit                       -125.208       3423. -36.296       3159. -29.024          0.  0.0          0.  0.0 
6473. Ahmad Rabeea Muhammad                       -125.531       2621. -15.92       1250. 24.984          0.  0.0          0.  0.0 
6474. James Mcardle                        -125.55       2283. -4.172       4257. -138.638          0.  0.0       1885. -25.096 
6475. Miecyslav Rybarczyk                       -125.955          0.  0.0       3305. -34.867          0.  0.0       1181. 0.479 
6476. Robert Casey                       -126.678          0.  0.0          0.  0.0          0.  0.0       1489. -9.84 
6477. Marcos Klensch                        -126.73          0.  0.0       2181. -3.206          0.  0.0          0.  0.0 
6478. Terry Ryan                       -126.834        650. 52.093       1379. 20.777       1892. -70.627        453. 44.585 
6479. Kenneth Tsui                       -127.519        863. 40.223          0.  0.0          0.  0.0          0.  0.0 
6480. Lionel Eli                       -128.165       2121. -1.019       2085. -1.304          0.  0.0          0.  0.0 
6481. Kian Wah Yeo                       -128.237       2393. -7.592          0.  0.0       1763. -50.0       1862. -25.0 
6482. Shehab Shehab                       -128.431       2490. -11.064          0.  0.0          0.  0.0          0.  0.0 
6483. Valentin Sanon                       -128.657       3625. -46.36       2636. -18.342        643. 21.342          0.  0.0 
6484. Weerapat Doakmaiklee                       -128.697       2607. -15.377       3607. -48.204        962. -0.885          0.  0.0 
6485. Cyril Suk                       -128.853       1107. 28.629        258. 86.234       1968. -93.321        928. 12.598 
6486. Dick Dell                       -129.064       2028. 0.481       1612. 11.116       1678. -43.501       1506. -11.286 
6487. Sergey Betov                       -129.238        402. 71.878       4271. -152.595          0.  0.0          0.  0.0 
6488. Jean Neuman                       -130.057          0.  0.0          0.  0.0          0.  0.0          0.  0.0 
6489. Martin Fischer                       -130.397       2898. -24.697       1115. 27.993          0.  0.0        339. 56.05 
6490. Randolf Scheller                       -131.164       4088. -71.843       4238. -123.812          0.  0.0          0.  0.0 
6491. Yavuz Erkangil                       -131.702        829. 41.86       1084. 29.221          0.  0.0          0.  0.0 
6492. Dan Cassidy                       -132.289        969. 33.557       1901. 2.418       1717. -46.98       2010. -29.946 
6493. Lance Lumsden                       -133.628       2747. -20.581       1321. 22.986       1508. -27.486          0.  0.0 
6494. Raoul Behr                       -133.701        819. 42.341       1919. 2.151          0.  0.0          0.  0.0 
6495. Bill Lofgren                       -133.985       2590. -14.888       1074. 29.6       1382. -25.0       2141. -40.446 
6496. Josh Goodall                       -134.196        543. 59.223          0.  0.0          0.  0.0       2011. -29.958 
6497. Daryl Delicata                        -134.58       2707. -19.181          0.  0.0          0.  0.0          0.  0.0 
6498. Nasser Ghanim Al Khulaifi                       -134.902       3210. -28.307       3226. -32.213          0.  0.0          0.  0.0 
6499. Marvin Rolle                       -135.032       2681. -18.298       3894. -66.854          0.  0.0          0.  0.0 
6500. David Macpherson                       -135.532        129. 112.595          0.  0.0       1680. -43.549       1702. -22.144 
6501. Ifthekar Sardar                       -135.901       2739. -20.264          0.  0.0          0.  0.0          0.  0.0 
6502. Jose Luis Noriega                       -135.929       1428. 20.698       2263. -4.801       1113. -7.025          0.  0.0 
6503. Jan Kallquist                       -136.153       3273. -30.348       2075. -1.077       1744. -48.217          0.  0.0 
6504. Houcine Saber                       -136.262       2150. -1.573       2260. -4.721          0.  0.0          0.  0.0 
6505. Mehdi Ziadi                       -136.352          0.  0.0       3142. -28.389          0.  0.0       2035. -32.153 
6506. Ionel Santeiu                       -136.635       3936. -61.191       2579. -16.202        735. 13.374       2143. -40.539 
6507. Sultan Aman Azman                       -137.454          0.  0.0          0.  0.0          0.  0.0          0.  0.0 
6508. Mathias Werren                       -137.527          0.  0.0        117. 110.712          0.  0.0       1346. -3.439 
6509. Jayendra Wijeyesekera                       -137.685       2485. -10.886       2555. -15.345          0.  0.0       2263. -50.0 
6510. Yu Zhang                       -138.131       3409. -35.665          0.  0.0       1419. -25.0        243. 69.302 
6511. Fernando Maynetto                        -138.75       2643. -16.707       1421. 19.365        296. 49.038        285. 62.256 
6512. Mike Amoah                       -140.733       3635. -46.624       2297. -5.809          0.  0.0          0.  0.0 
6513. Peter Ledbetter                       -141.009       2864. -23.812       2258. -4.682          0.  0.0        599. 30.445 
6514. Elwyn Mccabe                       -141.497       2217. -2.616       1828. 4.141          0.  0.0       1711. -22.401 
6515. Roy Barth                       -141.757       3369. -33.777        696. 48.725       1141. -9.046        627. 28.454 
6516. Tony Parun                       -141.869       2848. -23.438        976. 34.172          0.  0.0        823. 19.884 
6517. John Trickey                       -142.193       4035. -67.279          0.  0.0          0.  0.0       1772. -24.755 
6518. Alfredo Vaz Pinto                       -142.276          0.  0.0       1588. 12.051          0.  0.0          0.  0.0 
6519. Spencer Segura                       -142.509       2680. -18.284        637. 51.732         50. 116.192       1351. -3.738 
6520. Kenneth McMillan                       -142.701       1907. 3.294       3669. -51.026       1590. -34.814       1496. -10.611 
6521. Ota Fukarek                       -142.807       2890. -24.455       2038. -0.344          0.  0.0        999. 8.639 
6522. Eduardo Zuleta                       -143.155          0.  0.0        264. 85.343          0.  0.0        549. 34.645 
6523. Bertrand Lacombe                       -143.399        385. 73.175       3944. -70.565          0.  0.0          0.  0.0 
6524. Woody Blocher                       -145.479       3442. -37.686       3689. -52.159        780. 9.697       2171. -42.98 
6525. Jean Nabi                       -145.498       3702. -48.54       1995. 0.32       1364. -24.743          0.  0.0 
6526. Helmar Stiegler                       -145.769       2410. -7.893       3505. -44.587       1282. -20.771          0.  0.0 
6527. Kevin Menton                        -146.27       2209. -2.489       3172. -29.542          0.  0.0       1583. -16.187 
6528. Mike Kreiss                       -146.278       3759. -50.729        250. 87.964          0.  0.0        919. 13.17 
6529. Compton Russell                       -147.295       3138. -26.564       1965. 1.083       1231. -17.771       1271. -1.54 
6530. Pancho Guzman                       -148.637       2137. -1.417       3425. -40.22       1371. -25.0       2072. -34.87 
6531. Petr Luxa                       -149.018        992. 32.515        840. 41.614       1635. -38.894       1486. -9.789 
6532. Ruben Alvarenga                        -149.41       2115. -0.865       1760. 6.179          0.  0.0          0.  0.0 
6533. Sergei Likhachev                       -149.624          0.  0.0       2344. -7.024          0.  0.0       2123. -38.983 
6534. Lenny Schloss                       -149.781        155. 106.001       3368. -37.862       1031. -3.463       2014. -30.14 
6535. Patricio Rodriguez Chi                       -149.927          0.  0.0        550. 57.191       1380. -25.0        111. 96.75 
6536. Scott Humphries                       -150.327       1323. 23.706       1165. 26.291          0.  0.0       1647. -19.76 
6537. Kuen Yiep Ho                       -150.577       4268. -93.953       4077. -83.787          0.  0.0          0.  0.0 
6538. Gustavo Stapf                       -151.262          0.  0.0       2281. -5.355          0.  0.0          0.  0.0 
6539. Genius Chidzikwe                       -151.474       1745. 7.883       2327. -6.575          0.  0.0          0.  0.0 
6540. Yasir Khan                       -153.401       2914. -24.989       1514. 15.947          0.  0.0          0.  0.0 
6541. Eric Prodon                       -153.973        495. 63.716        562. 56.395          0.  0.0          0.  0.0 
6542. Juan Sebastian Langton                       -154.924       4041. -67.597       3281. -33.894       1446. -25.0          0.  0.0 
6543. Emad Abou Hamdeh                       -155.645       4129. -75.94          0.  0.0          0.  0.0          0.  0.0 
6544. Thierno Ly                       -155.837        641. 52.397       1777. 5.513          0.  0.0          0.  0.0 
6545. Seanon Williams                       -156.694       3567. -44.184       3813. -60.386          0.  0.0          0.  0.0 
6546. Ganiyu Adenekan                       -156.786       3823. -53.867       2194. -3.415          0.  0.0          0.  0.0 
6547. Kiyoshi Tanabe                       -156.875       4161. -78.689       4009. -75.603        222. 61.077        804. 20.847 
6548. Tito Vazquez                       -157.573       1931. 2.526       2169. -2.799        328. 45.817       2031. -31.801 
6549. Photos Kallias                       -158.105       4222. -86.136       1846. 3.619         38. 121.65          0.  0.0 
6550. John Paish                       -158.209       1779. 6.526       1200. 25.214       1236. -18.306       1740. -23.669 
6551. Karl Hale                       -158.734       2467. -10.042       1347. 21.989       1088. -5.916          0.  0.0 
6552. Haithem Abid                         -159.3       2274. -3.827       3380. -38.318          0.  0.0          0.  0.0 
6553. Jose Castanon                       -159.621          0.  0.0       2794. -22.962          0.  0.0        749. 23.392 
6554. Larry Scott                       -160.415       4371. -128.315       2283. -5.406       1399. -25.0        470. 42.22 
6555. Felix Ponte                       -161.939       1112. 28.54       1322. 22.961        395. 36.813        524. 37.215 
6556. Sultan Khalfan                       -163.436       3124. -26.392        306. 79.805          0.  0.0          0.  0.0 
6557. Aymen Ibrahim Al Ashwak                       -165.657       2568. -14.12          0.  0.0          0.  0.0          0.  0.0 
6558. John Fort                       -168.034        660. 51.682       2340. -6.927        813. 6.763        731. 24.213 
6559. John Bartlett                       -169.183       4034. -67.215       3628. -49.053       1320. -22.692       1180. 0.559 
6560. Jim Mcmanus                       -172.311       2237. -3.29       2329. -6.691        123. 81.413       2512. -84.272 
6561. John Feaver                       -173.682        647. 52.272       3745. -55.96        172. 70.919       2529. -87.419 
6562. Christophe Bosio                        -174.43          0.  0.0       3225. -32.132       1496. -26.796          0.  0.0 
6563. Alberto Emmanuel Alvarado Larin                       -174.961       3276. -30.387        902. 38.161          0.  0.0          0.  0.0 
6564. Carlos Gattiker                       -178.418       2516. -12.031       2451. -10.888        909. 1.671       2390. -64.044 
6565. Jorge Andrew                       -179.529       2698. -18.667        924. 36.812        125. 81.031        378. 51.663 
6566. Cyril Jacobe                       -182.954       2332. -5.515        606. 53.637          0.  0.0          0.  0.0 
6567. Franklin Robbins                       -183.117       1909. 3.256        991. 33.365        916. 1.234       1841. -25.0 
6568. Yassine Amier                       -183.979       2325. -5.272       3565. -47.045          0.  0.0          0.  0.0 
6569. Greg Braun                       -190.436       1094. 29.114       3164. -29.204          0.  0.0       2471. -76.483 
6570. Robert Rheinberger                       -205.499        965. 33.79       1374. 20.883          0.  0.0       1563. -14.572 
6571. Nicolas Kelaidis                       -211.629        547. 58.873        450. 65.901       1803. -55.633       1952. -27.387 
6572. Andrian Raturandang                       -212.023       3118. -26.304       1086. 29.017       1173. -12.695          0.  0.0 
6573. Karim Alayli                       -220.583       3214. -28.441       2767. -22.178          0.  0.0          0.  0.0 
6574. Abou Berthe                       -224.196       2317. -5.113       2154. -2.403        639. 21.768          0.  0.0 
6575. Gordon Asciak                        -228.44       3734. -49.798       1979. 0.583       1034. -3.516          0.  0.0 
6576. Yannos Hadjigeorgiou                       -231.875          0.  0.0       3245. -32.72       1106. -6.673          0.  0.0 
6577. Alkis Papamichael                       -254.294       2099. -0.586       1598. 11.683       1105. -6.673          0.  0.0 
6578. Leo Rolle                        -262.42       3716. -48.992       2748. -21.71        657. 20.714       1397. -5.558 
6579. U Unknown                       -410.638       2872. -23.948        144. 104.855        670. 20.08        129. 92.395 
